FraudFound,AccidentArea,Age,VehiclePrice,PastNumberOfClaims,Fault
No,Urban,21,"more than 69,000",none,Policy Holder
No,Urban,34,"more than 69,000",none,Policy Holder
No,Urban,47,"more than 69,000",1,Policy Holder
No,Rural,65,"20,000 to 29,000",1,Third Party
No,Urban,27,"more than 69,000",none,Third Party
No,Urban,20,"more than 69,000",none,Third Party
No,Urban,36,"more than 69,000",1,Third Party
No,Urban,0,"more than 69,000",1,Policy Holder
No,Urban,30,"more than 69,000",none,Policy Holder
No,Urban,42,"more than 69,000",2 to 4,Policy Holder
No,Urban,71,"more than 69,000",none,Policy Holder
No,Urban,52,"20,000 to 29,000",2 to 4,Policy Holder
No,Urban,28,"more than 69,000",1,Policy Holder
No,Rural,0,"more than 69,000",none,Third Party
No,Urban,61,"more than 69,000",none,Policy Holder
No,Urban,38,"more than 69,000",none,Policy Holder
No,Urban,41,"more than 69,000",none,Policy Holder
No,Urban,28,"20,000 to 29,000",none,Third Party
No,Urban,32,"20,000 to 29,000",1,Policy Holder
No,Urban,30,"more than 69,000",2 to 4,Third Party
No,Urban,40,"20,000 to 29,000",1,Policy Holder
No,Urban,47,"20,000 to 29,000",1,Policy Holder
No,Urban,63,"20,000 to 29,000",1,Policy Holder
No,Urban,31,"30,000 to 39,000",none,Third Party
No,Urban,45,"more than 69,000",more than 4,Policy Holder
No,Urban,60,"20,000 to 29,000",more than 4,Policy Holder
No,Urban,21,"30,000 to 39,000",more than 4,Policy Holder
No,Urban,42,"30,000 to 39,000",2 to 4,Policy Holder
Yes,Urban,0,"more than 69,000",none,Policy Holder
No,Urban,39,"20,000 to 29,000",none,Policy Holder
No,Urban,47,"30,000 to 39,000",2 to 4,Policy Holder
No,Urban,0,"more than 69,000",1,Policy Holder
No,Urban,42,"20,000 to 29,000",more than 4,Policy Holder
No,Urban,30,"20,000 to 29,000",none,Third Party
No,Urban,42,"more than 69,000",2 to 4,Policy Holder
No,Urban,34,"20,000 to 29,000",2 to 4,Third Party
No,Urban,30,"20,000 to 29,000",none,Third Party
No,Urban,27,"30,000 to 39,000",none,Policy Holder
No,Urban,55,"more than 69,000",none,Policy Holder
No,Urban,35,"20,000 to 29,000",none,Policy Holder
No,Urban,35,"20,000 to 29,000",2 to 4,Policy Holder
No,Urban,44,"20,000 to 29,000",2 to 4,Policy Holder
No,Urban,42,"20,000 to 29,000",none,Policy Holder
No,Urban,41,"20,000 to 29,000",2 to 4,Policy Holder
No,Urban,72,"20,000 to 29,000",none,Third Party
No,Urban,29,"less than 20,000",2 to 4,Third Party
No,Urban,32,"30,000 to 39,000",none,Third Party
No,Urban,37,"30,000 to 39,000",2 to 4,Policy Holder
No,Urban,37,"more than 69,000",2 to 4,Policy Holder
No,Urban,59,"20,000 to 29,000",more than 4,Policy Holder
No,Urban,49,"30,000 to 39,000",more than 4,Policy Holder
No,Urban,27,"20,000 to 29,000",2 to 4,Policy Holder
Yes,Rural,21,"more than 69,000",none,Policy Holder
Yes,Urban,50,"20,000 to 29,000",none,Policy Holder
No,Urban,45,"30,000 to 39,000",1,Policy Holder
No,Urban,49,"20,000 to 29,000",none,Third Party
No,Urban,30,"20,000 to 29,000",2 to 4,Policy Holder
No,Urban,37,"more than 69,000",2 to 4,Policy Holder
No,Rural,0,"more than 69,000",none,Policy Holder
No,Urban,27,"20,000 to 29,000",none,Policy Holder
No,Urban,30,"30,000 to 39,000",none,Policy Holder
No,Urban,49,"40,000 to 59,000",none,Policy Holder
No,Urban,0,"more than 69,000",2 to 4,Third Party
No,Urban,26,"20,000 to 29,000",2 to 4,Policy Holder
No,Urban,48,"20,000 to 29,000",none,Policy Holder
No,Urban,31,"20,000 to 29,000",none,Policy Holder
No,Urban,40,"more than 69,000",1,Third Party
No,Urban,65,"30,000 to 39,000",2 to 4,Policy Holder
No,Urban,64,"20,000 to 29,000",1,Policy Holder
No,Urban,55,"20,000 to 29,000",2 to 4,Policy Holder
No,Urban,44,"20,000 to 29,000",2 to 4,Policy Holder
No,Urban,27,"20,000 to 29,000",1,Policy Holder
No,Urban,28,"20,000 to 29,000",1,Third Party
No,Urban,47,"20,000 to 29,000",1,Third Party
No,Urban,60,"more than 69,000",more than 4,Third Party
No,Urban,33,"30,000 to 39,000",more than 4,Third Party
No,Urban,27,"20,000 to 29,000",none,Third Party
No,Urban,47,"more than 69,000",none,Third Party
No,Rural,29,"30,000 to 39,000",2 to 4,Policy Holder
No,Urban,33,"30,000 to 39,000",2 to 4,Third Party
No,Urban,38,"20,000 to 29,000",2 to 4,Policy Holder
No,Urban,37,"20,000 to 29,000",1,Third Party
No,Urban,36,"more than 69,000",none,Third Party
No,Urban,44,"20,000 to 29,000",none,Policy Holder
No,Urban,0,"more than 69,000",more than 4,Policy Holder
No,Rural,27,"more than 69,000",1,Policy Holder
No,Urban,27,"20,000 to 29,000",1,Policy Holder
No,Urban,39,"20,000 to 29,000",2 to 4,Third Party
No,Urban,74,"30,000 to 39,000",none,Third Party
No,Urban,23,"20,000 to 29,000",2 to 4,Policy Holder
No,Urban,25,"more than 69,000",none,Third Party
No,Urban,38,"20,000 to 29,000",more than 4,Policy Holder
No,Urban,41,"30,000 to 39,000",2 to 4,Policy Holder
No,Urban,38,"20,000 to 29,000",2 to 4,Policy Holder
Yes,Urban,34,"more than 69,000",none,Policy Holder
No,Urban,61,"30,000 to 39,000",none,Third Party
Yes,Urban,38,"20,000 to 29,000",1,Policy Holder
No,Urban,40,"less than 20,000",1,Policy Holder
No,Urban,41,"20,000 to 29,000",2 to 4,Third Party
No,Urban,36,"20,000 to 29,000",1,Policy Holder
Yes,Urban,31,"more than 69,000",more than 4,Policy Holder
No,Urban,35,"20,000 to 29,000",1,Third Party
No,Urban,37,"more than 69,000",2 to 4,Policy Holder
No,Urban,55,"20,000 to 29,000",none,Policy Holder
No,Urban,31,"20,000 to 29,000",2 to 4,Third Party
No,Urban,28,"more than 69,000",none,Policy Holder
No,Urban,28,"20,000 to 29,000",2 to 4,Policy Holder
No,Urban,44,"20,000 to 29,000",none,Third Party
No,Urban,47,"20,000 to 29,000",1,Policy Holder
No,Urban,40,"20,000 to 29,000",none,Policy Holder
No,Urban,23,"20,000 to 29,000",2 to 4,Policy Holder
No,Urban,31,"20,000 to 29,000",2 to 4,Policy Holder
No,Urban,35,"20,000 to 29,000",none,Third Party
Yes,Rural,56,"more than 69,000",none,Policy Holder
No,Urban,50,"20,000 to 29,000",1,Third Party
No,Urban,16,"more than 69,000",2 to 4,Third Party
No,Urban,32,"30,000 to 39,000",1,Third Party
No,Urban,28,"20,000 to 29,000",2 to 4,Policy Holder
Yes,Urban,68,"20,000 to 29,000",2 to 4,Policy Holder
Yes,Rural,0,"more than 69,000",none,Policy Holder
No,Rural,0,"more than 69,000",none,Policy Holder
No,Rural,18,"more than 69,000",none,Third Party
No,Urban,30,"more than 69,000",more than 4,Policy Holder
No,Urban,51,"20,000 to 29,000",more than 4,Policy Holder
No,Urban,22,"30,000 to 39,000",none,Third Party
No,Urban,26,"20,000 to 29,000",2 to 4,Policy Holder
No,Urban,53,"30,000 to 39,000",none,Policy Holder
No,Urban,38,"30,000 to 39,000",2 to 4,Policy Holder
No,Rural,27,"30,000 to 39,000",more than 4,Third Party
No,Urban,29,"20,000 to 29,000",2 to 4,Policy Holder
No,Urban,32,"20,000 to 29,000",more than 4,Policy Holder
No,Urban,18,"20,000 to 29,000",none,Third Party
No,Urban,60,"20,000 to 29,000",2 to 4,Third Party
No,Urban,53,"more than 69,000",none,Policy Holder
No,Urban,29,"20,000 to 29,000",1,Policy Holder
No,Urban,29,"20,000 to 29,000",1,Policy Holder
No,Urban,41,"20,000 to 29,000",1,Third Party
No,Urban,29,"20,000 to 29,000",none,Policy Holder
No,Urban,42,"20,000 to 29,000",more than 4,Policy Holder
No,Urban,34,"less than 20,000",none,Policy Holder
No,Urban,51,"more than 69,000",1,Policy Holder
No,Urban,32,"20,000 to 29,000",1,Policy Holder
No,Urban,52,"20,000 to 29,000",none,Policy Holder
No,Urban,61,"20,000 to 29,000",2 to 4,Policy Holder
No,Rural,25,"20,000 to 29,000",2 to 4,Third Party
No,Urban,41,"30,000 to 39,000",none,Policy Holder
No,Urban,33,"30,000 to 39,000",none,Third Party
Yes,Rural,39,"30,000 to 39,000",none,Policy Holder
No,Urban,30,"30,000 to 39,000",none,Policy Holder
No,Urban,50,"20,000 to 29,000",none,Policy Holder
No,Urban,31,"20,000 to 29,000",2 to 4,Third Party
No,Urban,23,"30,000 to 39,000",more than 4,Policy Holder
No,Urban,31,"30,000 to 39,000",1,Third Party
No,Urban,50,"20,000 to 29,000",2 to 4,Third Party
No,Urban,33,"20,000 to 29,000",2 to 4,Third Party
No,Urban,30,"30,000 to 39,000",more than 4,Policy Holder
No,Urban,44,"40,000 to 59,000",more than 4,Policy Holder
No,Urban,46,"more than 69,000",1,Policy Holder
No,Urban,31,"20,000 to 29,000",2 to 4,Policy Holder
No,Urban,48,"20,000 to 29,000",2 to 4,Policy Holder
Yes,Urban,33,"more than 69,000",none,Policy Holder
No,Urban,0,"more than 69,000",2 to 4,Policy Holder
No,Urban,37,"more than 69,000",1,Third Party
No,Urban,43,"less than 20,000",none,Third Party
No,Urban,32,"30,000 to 39,000",more than 4,Third Party
No,Urban,57,"20,000 to 29,000",2 to 4,Policy Holder
No,Urban,65,"20,000 to 29,000",1,Third Party
No,Urban,27,"20,000 to 29,000",none,Policy Holder
No,Rural,42,"more than 69,000",2 to 4,Policy Holder
No,Urban,57,"20,000 to 29,000",2 to 4,Policy Holder
No,Urban,32,"20,000 to 29,000",none,Policy Holder
No,Urban,29,"20,000 to 29,000",2 to 4,Policy Holder
No,Urban,36,"30,000 to 39,000",none,Policy Holder
No,Urban,28,"30,000 to 39,000",2 to 4,Policy Holder
No,Urban,32,"less than 20,000",1,Policy Holder
No,Urban,33,"20,000 to 29,000",none,Policy Holder
No,Urban,37,"30,000 to 39,000",2 to 4,Policy Holder
No,Urban,26,"20,000 to 29,000",more than 4,Policy Holder
No,Urban,53,"20,000 to 29,000",1,Policy Holder
No,Rural,53,"20,000 to 29,000",1,Third Party
No,Urban,74,"less than 20,000",2 to 4,Policy Holder
No,Urban,50,"20,000 to 29,000",1,Policy Holder
No,Urban,27,"20,000 to 29,000",none,Third Party
No,Urban,48,"20,000 to 29,000",more than 4,Third Party
No,Urban,55,"20,000 to 29,000",none,Third Party
No,Urban,48,"20,000 to 29,000",none,Policy Holder
No,Urban,0,"more than 69,000",2 to 4,Third Party
No,Urban,54,"20,000 to 29,000",1,Third Party
No,Urban,36,"30,000 to 39,000",more than 4,Policy Holder
Yes,Urban,43,"30,000 to 39,000",2 to 4,Policy Holder
No,Urban,41,"30,000 to 39,000",none,Policy Holder
No,Urban,48,"20,000 to 29,000",2 to 4,Policy Holder
Yes,Urban,26,"more than 69,000",none,Policy Holder
No,Urban,43,"20,000 to 29,000",none,Policy Holder
Yes,Urban,39,"more than 69,000",none,Policy Holder
No,Urban,49,"30,000 to 39,000",1,Third Party
No,Urban,37,"30,000 to 39,000",2 to 4,Third Party
No,Urban,36,"20,000 to 29,000",2 to 4,Third Party
No,Urban,52,"20,000 to 29,000",2 to 4,Policy Holder
No,Urban,29,"less than 20,000",none,Third Party
No,Urban,38,"20,000 to 29,000",none,Third Party
No,Urban,34,"20,000 to 29,000",1,Policy Holder
No,Rural,0,"more than 69,000",2 to 4,Policy Holder
No,Rural,41,"30,000 to 39,000",none,Policy Holder
Yes,Urban,41,"less than 20,000",2 to 4,Third Party
No,Urban,64,"20,000 to 29,000",1,Policy Holder
Yes,Urban,27,"more than 69,000",2 to 4,Policy Holder
No,Urban,25,"more than 69,000",2 to 4,Policy Holder
No,Urban,21,"20,000 to 29,000",1,Third Party
No,Rural,31,"less than 20,000",none,Third Party
No,Urban,39,"20,000 to 29,000",none,Policy Holder
No,Rural,37,"less than 20,000",none,Third Party
No,Urban,41,"20,000 to 29,000",more than 4,Policy Holder
No,Urban,37,"20,000 to 29,000",none,Policy Holder
No,Rural,28,"30,000 to 39,000",2 to 4,Policy Holder
No,Urban,57,"20,000 to 29,000",none,Policy Holder
No,Urban,61,"20,000 to 29,000",none,Policy Holder
No,Urban,69,"20,000 to 29,000",more than 4,Policy Holder
No,Urban,67,"20,000 to 29,000",1,Policy Holder
No,Urban,52,"more than 69,000",1,Policy Holder
No,Urban,23,"20,000 to 29,000",2 to 4,Policy Holder
No,Urban,38,"less than 20,000",more than 4,Policy Holder
No,Urban,32,"20,000 to 29,000",2 to 4,Third Party
No,Urban,26,"20,000 to 29,000",more than 4,Policy Holder
No,Urban,57,"20,000 to 29,000",2 to 4,Policy Holder
No,Urban,29,"more than 69,000",2 to 4,Policy Holder
No,Urban,26,"30,000 to 39,000",none,Third Party
No,Urban,30,"more than 69,000",2 to 4,Policy Holder
Yes,Rural,41,"20,000 to 29,000",1,Policy Holder
No,Urban,65,"more than 69,000",more than 4,Policy Holder
No,Urban,33,"20,000 to 29,000",none,Policy Holder
No,Urban,44,"20,000 to 29,000",2 to 4,Policy Holder
Yes,Urban,26,"20,000 to 29,000",2 to 4,Policy Holder
No,Urban,32,"more than 69,000",none,Third Party
No,Urban,29,"less than 20,000",none,Policy Holder
Yes,Urban,26,"20,000 to 29,000",none,Policy Holder
No,Rural,37,"20,000 to 29,000",2 to 4,Policy Holder
No,Urban,33,"20,000 to 29,000",1,Policy Holder
No,Urban,54,"20,000 to 29,000",none,Policy Holder
No,Urban,26,"30,000 to 39,000",more than 4,Policy Holder
No,Urban,32,"20,000 to 29,000",2 to 4,Policy Holder
No,Urban,25,"20,000 to 29,000",2 to 4,Policy Holder
No,Urban,23,"20,000 to 29,000",more than 4,Policy Holder
No,Urban,0,"more than 69,000",none,Policy Holder
No,Urban,31,"less than 20,000",1,Third Party
No,Urban,0,"more than 69,000",none,Third Party
No,Urban,42,"less than 20,000",1,Policy Holder
No,Rural,42,"30,000 to 39,000",2 to 4,Policy Holder
No,Urban,32,"20,000 to 29,000",1,Policy Holder
No,Urban,51,"20,000 to 29,000",2 to 4,Policy Holder
No,Urban,19,"more than 69,000",2 to 4,Third Party
No,Urban,26,"20,000 to 29,000",2 to 4,Policy Holder
No,Urban,29,"20,000 to 29,000",1,Policy Holder
No,Urban,29,"30,000 to 39,000",2 to 4,Policy Holder
No,Urban,29,"more than 69,000",2 to 4,Third Party
No,Urban,44,"20,000 to 29,000",1,Policy Holder
No,Urban,49,"more than 69,000",1,Policy Holder
No,Urban,47,"20,000 to 29,000",2 to 4,Policy Holder
No,Urban,50,"20,000 to 29,000",1,Policy Holder
No,Urban,50,"30,000 to 39,000",2 to 4,Policy Holder
No,Urban,44,"20,000 to 29,000",none,Policy Holder
No,Urban,42,"20,000 to 29,000",none,Third Party
No,Urban,49,"30,000 to 39,000",1,Policy Holder
No,Urban,34,"20,000 to 29,000",2 to 4,Third Party
No,Urban,51,"20,000 to 29,000",1,Policy Holder
No,Urban,26,"more than 69,000",1,Third Party
No,Urban,39,"20,000 to 29,000",2 to 4,Policy Holder
No,Urban,30,"more than 69,000",1,Third Party
No,Urban,0,"more than 69,000",1,Policy Holder
No,Urban,47,"20,000 to 29,000",1,Policy Holder
No,Urban,33,"20,000 to 29,000",2 to 4,Policy Holder
No,Urban,31,"20,000 to 29,000",none,Policy Holder
No,Rural,50,"20,000 to 29,000",none,Policy Holder
No,Urban,78,"20,000 to 29,000",1,Policy Holder
No,Urban,41,"30,000 to 39,000",none,Policy Holder
No,Urban,39,"more than 69,000",none,Policy Holder
No,Urban,33,"less than 20,000",1,Policy Holder
No,Urban,0,"more than 69,000",2 to 4,Policy Holder
No,Urban,48,"20,000 to 29,000",2 to 4,Policy Holder
No,Urban,0,"more than 69,000",1,Policy Holder
No,Urban,0,"more than 69,000",none,Policy Holder
No,Urban,30,"20,000 to 29,000",more than 4,Policy Holder
No,Urban,0,"more than 69,000",none,Policy Holder
No,Urban,38,"20,000 to 29,000",1,Policy Holder
No,Urban,28,"less than 20,000",1,Policy Holder
No,Urban,33,"less than 20,000",none,Policy Holder
No,Urban,38,"30,000 to 39,000",2 to 4,Policy Holder
No,Urban,0,"more than 69,000",2 to 4,Policy Holder
No,Urban,31,"30,000 to 39,000",more than 4,Policy Holder
No,Urban,36,"30,000 to 39,000",more than 4,Policy Holder
No,Urban,27,"30,000 to 39,000",none,Third Party
No,Urban,60,"less than 20,000",2 to 4,Policy Holder
No,Rural,72,"20,000 to 29,000",none,Third Party
No,Urban,44,"60,000 to 69,000",more than 4,Policy Holder
No,Urban,0,"more than 69,000",2 to 4,Policy Holder
No,Urban,77,"less than 20,000",none,Policy Holder
No,Urban,40,"20,000 to 29,000",1,Third Party
Yes,Urban,43,"40,000 to 59,000",2 to 4,Policy Holder
No,Urban,33,"30,000 to 39,000",1,Third Party
No,Urban,36,"20,000 to 29,000",1,Third Party
No,Urban,21,"20,000 to 29,000",2 to 4,Third Party
No,Urban,21,"20,000 to 29,000",2 to 4,Policy Holder
No,Urban,33,"30,000 to 39,000",2 to 4,Third Party
No,Urban,75,"more than 69,000",2 to 4,Policy Holder
No,Rural,34,"20,000 to 29,000",2 to 4,Policy Holder
No,Urban,31,"more than 69,000",2 to 4,Policy Holder
No,Urban,31,"20,000 to 29,000",2 to 4,Policy Holder
No,Rural,47,"20,000 to 29,000",more than 4,Policy Holder
Yes,Rural,46,"less than 20,000",none,Policy Holder
Yes,Urban,0,"more than 69,000",1,Policy Holder
No,Urban,35,"20,000 to 29,000",2 to 4,Policy Holder
No,Urban,31,"20,000 to 29,000",none,Policy Holder
No,Urban,33,"20,000 to 29,000",more than 4,Policy Holder
No,Urban,35,"30,000 to 39,000",none,Policy Holder
No,Rural,45,"20,000 to 29,000",1,Third Party
Yes,Urban,0,"more than 69,000",1,Policy Holder
No,Urban,50,"more than 69,000",none,Policy Holder
Yes,Urban,0,"more than 69,000",1,Policy Holder
No,Urban,42,"20,000 to 29,000",none,Policy Holder
No,Urban,32,"20,000 to 29,000",2 to 4,Policy Holder
No,Urban,49,"more than 69,000",more than 4,Third Party
No,Urban,53,"20,000 to 29,000",none,Policy Holder
No,Urban,32,"20,000 to 29,000",none,Policy Holder
No,Urban,52,"20,000 to 29,000",none,Policy Holder
No,Urban,41,"20,000 to 29,000",2 to 4,Third Party
No,Urban,36,"30,000 to 39,000",2 to 4,Policy Holder
No,Rural,46,"30,000 to 39,000",none,Policy Holder
No,Urban,32,"30,000 to 39,000",more than 4,Third Party
No,Urban,32,"30,000 to 39,000",2 to 4,Policy Holder
No,Urban,31,"20,000 to 29,000",1,Third Party
No,Urban,43,"30,000 to 39,000",2 to 4,Policy Holder
No,Urban,30,"20,000 to 29,000",2 to 4,Policy Holder
No,Urban,60,"20,000 to 29,000",2 to 4,Policy Holder
No,Urban,55,"more than 69,000",none,Policy Holder
No,Urban,27,"30,000 to 39,000",more than 4,Policy Holder
No,Urban,29,"20,000 to 29,000",none,Policy Holder
No,Urban,25,"more than 69,000",none,Policy Holder
No,Urban,38,"more than 69,000",none,Policy Holder
No,Urban,26,"30,000 to 39,000",none,Policy Holder
No,Urban,56,"less than 20,000",1,Policy Holder
No,Urban,47,"more than 69,000",2 to 4,Third Party
No,Urban,29,"30,000 to 39,000",none,Policy Holder
No,Urban,31,"20,000 to 29,000",1,Policy Holder
No,Urban,46,"20,000 to 29,000",2 to 4,Third Party
No,Urban,60,"20,000 to 29,000",1,Policy Holder
No,Urban,30,"20,000 to 29,000",1,Policy Holder
No,Rural,51,"40,000 to 59,000",1,Policy Holder
No,Rural,80,"30,000 to 39,000",none,Policy Holder
No,Urban,0,"more than 69,000",1,Policy Holder
No,Urban,52,"more than 69,000",1,Policy Holder
No,Urban,36,"20,000 to 29,000",2 to 4,Policy Holder
No,Urban,67,"20,000 to 29,000",2 to 4,Third Party
No,Urban,58,"20,000 to 29,000",2 to 4,Policy Holder
No,Urban,31,"20,000 to 29,000",1,Policy Holder
No,Urban,50,"20,000 to 29,000",2 to 4,Third Party
No,Urban,50,"30,000 to 39,000",1,Third Party
No,Urban,55,"20,000 to 29,000",none,Policy Holder
No,Rural,36,"less than 20,000",1,Policy Holder
No,Urban,31,"more than 69,000",none,Policy Holder
No,Urban,23,"20,000 to 29,000",1,Policy Holder
No,Urban,34,"20,000 to 29,000",none,Third Party
No,Urban,30,"30,000 to 39,000",none,Policy Holder
No,Rural,45,"20,000 to 29,000",2 to 4,Third Party
No,Urban,37,"more than 69,000",2 to 4,Policy Holder
No,Urban,35,"more than 69,000",none,Third Party
No,Urban,30,"more than 69,000",2 to 4,Policy Holder
Yes,Urban,50,"20,000 to 29,000",none,Policy Holder
No,Urban,47,"20,000 to 29,000",1,Third Party
No,Urban,26,"less than 20,000",none,Third Party
No,Urban,59,"20,000 to 29,000",1,Policy Holder
No,Urban,26,"30,000 to 39,000",2 to 4,Policy Holder
No,Urban,51,"20,000 to 29,000",2 to 4,Policy Holder
No,Rural,42,"30,000 to 39,000",none,Policy Holder
No,Urban,37,"20,000 to 29,000",1,Third Party
No,Urban,31,"more than 69,000",none,Policy Holder
No,Urban,31,"20,000 to 29,000",none,Policy Holder
No,Urban,35,"20,000 to 29,000",none,Policy Holder
No,Urban,28,"20,000 to 29,000",2 to 4,Policy Holder
No,Urban,26,"40,000 to 59,000",2 to 4,Policy Holder
No,Urban,31,"30,000 to 39,000",1,Policy Holder
Yes,Urban,61,"40,000 to 59,000",2 to 4,Policy Holder
No,Urban,35,"20,000 to 29,000",2 to 4,Third Party
No,Urban,31,"20,000 to 29,000",2 to 4,Policy Holder
No,Urban,69,"60,000 to 69,000",none,Third Party
No,Urban,40,"less than 20,000",none,Policy Holder
Yes,Urban,28,"more than 69,000",none,Policy Holder
No,Urban,44,"60,000 to 69,000",1,Third Party
No,Urban,77,"more than 69,000",none,Policy Holder
No,Urban,0,"more than 69,000",2 to 4,Policy Holder
No,Urban,29,"30,000 to 39,000",2 to 4,Policy Holder
No,Urban,53,"60,000 to 69,000",2 to 4,Third Party
No,Rural,29,"20,000 to 29,000",2 to 4,Third Party
No,Urban,25,"20,000 to 29,000",none,Policy Holder
No,Urban,22,"20,000 to 29,000",2 to 4,Third Party
No,Urban,28,"20,000 to 29,000",1,Policy Holder
No,Urban,22,"20,000 to 29,000",1,Third Party
No,Urban,34,"20,000 to 29,000",2 to 4,Third Party
No,Urban,30,"20,000 to 29,000",none,Policy Holder
No,Urban,59,"20,000 to 29,000",1,Third Party
No,Urban,46,"20,000 to 29,000",more than 4,Policy Holder
No,Urban,39,"40,000 to 59,000",none,Policy Holder
No,Urban,34,"30,000 to 39,000",more than 4,Policy Holder
No,Urban,52,"more than 69,000",none,Third Party
No,Rural,47,"20,000 to 29,000",none,Policy Holder
No,Urban,26,"30,000 to 39,000",none,Policy Holder
Yes,Urban,54,"more than 69,000",more than 4,Policy Holder
No,Urban,32,"more than 69,000",more than 4,Policy Holder
No,Urban,28,"20,000 to 29,000",more than 4,Policy Holder
Yes,Urban,29,"30,000 to 39,000",2 to 4,Third Party
No,Urban,27,"20,000 to 29,000",2 to 4,Policy Holder
No,Urban,36,"20,000 to 29,000",more than 4,Policy Holder
No,Rural,49,"more than 69,000",1,Policy Holder
No,Urban,33,"less than 20,000",none,Policy Holder
No,Urban,60,"20,000 to 29,000",none,Policy Holder
No,Urban,34,"20,000 to 29,000",1,Third Party
No,Urban,32,"20,000 to 29,000",2 to 4,Policy Holder
No,Urban,45,"more than 69,000",1,Third Party
No,Urban,46,"40,000 to 59,000",2 to 4,Policy Holder
No,Urban,38,"20,000 to 29,000",1,Policy Holder
No,Urban,33,"20,000 to 29,000",2 to 4,Policy Holder
No,Urban,44,"20,000 to 29,000",none,Policy Holder
No,Urban,80,"more than 69,000",1,Policy Holder
No,Urban,44,"20,000 to 29,000",1,Third Party
No,Urban,33,"20,000 to 29,000",2 to 4,Policy Holder
No,Urban,29,"30,000 to 39,000",1,Third Party
No,Urban,47,"30,000 to 39,000",2 to 4,Policy Holder
No,Urban,51,"less than 20,000",1,Third Party
No,Urban,43,"20,000 to 29,000",1,Policy Holder
No,Urban,29,"less than 20,000",none,Policy Holder
No,Urban,28,"20,000 to 29,000",2 to 4,Policy Holder
No,Urban,48,"20,000 to 29,000",none,Policy Holder
No,Rural,41,"more than 69,000",2 to 4,Policy Holder
No,Rural,28,"30,000 to 39,000",more than 4,Policy Holder
No,Rural,50,"20,000 to 29,000",none,Policy Holder
No,Urban,0,"more than 69,000",2 to 4,Policy Holder
No,Rural,46,"30,000 to 39,000",2 to 4,Policy Holder
No,Urban,45,"30,000 to 39,000",2 to 4,Policy Holder
No,Urban,65,"30,000 to 39,000",none,Policy Holder
No,Urban,28,"20,000 to 29,000",more than 4,Policy Holder
No,Urban,67,"20,000 to 29,000",none,Policy Holder
No,Urban,30,"20,000 to 29,000",2 to 4,Third Party
No,Urban,0,"more than 69,000",none,Third Party
No,Urban,50,"20,000 to 29,000",2 to 4,Third Party
No,Urban,29,"less than 20,000",none,Third Party
No,Urban,39,"20,000 to 29,000",none,Policy Holder
No,Urban,47,"30,000 to 39,000",2 to 4,Third Party
No,Urban,21,"20,000 to 29,000",1,Third Party
No,Urban,34,"20,000 to 29,000",more than 4,Policy Holder
No,Urban,32,"20,000 to 29,000",none,Policy Holder
Yes,Rural,31,"less than 20,000",1,Policy Holder
No,Urban,29,"20,000 to 29,000",2 to 4,Policy Holder
No,Urban,32,"20,000 to 29,000",none,Third Party
No,Urban,43,"30,000 to 39,000",more than 4,Policy Holder
No,Urban,60,"40,000 to 59,000",2 to 4,Policy Holder
No,Urban,35,"30,000 to 39,000",2 to 4,Policy Holder
No,Urban,30,"20,000 to 29,000",none,Third Party
No,Urban,42,"20,000 to 29,000",1,Policy Holder
No,Urban,38,"20,000 to 29,000",more than 4,Third Party
No,Urban,46,"20,000 to 29,000",more than 4,Policy Holder
No,Urban,28,"20,000 to 29,000",more than 4,Policy Holder
No,Urban,73,"20,000 to 29,000",none,Policy Holder
No,Urban,25,"20,000 to 29,000",none,Third Party
No,Urban,39,"40,000 to 59,000",more than 4,Policy Holder
No,Urban,47,"40,000 to 59,000",2 to 4,Policy Holder
No,Rural,25,"20,000 to 29,000",1,Third Party
No,Urban,29,"20,000 to 29,000",none,Third Party
No,Urban,37,"20,000 to 29,000",2 to 4,Policy Holder
No,Urban,52,"20,000 to 29,000",none,Policy Holder
No,Urban,26,"more than 69,000",2 to 4,Policy Holder
No,Urban,64,"less than 20,000",2 to 4,Policy Holder
No,Urban,28,"20,000 to 29,000",more than 4,Policy Holder
No,Urban,50,"20,000 to 29,000",2 to 4,Policy Holder
No,Urban,52,"more than 69,000",2 to 4,Policy Holder
No,Urban,30,"20,000 to 29,000",2 to 4,Policy Holder
No,Urban,41,"30,000 to 39,000",2 to 4,Policy Holder
No,Urban,51,"40,000 to 59,000",2 to 4,Third Party
No,Urban,22,"20,000 to 29,000",2 to 4,Third Party
No,Urban,37,"40,000 to 59,000",2 to 4,Third Party
No,Urban,57,"30,000 to 39,000",more than 4,Policy Holder
No,Urban,33,"30,000 to 39,000",2 to 4,Policy Holder
No,Rural,55,"30,000 to 39,000",2 to 4,Policy Holder
No,Urban,51,"40,000 to 59,000",1,Policy Holder
No,Urban,27,"30,000 to 39,000",none,Third Party
No,Urban,27,"30,000 to 39,000",none,Third Party
No,Urban,30,"20,000 to 29,000",none,Third Party
No,Rural,37,"40,000 to 59,000",2 to 4,Third Party
No,Urban,53,"less than 20,000",1,Policy Holder
No,Rural,23,"30,000 to 39,000",1,Policy Holder
No,Urban,0,"more than 69,000",1,Third Party
No,Urban,45,"20,000 to 29,000",none,Policy Holder
No,Urban,24,"20,000 to 29,000",2 to 4,Policy Holder
No,Urban,28,"20,000 to 29,000",none,Third Party
No,Urban,55,"20,000 to 29,000",2 to 4,Policy Holder
No,Urban,0,"more than 69,000",none,Third Party
No,Urban,32,"20,000 to 29,000",2 to 4,Policy Holder
No,Urban,21,"20,000 to 29,000",2 to 4,Third Party
No,Rural,46,"20,000 to 29,000",more than 4,Policy Holder
No,Urban,49,"30,000 to 39,000",2 to 4,Policy Holder
No,Urban,45,"less than 20,000",1,Policy Holder
No,Urban,45,"20,000 to 29,000",none,Policy Holder
No,Urban,48,"20,000 to 29,000",none,Third Party
No,Urban,43,"20,000 to 29,000",none,Policy Holder
No,Urban,35,"more than 69,000",none,Policy Holder
Yes,Rural,74,"20,000 to 29,000",none,Policy Holder
No,Urban,32,"more than 69,000",none,Third Party
No,Urban,24,"20,000 to 29,000",1,Policy Holder
No,Urban,30,"30,000 to 39,000",2 to 4,Third Party
No,Urban,42,"less than 20,000",none,Third Party
Yes,Rural,36,"less than 20,000",none,Policy Holder
No,Rural,39,"40,000 to 59,000",more than 4,Third Party
No,Urban,22,"20,000 to 29,000",more than 4,Policy Holder
No,Urban,46,"30,000 to 39,000",2 to 4,Policy Holder
No,Rural,30,"20,000 to 29,000",2 to 4,Third Party
No,Urban,58,"30,000 to 39,000",more than 4,Policy Holder
No,Urban,46,"20,000 to 29,000",more than 4,Third Party
No,Urban,71,"20,000 to 29,000",2 to 4,Policy Holder
No,Urban,42,"30,000 to 39,000",2 to 4,Policy Holder
No,Rural,52,"20,000 to 29,000",none,Policy Holder
No,Urban,53,"20,000 to 29,000",2 to 4,Policy Holder
No,Rural,58,"less than 20,000",1,Policy Holder
No,Urban,33,"less than 20,000",none,Third Party
No,Urban,0,"more than 69,000",none,Policy Holder
Yes,Urban,37,"20,000 to 29,000",2 to 4,Policy Holder
No,Urban,53,"30,000 to 39,000",1,Policy Holder
No,Urban,41,"20,000 to 29,000",none,Policy Holder
No,Urban,51,"less than 20,000",none,Policy Holder
No,Urban,41,"less than 20,000",none,Third Party
No,Urban,34,"20,000 to 29,000",1,Third Party
Yes,Rural,39,"40,000 to 59,000",1,Policy Holder
No,Urban,49,"40,000 to 59,000",more than 4,Policy Holder
No,Urban,30,"30,000 to 39,000",1,Policy Holder
No,Urban,61,"20,000 to 29,000",none,Policy Holder
No,Urban,51,"20,000 to 29,000",none,Third Party
Yes,Urban,33,"20,000 to 29,000",2 to 4,Policy Holder
No,Urban,80,"less than 20,000",1,Third Party
No,Urban,61,"20,000 to 29,000",2 to 4,Policy Holder
Yes,Urban,33,"20,000 to 29,000",none,Policy Holder
No,Urban,31,"30,000 to 39,000",none,Policy Holder
Yes,Urban,37,"20,000 to 29,000",none,Policy Holder
No,Urban,57,"20,000 to 29,000",2 to 4,Policy Holder
No,Urban,32,"20,000 to 29,000",1,Policy Holder
No,Urban,55,"30,000 to 39,000",2 to 4,Policy Holder
Yes,Urban,0,"more than 69,000",none,Policy Holder
No,Urban,38,"20,000 to 29,000",2 to 4,Policy Holder
No,Urban,49,"more than 69,000",1,Policy Holder
No,Urban,50,"20,000 to 29,000",none,Third Party
No,Urban,48,"30,000 to 39,000",2 to 4,Third Party
No,Urban,26,"less than 20,000",1,Policy Holder
No,Urban,46,"30,000 to 39,000",2 to 4,Policy Holder
No,Urban,0,"more than 69,000",none,Policy Holder
No,Urban,64,"20,000 to 29,000",none,Policy Holder
No,Rural,72,"20,000 to 29,000",2 to 4,Third Party
No,Urban,51,"more than 69,000",more than 4,Third Party
No,Rural,64,"more than 69,000",none,Policy Holder
No,Urban,47,"20,000 to 29,000",none,Policy Holder
No,Urban,26,"30,000 to 39,000",2 to 4,Policy Holder
Yes,Urban,29,"20,000 to 29,000",none,Policy Holder
No,Urban,31,"more than 69,000",none,Policy Holder
No,Urban,38,"less than 20,000",none,Policy Holder
No,Urban,42,"30,000 to 39,000",1,Third Party
No,Urban,38,"less than 20,000",none,Third Party
No,Urban,28,"less than 20,000",2 to 4,Policy Holder
No,Urban,37,"20,000 to 29,000",none,Third Party
No,Urban,29,"30,000 to 39,000",1,Policy Holder
Yes,Urban,51,"20,000 to 29,000",2 to 4,Policy Holder
No,Rural,56,"20,000 to 29,000",1,Policy Holder
No,Urban,27,"20,000 to 29,000",none,Policy Holder
No,Urban,80,"less than 20,000",none,Policy Holder
No,Urban,33,"20,000 to 29,000",none,Third Party
No,Urban,50,"20,000 to 29,000",2 to 4,Policy Holder
No,Urban,45,"20,000 to 29,000",1,Third Party
No,Urban,26,"20,000 to 29,000",none,Policy Holder
No,Urban,33,"30,000 to 39,000",none,Policy Holder
No,Rural,64,"20,000 to 29,000",1,Policy Holder
No,Urban,27,"20,000 to 29,000",1,Policy Holder
No,Urban,33,"20,000 to 29,000",none,Policy Holder
No,Urban,23,"20,000 to 29,000",none,Policy Holder
No,Urban,36,"20,000 to 29,000",none,Policy Holder
No,Rural,52,"20,000 to 29,000",1,Policy Holder
No,Urban,44,"less than 20,000",none,Third Party
No,Urban,65,"20,000 to 29,000",2 to 4,Third Party
No,Urban,45,"30,000 to 39,000",1,Third Party
No,Urban,40,"30,000 to 39,000",none,Policy Holder
No,Urban,29,"20,000 to 29,000",2 to 4,Policy Holder
No,Urban,24,"20,000 to 29,000",1,Third Party
No,Urban,50,"20,000 to 29,000",more than 4,Policy Holder
No,Urban,38,"20,000 to 29,000",1,Third Party
No,Urban,51,"30,000 to 39,000",none,Policy Holder
No,Urban,35,"20,000 to 29,000",none,Third Party
No,Urban,41,"less than 20,000",none,Policy Holder
No,Urban,28,"20,000 to 29,000",2 to 4,Third Party
No,Urban,27,"more than 69,000",none,Third Party
No,Urban,26,"20,000 to 29,000",1,Third Party
No,Urban,44,"20,000 to 29,000",none,Policy Holder
No,Urban,26,"20,000 to 29,000",none,Policy Holder
No,Urban,34,"30,000 to 39,000",2 to 4,Policy Holder
No,Urban,30,"20,000 to 29,000",1,Policy Holder
No,Urban,33,"20,000 to 29,000",1,Third Party
No,Urban,26,"20,000 to 29,000",none,Policy Holder
No,Rural,36,"20,000 to 29,000",2 to 4,Policy Holder
No,Rural,26,"20,000 to 29,000",more than 4,Policy Holder
No,Urban,30,"30,000 to 39,000",1,Policy Holder
No,Urban,46,"30,000 to 39,000",2 to 4,Third Party
No,Urban,32,"more than 69,000",none,Policy Holder
No,Urban,28,"20,000 to 29,000",1,Policy Holder
No,Urban,64,"20,000 to 29,000",1,Third Party
Yes,Urban,22,"less than 20,000",2 to 4,Policy Holder
No,Urban,35,"20,000 to 29,000",1,Policy Holder
No,Urban,33,"20,000 to 29,000",none,Third Party
No,Rural,48,"30,000 to 39,000",more than 4,Policy Holder
No,Urban,30,"30,000 to 39,000",2 to 4,Third Party
No,Rural,29,"20,000 to 29,000",1,Third Party
No,Urban,30,"20,000 to 29,000",more than 4,Policy Holder
No,Urban,0,"more than 69,000",2 to 4,Policy Holder
No,Urban,34,"30,000 to 39,000",none,Policy Holder
No,Urban,41,"30,000 to 39,000",1,Policy Holder
No,Urban,27,"20,000 to 29,000",2 to 4,Policy Holder
Yes,Urban,28,"less than 20,000",2 to 4,Policy Holder
No,Urban,45,"40,000 to 59,000",more than 4,Third Party
No,Urban,60,"more than 69,000",1,Policy Holder
No,Urban,52,"40,000 to 59,000",2 to 4,Policy Holder
No,Urban,47,"20,000 to 29,000",2 to 4,Policy Holder
No,Urban,44,"20,000 to 29,000",none,Policy Holder
No,Urban,31,"less than 20,000",none,Policy Holder
No,Rural,52,"30,000 to 39,000",2 to 4,Policy Holder
No,Urban,42,"30,000 to 39,000",none,Policy Holder
No,Urban,33,"20,000 to 29,000",2 to 4,Policy Holder
No,Urban,33,"20,000 to 29,000",more than 4,Policy Holder
No,Urban,55,"20,000 to 29,000",none,Policy Holder
No,Urban,33,"30,000 to 39,000",2 to 4,Policy Holder
No,Rural,35,"30,000 to 39,000",2 to 4,Policy Holder
No,Urban,45,"20,000 to 29,000",none,Policy Holder
No,Urban,59,"40,000 to 59,000",1,Policy Holder
No,Urban,29,"30,000 to 39,000",2 to 4,Policy Holder
No,Urban,46,"20,000 to 29,000",2 to 4,Policy Holder
No,Urban,39,"20,000 to 29,000",2 to 4,Third Party
No,Urban,35,"20,000 to 29,000",2 to 4,Policy Holder
No,Urban,24,"more than 69,000",none,Policy Holder
No,Urban,40,"more than 69,000",1,Third Party
No,Urban,45,"20,000 to 29,000",2 to 4,Policy Holder
No,Urban,76,"20,000 to 29,000",none,Third Party
No,Rural,49,"20,000 to 29,000",1,Third Party
No,Urban,31,"30,000 to 39,000",2 to 4,Third Party
No,Urban,32,"more than 69,000",1,Third Party
No,Urban,44,"20,000 to 29,000",none,Third Party
No,Rural,65,"20,000 to 29,000",1,Third Party
Yes,Urban,30,"30,000 to 39,000",2 to 4,Policy Holder
No,Urban,34,"less than 20,000",none,Policy Holder
No,Urban,55,"20,000 to 29,000",more than 4,Third Party
Yes,Rural,42,"30,000 to 39,000",2 to 4,Policy Holder
No,Rural,28,"20,000 to 29,000",1,Third Party
No,Urban,38,"30,000 to 39,000",more than 4,Policy Holder
No,Urban,26,"20,000 to 29,000",none,Policy Holder
No,Rural,43,"40,000 to 59,000",more than 4,Policy Holder
No,Urban,38,"20,000 to 29,000",more than 4,Policy Holder
No,Urban,22,"less than 20,000",1,Policy Holder
No,Urban,46,"less than 20,000",1,Policy Holder
No,Urban,43,"30,000 to 39,000",1,Policy Holder
No,Urban,39,"20,000 to 29,000",1,Third Party
No,Urban,37,"30,000 to 39,000",2 to 4,Third Party
No,Urban,0,"more than 69,000",1,Third Party
No,Urban,71,"less than 20,000",2 to 4,Third Party
No,Urban,27,"20,000 to 29,000",1,Policy Holder
Yes,Urban,35,"60,000 to 69,000",1,Third Party
No,Urban,47,"more than 69,000",1,Third Party
No,Urban,34,"20,000 to 29,000",1,Third Party
Yes,Urban,78,"30,000 to 39,000",1,Policy Holder
No,Urban,60,"20,000 to 29,000",none,Policy Holder
No,Rural,32,"20,000 to 29,000",none,Policy Holder
No,Urban,57,"20,000 to 29,000",1,Policy Holder
No,Urban,41,"30,000 to 39,000",more than 4,Policy Holder
No,Urban,34,"20,000 to 29,000",1,Policy Holder
No,Urban,31,"20,000 to 29,000",2 to 4,Third Party
No,Urban,47,"30,000 to 39,000",2 to 4,Policy Holder
No,Urban,49,"20,000 to 29,000",none,Policy Holder
No,Urban,35,"20,000 to 29,000",2 to 4,Third Party
No,Urban,28,"less than 20,000",1,Policy Holder
No,Urban,60,"20,000 to 29,000",1,Policy Holder
No,Urban,39,"30,000 to 39,000",2 to 4,Policy Holder
No,Urban,56,"20,000 to 29,000",1,Policy Holder
No,Urban,62,"40,000 to 59,000",2 to 4,Policy Holder
No,Urban,0,"more than 69,000",2 to 4,Policy Holder
No,Urban,25,"30,000 to 39,000",none,Policy Holder
No,Urban,52,"20,000 to 29,000",none,Policy Holder
No,Urban,76,"20,000 to 29,000",1,Third Party
No,Urban,77,"less than 20,000",none,Policy Holder
No,Urban,55,"more than 69,000",2 to 4,Third Party
No,Urban,31,"more than 69,000",2 to 4,Policy Holder
No,Urban,34,"20,000 to 29,000",none,Third Party
No,Urban,47,"more than 69,000",1,Third Party
No,Urban,48,"20,000 to 29,000",none,Third Party
No,Rural,45,"20,000 to 29,000",none,Policy Holder
No,Urban,26,"more than 69,000",2 to 4,Third Party
No,Urban,64,"30,000 to 39,000",1,Third Party
No,Urban,37,"20,000 to 29,000",2 to 4,Third Party
No,Urban,28,"20,000 to 29,000",none,Third Party
No,Urban,50,"30,000 to 39,000",2 to 4,Policy Holder
No,Urban,48,"20,000 to 29,000",none,Policy Holder
No,Urban,42,"20,000 to 29,000",2 to 4,Policy Holder
No,Rural,33,"20,000 to 29,000",1,Policy Holder
Yes,Rural,33,"20,000 to 29,000",1,Policy Holder
No,Urban,42,"20,000 to 29,000",2 to 4,Third Party
No,Rural,35,"less than 20,000",none,Policy Holder
No,Urban,44,"30,000 to 39,000",2 to 4,Third Party
No,Urban,34,"30,000 to 39,000",2 to 4,Policy Holder
No,Urban,47,"30,000 to 39,000",none,Third Party
No,Urban,29,"20,000 to 29,000",2 to 4,Policy Holder
No,Urban,50,"more than 69,000",none,Policy Holder
No,Urban,31,"20,000 to 29,000",1,Policy Holder
No,Urban,49,"20,000 to 29,000",2 to 4,Third Party
No,Rural,36,"20,000 to 29,000",1,Policy Holder
No,Urban,51,"30,000 to 39,000",2 to 4,Policy Holder
No,Urban,40,"20,000 to 29,000",2 to 4,Third Party
Yes,Urban,35,"20,000 to 29,000",2 to 4,Policy Holder
No,Urban,36,"30,000 to 39,000",1,Policy Holder
No,Urban,38,"20,000 to 29,000",none,Policy Holder
No,Urban,37,"20,000 to 29,000",2 to 4,Policy Holder
No,Urban,30,"30,000 to 39,000",2 to 4,Third Party
No,Urban,45,"20,000 to 29,000",1,Third Party
No,Urban,29,"30,000 to 39,000",1,Policy Holder
No,Rural,54,"60,000 to 69,000",none,Third Party
No,Urban,28,"20,000 to 29,000",more than 4,Policy Holder
No,Urban,28,"20,000 to 29,000",more than 4,Policy Holder
No,Urban,34,"20,000 to 29,000",1,Policy Holder
No,Urban,29,"20,000 to 29,000",2 to 4,Third Party
No,Urban,18,"20,000 to 29,000",none,Third Party
No,Urban,42,"more than 69,000",1,Policy Holder
No,Urban,38,"20,000 to 29,000",2 to 4,Third Party
No,Urban,44,"20,000 to 29,000",1,Policy Holder
No,Rural,37,"20,000 to 29,000",2 to 4,Policy Holder
No,Rural,36,"30,000 to 39,000",2 to 4,Policy Holder
No,Urban,45,"30,000 to 39,000",2 to 4,Policy Holder
No,Rural,39,"30,000 to 39,000",none,Third Party
No,Urban,55,"20,000 to 29,000",2 to 4,Policy Holder
No,Urban,35,"20,000 to 29,000",1,Third Party
No,Urban,33,"30,000 to 39,000",more than 4,Policy Holder
No,Urban,28,"20,000 to 29,000",2 to 4,Third Party
No,Urban,42,"more than 69,000",1,Policy Holder
No,Urban,42,"30,000 to 39,000",2 to 4,Policy Holder
No,Urban,38,"20,000 to 29,000",2 to 4,Third Party
No,Urban,28,"20,000 to 29,000",2 to 4,Policy Holder
No,Urban,47,"30,000 to 39,000",none,Third Party
No,Urban,44,"20,000 to 29,000",more than 4,Policy Holder
No,Rural,62,"20,000 to 29,000",more than 4,Policy Holder
No,Urban,57,"less than 20,000",none,Policy Holder
No,Urban,45,"more than 69,000",none,Policy Holder
No,Urban,32,"20,000 to 29,000",1,Third Party
No,Urban,49,"30,000 to 39,000",1,Third Party
No,Urban,35,"more than 69,000",2 to 4,Policy Holder
No,Rural,26,"less than 20,000",none,Policy Holder
No,Rural,36,"20,000 to 29,000",2 to 4,Policy Holder
No,Urban,16,"more than 69,000",none,Policy Holder
No,Urban,31,"20,000 to 29,000",none,Third Party
No,Urban,30,"30,000 to 39,000",none,Policy Holder
No,Urban,30,"30,000 to 39,000",2 to 4,Policy Holder
No,Urban,42,"30,000 to 39,000",1,Third Party
No,Urban,78,"less than 20,000",none,Policy Holder
Yes,Urban,33,"30,000 to 39,000",2 to 4,Policy Holder
No,Urban,40,"20,000 to 29,000",1,Policy Holder
No,Urban,36,"30,000 to 39,000",more than 4,Third Party
No,Urban,43,"20,000 to 29,000",2 to 4,Policy Holder
No,Urban,36,"more than 69,000",none,Third Party
No,Urban,41,"more than 69,000",more than 4,Policy Holder
No,Urban,36,"less than 20,000",none,Third Party
No,Rural,41,"30,000 to 39,000",1,Third Party
No,Urban,27,"20,000 to 29,000",1,Policy Holder
No,Urban,32,"less than 20,000",1,Third Party
Yes,Urban,53,"20,000 to 29,000",none,Policy Holder
No,Urban,0,"more than 69,000",none,Policy Holder
No,Urban,39,"20,000 to 29,000",2 to 4,Policy Holder
No,Urban,40,"20,000 to 29,000",2 to 4,Policy Holder
No,Urban,48,"20,000 to 29,000",2 to 4,Third Party
No,Urban,43,"20,000 to 29,000",1,Policy Holder
No,Urban,61,"20,000 to 29,000",2 to 4,Policy Holder
No,Urban,29,"more than 69,000",more than 4,Policy Holder
No,Rural,51,"more than 69,000",1,Policy Holder
No,Urban,60,"more than 69,000",2 to 4,Third Party
No,Rural,0,"more than 69,000",none,Policy Holder
No,Urban,27,"more than 69,000",more than 4,Third Party
No,Urban,32,"20,000 to 29,000",1,Policy Holder
No,Urban,27,"20,000 to 29,000",1,Policy Holder
No,Urban,43,"30,000 to 39,000",1,Policy Holder
No,Urban,35,"20,000 to 29,000",2 to 4,Policy Holder
No,Rural,45,"more than 69,000",2 to 4,Policy Holder
No,Rural,34,"30,000 to 39,000",none,Policy Holder
No,Urban,54,"30,000 to 39,000",none,Third Party
No,Urban,24,"20,000 to 29,000",more than 4,Policy Holder
No,Urban,18,"20,000 to 29,000",none,Policy Holder
No,Urban,49,"30,000 to 39,000",more than 4,Policy Holder
Yes,Urban,39,"20,000 to 29,000",none,Policy Holder
No,Urban,36,"20,000 to 29,000",1,Policy Holder
No,Urban,46,"less than 20,000",none,Policy Holder
No,Urban,37,"20,000 to 29,000",2 to 4,Policy Holder
No,Urban,32,"20,000 to 29,000",none,Third Party
No,Urban,27,"20,000 to 29,000",1,Policy Holder
No,Urban,30,"more than 69,000",2 to 4,Policy Holder
Yes,Urban,32,"20,000 to 29,000",1,Policy Holder
No,Urban,28,"20,000 to 29,000",none,Policy Holder
Yes,Urban,27,"more than 69,000",1,Policy Holder
No,Urban,43,"30,000 to 39,000",1,Third Party
No,Urban,65,"20,000 to 29,000",2 to 4,Policy Holder
No,Urban,43,"less than 20,000",none,Third Party
No,Urban,44,"20,000 to 29,000",none,Third Party
No,Urban,32,"20,000 to 29,000",2 to 4,Policy Holder
No,Urban,32,"20,000 to 29,000",1,Policy Holder
No,Urban,34,"less than 20,000",2 to 4,Policy Holder
No,Urban,29,"20,000 to 29,000",more than 4,Policy Holder
No,Urban,54,"more than 69,000",more than 4,Policy Holder
No,Rural,54,"20,000 to 29,000",more than 4,Policy Holder
No,Urban,37,"30,000 to 39,000",1,Policy Holder
No,Urban,31,"20,000 to 29,000",2 to 4,Policy Holder
No,Urban,27,"20,000 to 29,000",none,Policy Holder
No,Urban,60,"20,000 to 29,000",1,Policy Holder
Yes,Urban,43,"20,000 to 29,000",2 to 4,Policy Holder
No,Urban,55,"30,000 to 39,000",none,Third Party
No,Urban,33,"20,000 to 29,000",2 to 4,Policy Holder
No,Urban,24,"20,000 to 29,000",1,Third Party
No,Urban,40,"20,000 to 29,000",none,Policy Holder
No,Urban,44,"30,000 to 39,000",1,Policy Holder
No,Rural,45,"30,000 to 39,000",2 to 4,Third Party
No,Urban,53,"30,000 to 39,000",2 to 4,Policy Holder
No,Rural,44,"30,000 to 39,000",none,Policy Holder
No,Urban,35,"40,000 to 59,000",more than 4,Policy Holder
Yes,Urban,33,"20,000 to 29,000",none,Policy Holder
No,Urban,48,"20,000 to 29,000",2 to 4,Policy Holder
No,Urban,52,"20,000 to 29,000",1,Third Party
No,Urban,22,"more than 69,000",none,Third Party
Yes,Urban,27,"30,000 to 39,000",1,Policy Holder
No,Urban,40,"30,000 to 39,000",more than 4,Policy Holder
No,Urban,50,"20,000 to 29,000",none,Policy Holder
Yes,Urban,39,"30,000 to 39,000",more than 4,Policy Holder
No,Urban,49,"30,000 to 39,000",more than 4,Policy Holder
No,Urban,27,"20,000 to 29,000",2 to 4,Policy Holder
No,Urban,57,"30,000 to 39,000",none,Policy Holder
No,Urban,21,"20,000 to 29,000",1,Policy Holder
No,Urban,27,"less than 20,000",none,Policy Holder
No,Urban,30,"20,000 to 29,000",1,Policy Holder
No,Urban,29,"more than 69,000",none,Third Party
No,Urban,43,"30,000 to 39,000",1,Third Party
No,Urban,47,"30,000 to 39,000",2 to 4,Policy Holder
No,Rural,43,"20,000 to 29,000",2 to 4,Policy Holder
No,Urban,54,"20,000 to 29,000",none,Third Party
No,Urban,42,"20,000 to 29,000",2 to 4,Policy Holder
No,Rural,33,"30,000 to 39,000",2 to 4,Policy Holder
Yes,Urban,0,"more than 69,000",none,Policy Holder
No,Urban,32,"20,000 to 29,000",1,Policy Holder
No,Urban,43,"30,000 to 39,000",1,Policy Holder
No,Rural,48,"20,000 to 29,000",1,Third Party
Yes,Urban,65,"30,000 to 39,000",2 to 4,Policy Holder
No,Urban,63,"20,000 to 29,000",2 to 4,Policy Holder
No,Urban,31,"30,000 to 39,000",2 to 4,Policy Holder
No,Urban,35,"20,000 to 29,000",2 to 4,Policy Holder
No,Urban,54,"20,000 to 29,000",1,Third Party
No,Urban,34,"30,000 to 39,000",2 to 4,Policy Holder
No,Urban,49,"40,000 to 59,000",more than 4,Third Party
No,Rural,44,"more than 69,000",none,Policy Holder
No,Rural,28,"more than 69,000",1,Third Party
No,Urban,62,"20,000 to 29,000",more than 4,Policy Holder
No,Urban,49,"more than 69,000",2 to 4,Policy Holder
No,Urban,31,"30,000 to 39,000",1,Policy Holder
No,Urban,47,"20,000 to 29,000",1,Policy Holder
No,Rural,40,"less than 20,000",2 to 4,Policy Holder
No,Urban,34,"20,000 to 29,000",1,Policy Holder
No,Urban,38,"20,000 to 29,000",none,Policy Holder
No,Urban,31,"20,000 to 29,000",2 to 4,Policy Holder
No,Urban,33,"less than 20,000",none,Policy Holder
No,Urban,30,"20,000 to 29,000",2 to 4,Policy Holder
No,Rural,58,"30,000 to 39,000",2 to 4,Third Party
No,Urban,26,"more than 69,000",1,Third Party
No,Urban,34,"more than 69,000",none,Third Party
No,Urban,44,"20,000 to 29,000",2 to 4,Third Party
No,Urban,41,"30,000 to 39,000",2 to 4,Third Party
No,Urban,64,"30,000 to 39,000",more than 4,Policy Holder
No,Urban,45,"30,000 to 39,000",2 to 4,Policy Holder
No,Rural,31,"20,000 to 29,000",1,Third Party
No,Urban,45,"more than 69,000",2 to 4,Third Party
No,Urban,47,"30,000 to 39,000",2 to 4,Third Party
No,Urban,27,"20,000 to 29,000",2 to 4,Third Party
No,Urban,31,"20,000 to 29,000",2 to 4,Policy Holder
No,Urban,50,"30,000 to 39,000",more than 4,Policy Holder
No,Urban,32,"more than 69,000",1,Policy Holder
Yes,Urban,38,"20,000 to 29,000",1,Policy Holder
No,Urban,41,"30,000 to 39,000",1,Policy Holder
No,Urban,26,"20,000 to 29,000",2 to 4,Policy Holder
No,Rural,33,"30,000 to 39,000",more than 4,Policy Holder
No,Urban,31,"20,000 to 29,000",2 to 4,Policy Holder
No,Urban,41,"30,000 to 39,000",none,Policy Holder
No,Rural,36,"40,000 to 59,000",1,Third Party
No,Urban,39,"more than 69,000",2 to 4,Policy Holder
No,Urban,53,"30,000 to 39,000",more than 4,Policy Holder
Yes,Urban,48,"20,000 to 29,000",none,Policy Holder
No,Urban,31,"20,000 to 29,000",none,Third Party
No,Urban,51,"less than 20,000",none,Third Party
No,Urban,45,"20,000 to 29,000",none,Third Party
Yes,Rural,24,"30,000 to 39,000",2 to 4,Policy Holder
No,Urban,29,"less than 20,000",none,Third Party
No,Urban,31,"20,000 to 29,000",more than 4,Policy Holder
No,Urban,30,"20,000 to 29,000",none,Third Party
No,Urban,50,"40,000 to 59,000",2 to 4,Third Party
No,Rural,26,"20,000 to 29,000",2 to 4,Policy Holder
Yes,Rural,26,"40,000 to 59,000",none,Policy Holder
No,Urban,49,"20,000 to 29,000",2 to 4,Third Party
No,Urban,41,"20,000 to 29,000",1,Third Party
No,Urban,30,"20,000 to 29,000",more than 4,Policy Holder
No,Urban,34,"20,000 to 29,000",more than 4,Policy Holder
Yes,Urban,61,"20,000 to 29,000",2 to 4,Policy Holder
No,Urban,28,"20,000 to 29,000",more than 4,Policy Holder
No,Rural,44,"30,000 to 39,000",none,Third Party
No,Urban,43,"30,000 to 39,000",2 to 4,Policy Holder
No,Urban,41,"more than 69,000",2 to 4,Policy Holder
Yes,Urban,57,"20,000 to 29,000",2 to 4,Policy Holder
No,Urban,37,"20,000 to 29,000",2 to 4,Policy Holder
No,Urban,41,"20,000 to 29,000",2 to 4,Policy Holder
No,Urban,31,"more than 69,000",more than 4,Policy Holder
No,Urban,44,"30,000 to 39,000",more than 4,Policy Holder
No,Urban,26,"20,000 to 29,000",1,Policy Holder
No,Urban,43,"30,000 to 39,000",1,Third Party
No,Urban,0,"more than 69,000",2 to 4,Policy Holder
No,Rural,62,"20,000 to 29,000",2 to 4,Third Party
No,Urban,41,"30,000 to 39,000",2 to 4,Policy Holder
No,Urban,60,"20,000 to 29,000",2 to 4,Policy Holder
No,Urban,33,"20,000 to 29,000",1,Policy Holder
No,Urban,23,"20,000 to 29,000",1,Policy Holder
No,Urban,45,"more than 69,000",1,Third Party
No,Urban,54,"20,000 to 29,000",2 to 4,Policy Holder
No,Urban,47,"20,000 to 29,000",2 to 4,Third Party
No,Urban,30,"20,000 to 29,000",2 to 4,Third Party
No,Urban,58,"20,000 to 29,000",none,Policy Holder
No,Urban,26,"20,000 to 29,000",1,Policy Holder
No,Urban,32,"20,000 to 29,000",none,Policy Holder
No,Urban,44,"more than 69,000",2 to 4,Third Party
No,Rural,64,"less than 20,000",none,Policy Holder
No,Urban,36,"20,000 to 29,000",1,Third Party
No,Urban,64,"30,000 to 39,000",none,Third Party
No,Urban,38,"20,000 to 29,000",none,Third Party
No,Urban,34,"20,000 to 29,000",2 to 4,Third Party
Yes,Urban,35,"20,000 to 29,000",1,Policy Holder
No,Urban,28,"less than 20,000",1,Policy Holder
No,Urban,39,"20,000 to 29,000",none,Policy Holder
No,Urban,41,"20,000 to 29,000",2 to 4,Third Party
No,Urban,30,"20,000 to 29,000",more than 4,Policy Holder
No,Urban,19,"more than 69,000",none,Policy Holder
No,Urban,34,"20,000 to 29,000",more than 4,Policy Holder
No,Rural,59,"30,000 to 39,000",2 to 4,Third Party
No,Urban,50,"more than 69,000",1,Policy Holder
Yes,Rural,46,"20,000 to 29,000",2 to 4,Policy Holder
No,Urban,18,"20,000 to 29,000",more than 4,Third Party
No,Urban,64,"30,000 to 39,000",2 to 4,Policy Holder
No,Rural,46,"30,000 to 39,000",none,Third Party
Yes,Rural,27,"30,000 to 39,000",2 to 4,Policy Holder
No,Urban,42,"20,000 to 29,000",2 to 4,Policy Holder
No,Urban,43,"more than 69,000",1,Policy Holder
No,Urban,24,"20,000 to 29,000",none,Policy Holder
No,Urban,59,"20,000 to 29,000",none,Policy Holder
Yes,Urban,43,"20,000 to 29,000",1,Policy Holder
No,Urban,46,"more than 69,000",2 to 4,Third Party
No,Rural,40,"20,000 to 29,000",1,Policy Holder
No,Urban,49,"60,000 to 69,000",2 to 4,Third Party
No,Urban,31,"more than 69,000",none,Third Party
No,Urban,44,"20,000 to 29,000",none,Policy Holder
Yes,Urban,35,"20,000 to 29,000",none,Policy Holder
No,Urban,65,"20,000 to 29,000",2 to 4,Third Party
No,Urban,72,"30,000 to 39,000",1,Policy Holder
Yes,Rural,18,"more than 69,000",none,Policy Holder
No,Urban,38,"less than 20,000",1,Third Party
No,Urban,60,"20,000 to 29,000",more than 4,Third Party
No,Urban,56,"more than 69,000",1,Policy Holder
Yes,Urban,76,"less than 20,000",none,Policy Holder
No,Rural,51,"30,000 to 39,000",none,Third Party
No,Urban,57,"20,000 to 29,000",2 to 4,Third Party
No,Urban,33,"20,000 to 29,000",1,Policy Holder
No,Urban,65,"20,000 to 29,000",none,Third Party
No,Urban,30,"30,000 to 39,000",none,Policy Holder
No,Urban,43,"less than 20,000",2 to 4,Third Party
No,Urban,49,"30,000 to 39,000",more than 4,Policy Holder
No,Urban,31,"20,000 to 29,000",none,Policy Holder
No,Rural,41,"20,000 to 29,000",none,Third Party
No,Rural,53,"30,000 to 39,000",2 to 4,Policy Holder
No,Urban,43,"20,000 to 29,000",1,Policy Holder
No,Urban,39,"20,000 to 29,000",none,Policy Holder
No,Urban,63,"20,000 to 29,000",none,Policy Holder
No,Rural,44,"30,000 to 39,000",none,Policy Holder
No,Urban,38,"30,000 to 39,000",none,Policy Holder
No,Rural,49,"30,000 to 39,000",none,Policy Holder
No,Urban,29,"more than 69,000",none,Third Party
No,Urban,26,"30,000 to 39,000",more than 4,Policy Holder
No,Urban,40,"20,000 to 29,000",none,Policy Holder
No,Urban,33,"30,000 to 39,000",2 to 4,Policy Holder
No,Urban,63,"less than 20,000",more than 4,Third Party
No,Urban,39,"30,000 to 39,000",1,Policy Holder
No,Urban,43,"30,000 to 39,000",none,Policy Holder
No,Urban,47,"20,000 to 29,000",2 to 4,Policy Holder
No,Urban,30,"20,000 to 29,000",none,Third Party
No,Urban,0,"more than 69,000",2 to 4,Policy Holder
No,Urban,40,"30,000 to 39,000",1,Third Party
No,Urban,58,"more than 69,000",1,Policy Holder
No,Urban,25,"20,000 to 29,000",1,Policy Holder
No,Urban,35,"20,000 to 29,000",2 to 4,Policy Holder
Yes,Rural,31,"20,000 to 29,000",none,Policy Holder
No,Urban,38,"20,000 to 29,000",2 to 4,Policy Holder
No,Urban,37,"20,000 to 29,000",1,Policy Holder
No,Urban,40,"less than 20,000",2 to 4,Third Party
Yes,Urban,79,"30,000 to 39,000",more than 4,Policy Holder
No,Urban,34,"20,000 to 29,000",1,Policy Holder
No,Urban,23,"20,000 to 29,000",2 to 4,Policy Holder
No,Urban,45,"20,000 to 29,000",more than 4,Policy Holder
No,Urban,42,"20,000 to 29,000",none,Third Party
No,Urban,40,"more than 69,000",1,Policy Holder
No,Urban,50,"30,000 to 39,000",none,Policy Holder
No,Urban,70,"20,000 to 29,000",1,Third Party
No,Urban,43,"20,000 to 29,000",none,Third Party
No,Urban,42,"more than 69,000",1,Third Party
No,Urban,54,"20,000 to 29,000",2 to 4,Third Party
No,Urban,51,"30,000 to 39,000",more than 4,Third Party
No,Urban,56,"20,000 to 29,000",2 to 4,Policy Holder
No,Urban,37,"more than 69,000",none,Policy Holder
No,Urban,51,"less than 20,000",none,Third Party
No,Urban,40,"20,000 to 29,000",2 to 4,Policy Holder
No,Rural,35,"less than 20,000",none,Policy Holder
No,Urban,32,"20,000 to 29,000",more than 4,Policy Holder
Yes,Urban,43,"30,000 to 39,000",1,Third Party
No,Urban,72,"30,000 to 39,000",1,Third Party
No,Urban,39,"30,000 to 39,000",1,Third Party
Yes,Urban,31,"30,000 to 39,000",2 to 4,Policy Holder
No,Urban,41,"more than 69,000",2 to 4,Third Party
No,Urban,36,"30,000 to 39,000",2 to 4,Policy Holder
No,Urban,19,"20,000 to 29,000",2 to 4,Policy Holder
No,Urban,36,"20,000 to 29,000",2 to 4,Third Party
No,Urban,39,"20,000 to 29,000",more than 4,Policy Holder
No,Urban,50,"20,000 to 29,000",none,Policy Holder
No,Urban,63,"30,000 to 39,000",1,Policy Holder
No,Urban,32,"more than 69,000",more than 4,Policy Holder
No,Urban,26,"20,000 to 29,000",1,Third Party
No,Urban,59,"20,000 to 29,000",none,Third Party
No,Urban,27,"30,000 to 39,000",1,Third Party
No,Rural,64,"20,000 to 29,000",2 to 4,Policy Holder
No,Urban,48,"20,000 to 29,000",1,Third Party
No,Urban,49,"30,000 to 39,000",2 to 4,Policy Holder
No,Urban,0,"more than 69,000",2 to 4,Policy Holder
No,Urban,33,"20,000 to 29,000",2 to 4,Policy Holder
No,Urban,43,"20,000 to 29,000",2 to 4,Third Party
No,Rural,34,"30,000 to 39,000",2 to 4,Policy Holder
No,Rural,35,"20,000 to 29,000",1,Policy Holder
No,Urban,0,"more than 69,000",2 to 4,Policy Holder
No,Urban,26,"30,000 to 39,000",1,Policy Holder
No,Urban,35,"20,000 to 29,000",none,Third Party
No,Urban,37,"20,000 to 29,000",2 to 4,Policy Holder
No,Urban,55,"more than 69,000",1,Third Party
No,Urban,48,"more than 69,000",1,Third Party
No,Urban,52,"more than 69,000",more than 4,Policy Holder
No,Urban,31,"30,000 to 39,000",2 to 4,Third Party
No,Urban,45,"30,000 to 39,000",none,Policy Holder
No,Urban,31,"30,000 to 39,000",2 to 4,Policy Holder
No,Urban,17,"more than 69,000",none,Policy Holder
Yes,Urban,35,"20,000 to 29,000",none,Policy Holder
No,Urban,28,"30,000 to 39,000",2 to 4,Policy Holder
No,Urban,28,"20,000 to 29,000",more than 4,Policy Holder
No,Rural,22,"30,000 to 39,000",1,Policy Holder
No,Urban,50,"more than 69,000",1,Policy Holder
No,Urban,52,"more than 69,000",2 to 4,Policy Holder
No,Rural,35,"less than 20,000",none,Policy Holder
No,Urban,40,"20,000 to 29,000",2 to 4,Policy Holder
Yes,Urban,43,"30,000 to 39,000",2 to 4,Policy Holder
No,Urban,50,"30,000 to 39,000",1,Policy Holder
No,Urban,49,"less than 20,000",1,Policy Holder
No,Urban,44,"30,000 to 39,000",1,Third Party
No,Urban,41,"20,000 to 29,000",1,Third Party
No,Urban,39,"30,000 to 39,000",2 to 4,Policy Holder
No,Urban,36,"more than 69,000",2 to 4,Policy Holder
No,Urban,28,"20,000 to 29,000",none,Policy Holder
No,Rural,0,"more than 69,000",none,Policy Holder
Yes,Rural,0,"more than 69,000",none,Policy Holder
Yes,Urban,0,"more than 69,000",more than 4,Policy Holder
No,Urban,48,"more than 69,000",1,Policy Holder
No,Urban,51,"30,000 to 39,000",2 to 4,Policy Holder
No,Urban,65,"less than 20,000",none,Policy Holder
No,Urban,65,"more than 69,000",2 to 4,Policy Holder
No,Urban,45,"20,000 to 29,000",2 to 4,Policy Holder
No,Rural,32,"20,000 to 29,000",2 to 4,Policy Holder
Yes,Urban,31,"20,000 to 29,000",2 to 4,Policy Holder
No,Urban,38,"30,000 to 39,000",2 to 4,Third Party
No,Urban,30,"less than 20,000",1,Policy Holder
No,Urban,29,"20,000 to 29,000",2 to 4,Policy Holder
No,Urban,42,"20,000 to 29,000",none,Policy Holder
No,Urban,40,"20,000 to 29,000",2 to 4,Policy Holder
No,Urban,25,"more than 69,000",1,Third Party
No,Urban,31,"20,000 to 29,000",more than 4,Policy Holder
No,Urban,26,"20,000 to 29,000",1,Policy Holder
Yes,Rural,29,"20,000 to 29,000",1,Policy Holder
No,Urban,37,"30,000 to 39,000",none,Policy Holder
No,Rural,44,"20,000 to 29,000",none,Policy Holder
No,Urban,43,"20,000 to 29,000",1,Policy Holder
No,Urban,33,"20,000 to 29,000",2 to 4,Policy Holder
No,Urban,38,"30,000 to 39,000",2 to 4,Policy Holder
No,Urban,26,"20,000 to 29,000",2 to 4,Policy Holder
No,Urban,28,"20,000 to 29,000",more than 4,Policy Holder
No,Urban,54,"20,000 to 29,000",2 to 4,Policy Holder
No,Urban,32,"less than 20,000",none,Third Party
No,Urban,28,"20,000 to 29,000",2 to 4,Policy Holder
No,Urban,43,"less than 20,000",2 to 4,Policy Holder
No,Urban,43,"30,000 to 39,000",2 to 4,Third Party
No,Urban,60,"20,000 to 29,000",none,Third Party
No,Urban,45,"20,000 to 29,000",2 to 4,Policy Holder
No,Urban,37,"20,000 to 29,000",2 to 4,Policy Holder
No,Urban,42,"20,000 to 29,000",none,Third Party
No,Urban,47,"40,000 to 59,000",1,Policy Holder
No,Urban,36,"20,000 to 29,000",none,Policy Holder
No,Urban,27,"less than 20,000",none,Policy Holder
No,Urban,53,"30,000 to 39,000",1,Policy Holder
No,Urban,45,"20,000 to 29,000",none,Third Party
No,Urban,26,"more than 69,000",2 to 4,Policy Holder
No,Rural,57,"20,000 to 29,000",2 to 4,Policy Holder
No,Urban,55,"more than 69,000",none,Third Party
No,Urban,44,"20,000 to 29,000",none,Policy Holder
Yes,Urban,40,"30,000 to 39,000",2 to 4,Policy Holder
No,Urban,34,"20,000 to 29,000",none,Policy Holder
No,Urban,26,"40,000 to 59,000",2 to 4,Third Party
No,Urban,65,"20,000 to 29,000",2 to 4,Third Party
No,Urban,45,"30,000 to 39,000",none,Policy Holder
No,Urban,54,"more than 69,000",2 to 4,Policy Holder
No,Urban,30,"20,000 to 29,000",2 to 4,Policy Holder
No,Urban,30,"20,000 to 29,000",2 to 4,Policy Holder
No,Urban,46,"40,000 to 59,000",more than 4,Third Party
No,Urban,36,"20,000 to 29,000",2 to 4,Policy Holder
No,Urban,27,"20,000 to 29,000",2 to 4,Third Party
No,Urban,40,"20,000 to 29,000",2 to 4,Policy Holder
No,Urban,22,"more than 69,000",2 to 4,Policy Holder
No,Urban,37,"20,000 to 29,000",1,Third Party
No,Urban,51,"30,000 to 39,000",more than 4,Policy Holder
No,Urban,49,"less than 20,000",2 to 4,Policy Holder
No,Urban,59,"more than 69,000",more than 4,Policy Holder
No,Urban,43,"20,000 to 29,000",none,Policy Holder
No,Rural,63,"20,000 to 29,000",1,Policy Holder
No,Urban,34,"20,000 to 29,000",none,Policy Holder
No,Urban,29,"20,000 to 29,000",1,Policy Holder
No,Urban,34,"30,000 to 39,000",2 to 4,Policy Holder
No,Urban,32,"20,000 to 29,000",2 to 4,Policy Holder
No,Urban,55,"20,000 to 29,000",1,Policy Holder
No,Urban,27,"20,000 to 29,000",more than 4,Policy Holder
No,Urban,47,"30,000 to 39,000",2 to 4,Policy Holder
No,Urban,21,"20,000 to 29,000",2 to 4,Policy Holder
No,Urban,39,"30,000 to 39,000",1,Policy Holder
No,Urban,47,"20,000 to 29,000",none,Third Party
No,Rural,33,"20,000 to 29,000",none,Third Party
No,Urban,34,"20,000 to 29,000",2 to 4,Policy Holder
No,Urban,40,"20,000 to 29,000",2 to 4,Policy Holder
No,Urban,40,"more than 69,000",2 to 4,Policy Holder
Yes,Urban,42,"30,000 to 39,000",2 to 4,Policy Holder
No,Urban,31,"20,000 to 29,000",none,Policy Holder
No,Urban,20,"20,000 to 29,000",none,Policy Holder
No,Urban,53,"30,000 to 39,000",1,Policy Holder
No,Urban,39,"40,000 to 59,000",2 to 4,Policy Holder
No,Urban,24,"20,000 to 29,000",none,Policy Holder
No,Urban,50,"20,000 to 29,000",2 to 4,Policy Holder
No,Urban,23,"less than 20,000",1,Policy Holder
No,Urban,34,"20,000 to 29,000",1,Policy Holder
No,Urban,27,"20,000 to 29,000",1,Policy Holder
No,Urban,55,"20,000 to 29,000",1,Policy Holder
No,Urban,53,"more than 69,000",2 to 4,Policy Holder
No,Rural,38,"30,000 to 39,000",2 to 4,Policy Holder
No,Urban,27,"30,000 to 39,000",more than 4,Third Party
No,Urban,53,"40,000 to 59,000",more than 4,Policy Holder
No,Urban,37,"20,000 to 29,000",1,Policy Holder
No,Urban,38,"20,000 to 29,000",1,Policy Holder
No,Urban,39,"20,000 to 29,000",more than 4,Policy Holder
No,Urban,65,"20,000 to 29,000",2 to 4,Third Party
No,Urban,32,"20,000 to 29,000",none,Third Party
Yes,Urban,33,"20,000 to 29,000",1,Policy Holder
No,Urban,30,"less than 20,000",none,Policy Holder
No,Urban,23,"more than 69,000",none,Third Party
No,Urban,55,"30,000 to 39,000",2 to 4,Policy Holder
No,Urban,35,"20,000 to 29,000",1,Policy Holder
No,Rural,41,"20,000 to 29,000",2 to 4,Policy Holder
No,Rural,45,"20,000 to 29,000",1,Policy Holder
No,Urban,43,"20,000 to 29,000",more than 4,Policy Holder
No,Urban,42,"20,000 to 29,000",1,Policy Holder
No,Rural,52,"20,000 to 29,000",1,Policy Holder
No,Rural,43,"20,000 to 29,000",2 to 4,Policy Holder
No,Urban,16,"more than 69,000",none,Third Party
No,Urban,47,"more than 69,000",none,Policy Holder
No,Urban,44,"20,000 to 29,000",more than 4,Policy Holder
No,Urban,72,"30,000 to 39,000",none,Policy Holder
Yes,Urban,18,"more than 69,000",none,Policy Holder
No,Rural,27,"30,000 to 39,000",2 to 4,Policy Holder
No,Rural,59,"30,000 to 39,000",none,Policy Holder
No,Urban,22,"less than 20,000",none,Third Party
No,Urban,26,"more than 69,000",none,Policy Holder
No,Urban,47,"30,000 to 39,000",none,Policy Holder
No,Urban,28,"20,000 to 29,000",1,Policy Holder
No,Rural,28,"30,000 to 39,000",none,Third Party
No,Urban,23,"less than 20,000",1,Policy Holder
Yes,Urban,55,"20,000 to 29,000",1,Policy Holder
No,Urban,45,"20,000 to 29,000",none,Third Party
No,Urban,39,"20,000 to 29,000",more than 4,Policy Holder
No,Urban,44,"30,000 to 39,000",1,Policy Holder
No,Urban,42,"30,000 to 39,000",more than 4,Policy Holder
No,Urban,66,"40,000 to 59,000",1,Policy Holder
No,Urban,31,"20,000 to 29,000",2 to 4,Policy Holder
No,Urban,37,"20,000 to 29,000",1,Policy Holder
Yes,Rural,30,"30,000 to 39,000",1,Policy Holder
No,Urban,39,"20,000 to 29,000",2 to 4,Policy Holder
No,Urban,42,"20,000 to 29,000",1,Policy Holder
No,Urban,35,"30,000 to 39,000",2 to 4,Policy Holder
No,Urban,0,"more than 69,000",2 to 4,Policy Holder
No,Urban,29,"more than 69,000",none,Third Party
No,Urban,48,"20,000 to 29,000",2 to 4,Third Party
No,Urban,23,"20,000 to 29,000",more than 4,Policy Holder
No,Urban,28,"less than 20,000",none,Policy Holder
No,Urban,32,"20,000 to 29,000",none,Third Party
No,Urban,36,"30,000 to 39,000",more than 4,Policy Holder
No,Urban,27,"20,000 to 29,000",2 to 4,Third Party
No,Urban,34,"20,000 to 29,000",2 to 4,Policy Holder
No,Urban,45,"30,000 to 39,000",more than 4,Policy Holder
No,Urban,26,"20,000 to 29,000",2 to 4,Policy Holder
No,Urban,22,"20,000 to 29,000",2 to 4,Policy Holder
No,Urban,34,"more than 69,000",2 to 4,Policy Holder
No,Urban,23,"30,000 to 39,000",1,Policy Holder
No,Urban,35,"20,000 to 29,000",2 to 4,Third Party
No,Urban,30,"20,000 to 29,000",2 to 4,Third Party
No,Urban,28,"20,000 to 29,000",1,Policy Holder
No,Urban,33,"20,000 to 29,000",2 to 4,Policy Holder
No,Urban,33,"20,000 to 29,000",1,Policy Holder
No,Urban,32,"20,000 to 29,000",more than 4,Third Party
Yes,Urban,57,"20,000 to 29,000",2 to 4,Policy Holder
No,Urban,37,"more than 69,000",1,Policy Holder
No,Urban,56,"20,000 to 29,000",none,Policy Holder
No,Urban,62,"40,000 to 59,000",2 to 4,Third Party
No,Rural,43,"20,000 to 29,000",2 to 4,Policy Holder
No,Urban,43,"20,000 to 29,000",none,Policy Holder
No,Rural,61,"30,000 to 39,000",1,Third Party
No,Urban,34,"20,000 to 29,000",2 to 4,Policy Holder
Yes,Urban,52,"20,000 to 29,000",none,Policy Holder
No,Urban,48,"20,000 to 29,000",none,Policy Holder
No,Urban,45,"20,000 to 29,000",none,Policy Holder
No,Urban,39,"20,000 to 29,000",1,Third Party
No,Urban,31,"20,000 to 29,000",2 to 4,Policy Holder
No,Urban,37,"30,000 to 39,000",2 to 4,Third Party
No,Urban,38,"20,000 to 29,000",none,Third Party
No,Rural,59,"30,000 to 39,000",none,Policy Holder
No,Rural,27,"less than 20,000",none,Policy Holder
No,Urban,34,"30,000 to 39,000",2 to 4,Policy Holder
No,Urban,58,"less than 20,000",none,Third Party
No,Urban,58,"30,000 to 39,000",2 to 4,Third Party
No,Urban,0,"more than 69,000",1,Policy Holder
No,Urban,35,"30,000 to 39,000",none,Policy Holder
No,Urban,36,"20,000 to 29,000",1,Third Party
No,Urban,43,"20,000 to 29,000",none,Third Party
No,Urban,35,"30,000 to 39,000",more than 4,Policy Holder
No,Urban,61,"20,000 to 29,000",none,Policy Holder
No,Rural,49,"more than 69,000",1,Policy Holder
No,Urban,44,"less than 20,000",none,Policy Holder
No,Urban,30,"20,000 to 29,000",1,Policy Holder
No,Urban,30,"20,000 to 29,000",more than 4,Policy Holder
No,Urban,29,"20,000 to 29,000",2 to 4,Policy Holder
No,Urban,57,"30,000 to 39,000",2 to 4,Policy Holder
No,Urban,29,"30,000 to 39,000",1,Policy Holder
No,Urban,0,"more than 69,000",none,Third Party
No,Urban,30,"20,000 to 29,000",2 to 4,Third Party
No,Urban,60,"30,000 to 39,000",2 to 4,Policy Holder
No,Urban,42,"more than 69,000",none,Policy Holder
No,Urban,29,"20,000 to 29,000",1,Third Party
No,Urban,45,"20,000 to 29,000",2 to 4,Third Party
No,Urban,26,"20,000 to 29,000",2 to 4,Policy Holder
No,Urban,37,"30,000 to 39,000",2 to 4,Policy Holder
No,Urban,34,"20,000 to 29,000",1,Policy Holder
No,Urban,52,"20,000 to 29,000",1,Third Party
No,Urban,24,"20,000 to 29,000",none,Third Party
No,Urban,39,"20,000 to 29,000",1,Third Party
No,Urban,43,"more than 69,000",none,Third Party
No,Urban,27,"20,000 to 29,000",none,Third Party
No,Urban,36,"more than 69,000",2 to 4,Policy Holder
No,Urban,18,"30,000 to 39,000",2 to 4,Third Party
No,Urban,27,"30,000 to 39,000",2 to 4,Policy Holder
No,Urban,49,"20,000 to 29,000",none,Policy Holder
No,Urban,42,"20,000 to 29,000",more than 4,Policy Holder
No,Urban,42,"more than 69,000",2 to 4,Policy Holder
No,Urban,29,"20,000 to 29,000",2 to 4,Third Party
No,Urban,61,"20,000 to 29,000",1,Third Party
No,Urban,30,"20,000 to 29,000",1,Policy Holder
No,Urban,44,"20,000 to 29,000",more than 4,Policy Holder
No,Urban,44,"30,000 to 39,000",2 to 4,Policy Holder
No,Urban,21,"30,000 to 39,000",2 to 4,Policy Holder
No,Urban,46,"40,000 to 59,000",1,Policy Holder
No,Urban,31,"20,000 to 29,000",2 to 4,Policy Holder
No,Urban,39,"more than 69,000",1,Third Party
No,Urban,36,"30,000 to 39,000",2 to 4,Policy Holder
No,Urban,42,"40,000 to 59,000",more than 4,Policy Holder
No,Rural,37,"less than 20,000",2 to 4,Policy Holder
No,Rural,31,"20,000 to 29,000",none,Policy Holder
No,Urban,44,"40,000 to 59,000",2 to 4,Policy Holder
No,Urban,49,"20,000 to 29,000",more than 4,Policy Holder
No,Urban,30,"20,000 to 29,000",2 to 4,Third Party
No,Urban,49,"20,000 to 29,000",more than 4,Policy Holder
No,Urban,26,"20,000 to 29,000",2 to 4,Policy Holder
No,Urban,33,"20,000 to 29,000",2 to 4,Policy Holder
No,Urban,30,"20,000 to 29,000",2 to 4,Policy Holder
No,Urban,50,"40,000 to 59,000",2 to 4,Policy Holder
No,Urban,44,"more than 69,000",1,Policy Holder
No,Urban,38,"30,000 to 39,000",more than 4,Policy Holder
No,Urban,50,"20,000 to 29,000",1,Policy Holder
No,Urban,32,"20,000 to 29,000",none,Third Party
No,Urban,55,"20,000 to 29,000",more than 4,Policy Holder
No,Urban,43,"30,000 to 39,000",1,Policy Holder
No,Urban,38,"20,000 to 29,000",2 to 4,Policy Holder
No,Urban,55,"20,000 to 29,000",2 to 4,Policy Holder
No,Urban,25,"20,000 to 29,000",1,Policy Holder
No,Urban,36,"20,000 to 29,000",none,Third Party
No,Rural,28,"20,000 to 29,000",2 to 4,Third Party
No,Urban,40,"20,000 to 29,000",none,Third Party
No,Urban,64,"30,000 to 39,000",2 to 4,Third Party
No,Urban,34,"30,000 to 39,000",none,Third Party
No,Urban,50,"30,000 to 39,000",2 to 4,Policy Holder
No,Urban,53,"20,000 to 29,000",none,Policy Holder
No,Urban,37,"30,000 to 39,000",2 to 4,Policy Holder
No,Urban,26,"20,000 to 29,000",1,Policy Holder
No,Urban,54,"20,000 to 29,000",2 to 4,Policy Holder
No,Urban,26,"20,000 to 29,000",1,Policy Holder
No,Urban,35,"more than 69,000",more than 4,Policy Holder
No,Urban,30,"40,000 to 59,000",2 to 4,Policy Holder
No,Urban,48,"30,000 to 39,000",more than 4,Policy Holder
No,Urban,42,"20,000 to 29,000",none,Third Party
No,Urban,35,"20,000 to 29,000",more than 4,Policy Holder
No,Rural,52,"30,000 to 39,000",none,Third Party
No,Urban,61,"20,000 to 29,000",2 to 4,Policy Holder
No,Urban,44,"20,000 to 29,000",more than 4,Policy Holder
No,Urban,37,"30,000 to 39,000",more than 4,Policy Holder
No,Urban,55,"30,000 to 39,000",more than 4,Policy Holder
No,Urban,54,"20,000 to 29,000",none,Third Party
No,Urban,43,"more than 69,000",none,Third Party
No,Urban,35,"20,000 to 29,000",2 to 4,Policy Holder
No,Urban,32,"20,000 to 29,000",none,Policy Holder
No,Urban,64,"30,000 to 39,000",1,Policy Holder
No,Urban,27,"20,000 to 29,000",2 to 4,Policy Holder
No,Urban,48,"20,000 to 29,000",1,Third Party
No,Urban,31,"20,000 to 29,000",2 to 4,Third Party
No,Urban,49,"more than 69,000",2 to 4,Third Party
No,Rural,34,"20,000 to 29,000",1,Policy Holder
No,Urban,42,"20,000 to 29,000",none,Policy Holder
Yes,Urban,29,"20,000 to 29,000",1,Policy Holder
No,Urban,35,"30,000 to 39,000",2 to 4,Policy Holder
No,Urban,47,"20,000 to 29,000",2 to 4,Policy Holder
No,Urban,40,"20,000 to 29,000",2 to 4,Policy Holder
No,Urban,37,"20,000 to 29,000",2 to 4,Policy Holder
No,Urban,29,"20,000 to 29,000",2 to 4,Third Party
No,Urban,36,"20,000 to 29,000",none,Third Party
No,Urban,49,"more than 69,000",1,Third Party
No,Urban,56,"more than 69,000",more than 4,Policy Holder
No,Urban,43,"30,000 to 39,000",2 to 4,Policy Holder
No,Urban,26,"20,000 to 29,000",none,Policy Holder
No,Urban,53,"20,000 to 29,000",more than 4,Policy Holder
No,Urban,50,"20,000 to 29,000",2 to 4,Policy Holder
No,Urban,32,"30,000 to 39,000",2 to 4,Third Party
No,Urban,33,"20,000 to 29,000",2 to 4,Third Party
No,Urban,43,"less than 20,000",none,Policy Holder
No,Urban,37,"20,000 to 29,000",none,Policy Holder
No,Urban,33,"20,000 to 29,000",2 to 4,Third Party
No,Urban,49,"less than 20,000",none,Policy Holder
No,Urban,43,"more than 69,000",2 to 4,Policy Holder
No,Urban,28,"20,000 to 29,000",1,Third Party
No,Urban,30,"20,000 to 29,000",1,Policy Holder
No,Urban,28,"20,000 to 29,000",more than 4,Policy Holder
No,Urban,49,"20,000 to 29,000",2 to 4,Policy Holder
No,Rural,51,"20,000 to 29,000",2 to 4,Policy Holder
No,Urban,39,"20,000 to 29,000",2 to 4,Policy Holder
No,Urban,0,"more than 69,000",1,Third Party
No,Urban,32,"20,000 to 29,000",2 to 4,Policy Holder
No,Urban,38,"20,000 to 29,000",1,Third Party
No,Urban,26,"20,000 to 29,000",more than 4,Policy Holder
No,Urban,31,"30,000 to 39,000",1,Policy Holder
No,Urban,63,"30,000 to 39,000",more than 4,Policy Holder
No,Urban,36,"30,000 to 39,000",1,Policy Holder
No,Urban,35,"20,000 to 29,000",1,Policy Holder
No,Urban,37,"20,000 to 29,000",1,Third Party
No,Urban,40,"less than 20,000",none,Policy Holder
No,Urban,47,"30,000 to 39,000",2 to 4,Policy Holder
No,Urban,49,"30,000 to 39,000",2 to 4,Third Party
No,Urban,63,"20,000 to 29,000",2 to 4,Policy Holder
No,Urban,51,"30,000 to 39,000",none,Policy Holder
No,Urban,32,"20,000 to 29,000",1,Policy Holder
No,Urban,45,"20,000 to 29,000",1,Policy Holder
No,Urban,30,"30,000 to 39,000",more than 4,Policy Holder
No,Urban,22,"20,000 to 29,000",2 to 4,Policy Holder
No,Urban,53,"more than 69,000",2 to 4,Policy Holder
No,Rural,28,"more than 69,000",more than 4,Third Party
No,Urban,33,"more than 69,000",none,Policy Holder
No,Urban,28,"20,000 to 29,000",none,Policy Holder
No,Rural,40,"20,000 to 29,000",2 to 4,Policy Holder
No,Urban,49,"30,000 to 39,000",2 to 4,Third Party
No,Urban,20,"less than 20,000",1,Policy Holder
No,Urban,46,"20,000 to 29,000",none,Policy Holder
No,Urban,36,"20,000 to 29,000",more than 4,Policy Holder
No,Urban,43,"30,000 to 39,000",more than 4,Policy Holder
No,Urban,24,"20,000 to 29,000",1,Policy Holder
No,Urban,32,"20,000 to 29,000",2 to 4,Third Party
Yes,Rural,65,"20,000 to 29,000",1,Policy Holder
No,Urban,60,"20,000 to 29,000",1,Policy Holder
Yes,Urban,33,"30,000 to 39,000",1,Policy Holder
No,Urban,27,"30,000 to 39,000",none,Policy Holder
No,Urban,28,"20,000 to 29,000",more than 4,Third Party
No,Urban,18,"20,000 to 29,000",2 to 4,Policy Holder
No,Urban,34,"more than 69,000",2 to 4,Policy Holder
No,Urban,63,"20,000 to 29,000",1,Policy Holder
No,Urban,48,"more than 69,000",more than 4,Third Party
No,Urban,32,"30,000 to 39,000",none,Third Party
No,Urban,55,"20,000 to 29,000",none,Policy Holder
No,Urban,41,"20,000 to 29,000",2 to 4,Third Party
No,Urban,56,"20,000 to 29,000",1,Third Party
No,Urban,37,"30,000 to 39,000",1,Policy Holder
No,Urban,66,"20,000 to 29,000",none,Policy Holder
No,Urban,31,"20,000 to 29,000",1,Third Party
No,Urban,31,"20,000 to 29,000",2 to 4,Policy Holder
No,Urban,34,"20,000 to 29,000",none,Policy Holder
No,Urban,61,"20,000 to 29,000",1,Policy Holder
No,Urban,42,"30,000 to 39,000",more than 4,Policy Holder
No,Urban,36,"more than 69,000",2 to 4,Policy Holder
No,Urban,33,"20,000 to 29,000",none,Policy Holder
No,Urban,46,"30,000 to 39,000",2 to 4,Policy Holder
No,Urban,33,"30,000 to 39,000",2 to 4,Third Party
Yes,Urban,32,"20,000 to 29,000",1,Policy Holder
No,Urban,0,"more than 69,000",none,Policy Holder
No,Urban,42,"40,000 to 59,000",more than 4,Policy Holder
No,Urban,31,"more than 69,000",1,Third Party
No,Urban,26,"20,000 to 29,000",1,Third Party
No,Urban,33,"20,000 to 29,000",none,Third Party
Yes,Rural,54,"less than 20,000",2 to 4,Policy Holder
No,Rural,63,"less than 20,000",1,Policy Holder
Yes,Urban,30,"20,000 to 29,000",1,Policy Holder
No,Urban,27,"30,000 to 39,000",none,Policy Holder
Yes,Urban,31,"20,000 to 29,000",none,Policy Holder
No,Rural,47,"40,000 to 59,000",none,Third Party
No,Urban,35,"30,000 to 39,000",2 to 4,Policy Holder
No,Urban,16,"more than 69,000",1,Third Party
No,Urban,38,"20,000 to 29,000",1,Policy Holder
No,Urban,33,"20,000 to 29,000",1,Third Party
No,Urban,43,"20,000 to 29,000",2 to 4,Third Party
No,Urban,39,"20,000 to 29,000",1,Policy Holder
Yes,Rural,50,"more than 69,000",2 to 4,Policy Holder
No,Urban,34,"20,000 to 29,000",2 to 4,Policy Holder
No,Urban,60,"more than 69,000",more than 4,Policy Holder
No,Urban,58,"20,000 to 29,000",none,Policy Holder
No,Urban,43,"20,000 to 29,000",2 to 4,Policy Holder
No,Rural,38,"30,000 to 39,000",2 to 4,Policy Holder
No,Urban,28,"30,000 to 39,000",2 to 4,Policy Holder
No,Urban,34,"more than 69,000",2 to 4,Policy Holder
No,Rural,47,"20,000 to 29,000",1,Policy Holder
No,Urban,33,"more than 69,000",1,Policy Holder
No,Urban,31,"20,000 to 29,000",2 to 4,Third Party
No,Urban,63,"40,000 to 59,000",more than 4,Policy Holder
No,Urban,33,"20,000 to 29,000",2 to 4,Third Party
No,Rural,39,"more than 69,000",none,Policy Holder
No,Urban,25,"20,000 to 29,000",2 to 4,Policy Holder
No,Urban,66,"20,000 to 29,000",1,Third Party
No,Urban,33,"30,000 to 39,000",more than 4,Policy Holder
No,Urban,48,"more than 69,000",2 to 4,Policy Holder
No,Urban,54,"more than 69,000",1,Third Party
No,Urban,29,"20,000 to 29,000",1,Third Party
Yes,Urban,0,"more than 69,000",2 to 4,Policy Holder
No,Urban,55,"20,000 to 29,000",2 to 4,Policy Holder
No,Urban,42,"20,000 to 29,000",none,Policy Holder
No,Urban,28,"20,000 to 29,000",2 to 4,Policy Holder
No,Urban,32,"less than 20,000",2 to 4,Policy Holder
No,Urban,26,"20,000 to 29,000",none,Policy Holder
No,Urban,26,"20,000 to 29,000",2 to 4,Policy Holder
No,Urban,49,"20,000 to 29,000",none,Policy Holder
No,Urban,62,"more than 69,000",1,Policy Holder
No,Urban,55,"less than 20,000",1,Third Party
No,Urban,38,"20,000 to 29,000",1,Policy Holder
No,Urban,61,"20,000 to 29,000",none,Policy Holder
No,Urban,47,"20,000 to 29,000",none,Policy Holder
No,Urban,26,"20,000 to 29,000",none,Third Party
No,Urban,43,"20,000 to 29,000",1,Policy Holder
No,Urban,51,"20,000 to 29,000",more than 4,Policy Holder
No,Urban,39,"20,000 to 29,000",none,Policy Holder
No,Urban,22,"20,000 to 29,000",2 to 4,Policy Holder
No,Urban,43,"30,000 to 39,000",1,Policy Holder
No,Urban,31,"20,000 to 29,000",2 to 4,Policy Holder
No,Urban,36,"20,000 to 29,000",1,Policy Holder
No,Urban,55,"30,000 to 39,000",2 to 4,Policy Holder
No,Rural,34,"20,000 to 29,000",2 to 4,Policy Holder
No,Urban,35,"20,000 to 29,000",2 to 4,Policy Holder
No,Urban,46,"20,000 to 29,000",1,Third Party
Yes,Urban,62,"30,000 to 39,000",2 to 4,Policy Holder
No,Urban,42,"30,000 to 39,000",none,Third Party
Yes,Urban,40,"more than 69,000",2 to 4,Policy Holder
No,Urban,33,"more than 69,000",1,Third Party
No,Urban,44,"30,000 to 39,000",2 to 4,Policy Holder
No,Urban,35,"30,000 to 39,000",more than 4,Policy Holder
No,Urban,57,"30,000 to 39,000",1,Policy Holder
No,Urban,38,"20,000 to 29,000",1,Policy Holder
No,Urban,30,"more than 69,000",2 to 4,Policy Holder
No,Urban,38,"20,000 to 29,000",2 to 4,Policy Holder
No,Urban,54,"20,000 to 29,000",more than 4,Policy Holder
No,Urban,52,"less than 20,000",1,Third Party
No,Urban,26,"20,000 to 29,000",none,Policy Holder
No,Urban,39,"20,000 to 29,000",2 to 4,Policy Holder
No,Urban,69,"30,000 to 39,000",none,Policy Holder
No,Urban,35,"30,000 to 39,000",more than 4,Policy Holder
No,Urban,47,"more than 69,000",more than 4,Policy Holder
No,Urban,55,"20,000 to 29,000",2 to 4,Policy Holder
No,Urban,26,"20,000 to 29,000",1,Policy Holder
No,Urban,25,"20,000 to 29,000",1,Policy Holder
No,Urban,30,"20,000 to 29,000",2 to 4,Policy Holder
No,Urban,31,"20,000 to 29,000",2 to 4,Policy Holder
No,Urban,28,"30,000 to 39,000",2 to 4,Policy Holder
No,Urban,61,"30,000 to 39,000",none,Third Party
No,Urban,63,"30,000 to 39,000",2 to 4,Third Party
No,Urban,43,"20,000 to 29,000",more than 4,Policy Holder
No,Urban,37,"more than 69,000",none,Policy Holder
No,Urban,44,"20,000 to 29,000",2 to 4,Third Party
No,Urban,49,"20,000 to 29,000",2 to 4,Policy Holder
No,Urban,61,"less than 20,000",1,Policy Holder
No,Urban,34,"20,000 to 29,000",none,Third Party
No,Urban,34,"less than 20,000",1,Policy Holder
No,Urban,43,"20,000 to 29,000",2 to 4,Policy Holder
No,Urban,44,"30,000 to 39,000",2 to 4,Policy Holder
No,Urban,21,"20,000 to 29,000",more than 4,Policy Holder
No,Rural,0,"more than 69,000",none,Policy Holder
No,Urban,26,"20,000 to 29,000",2 to 4,Policy Holder
No,Urban,45,"20,000 to 29,000",2 to 4,Policy Holder
No,Urban,26,"20,000 to 29,000",more than 4,Policy Holder
Yes,Urban,32,"20,000 to 29,000",none,Policy Holder
No,Urban,26,"20,000 to 29,000",1,Policy Holder
No,Urban,62,"30,000 to 39,000",none,Policy Holder
No,Urban,39,"more than 69,000",2 to 4,Policy Holder
No,Urban,21,"20,000 to 29,000",2 to 4,Policy Holder
No,Urban,51,"20,000 to 29,000",2 to 4,Third Party
No,Urban,64,"30,000 to 39,000",more than 4,Policy Holder
No,Urban,27,"20,000 to 29,000",1,Third Party
No,Urban,45,"20,000 to 29,000",more than 4,Policy Holder
No,Urban,32,"40,000 to 59,000",more than 4,Policy Holder
No,Urban,0,"more than 69,000",2 to 4,Policy Holder
No,Urban,0,"more than 69,000",2 to 4,Third Party
No,Urban,27,"40,000 to 59,000",more than 4,Policy Holder
No,Urban,53,"30,000 to 39,000",more than 4,Policy Holder
No,Urban,44,"30,000 to 39,000",more than 4,Policy Holder
No,Urban,61,"more than 69,000",more than 4,Third Party
No,Urban,34,"20,000 to 29,000",2 to 4,Policy Holder
No,Urban,31,"more than 69,000",none,Third Party
No,Urban,0,"more than 69,000",2 to 4,Third Party
No,Urban,25,"20,000 to 29,000",more than 4,Policy Holder
No,Urban,22,"more than 69,000",more than 4,Third Party
No,Urban,42,"more than 69,000",1,Policy Holder
No,Urban,36,"20,000 to 29,000",more than 4,Policy Holder
No,Urban,28,"more than 69,000",1,Policy Holder
No,Urban,78,"20,000 to 29,000",none,Policy Holder
No,Urban,37,"20,000 to 29,000",1,Policy Holder
No,Urban,27,"20,000 to 29,000",1,Third Party
No,Urban,24,"20,000 to 29,000",1,Third Party
No,Urban,43,"more than 69,000",2 to 4,Policy Holder
No,Urban,33,"20,000 to 29,000",none,Third Party
No,Urban,30,"less than 20,000",2 to 4,Policy Holder
No,Urban,43,"more than 69,000",2 to 4,Policy Holder
No,Urban,54,"20,000 to 29,000",1,Policy Holder
No,Urban,37,"30,000 to 39,000",1,Policy Holder
No,Rural,27,"30,000 to 39,000",2 to 4,Policy Holder
Yes,Urban,0,"more than 69,000",none,Policy Holder
No,Urban,18,"20,000 to 29,000",more than 4,Policy Holder
No,Urban,39,"30,000 to 39,000",more than 4,Policy Holder
Yes,Urban,66,"20,000 to 29,000",1,Policy Holder
No,Urban,66,"20,000 to 29,000",1,Third Party
No,Urban,44,"more than 69,000",2 to 4,Third Party
No,Urban,40,"20,000 to 29,000",none,Third Party
No,Urban,51,"20,000 to 29,000",none,Third Party
No,Urban,31,"30,000 to 39,000",none,Policy Holder
No,Urban,26,"more than 69,000",2 to 4,Third Party
No,Urban,41,"more than 69,000",more than 4,Policy Holder
No,Urban,40,"20,000 to 29,000",more than 4,Policy Holder
No,Urban,28,"20,000 to 29,000",none,Third Party
No,Rural,47,"20,000 to 29,000",2 to 4,Policy Holder
No,Urban,60,"20,000 to 29,000",1,Third Party
No,Urban,46,"more than 69,000",none,Third Party
No,Urban,34,"20,000 to 29,000",more than 4,Policy Holder
No,Urban,24,"30,000 to 39,000",more than 4,Third Party
No,Urban,34,"less than 20,000",2 to 4,Policy Holder
No,Rural,43,"more than 69,000",1,Third Party
No,Urban,30,"20,000 to 29,000",2 to 4,Policy Holder
No,Urban,45,"20,000 to 29,000",2 to 4,Third Party
No,Urban,47,"30,000 to 39,000",none,Policy Holder
No,Urban,59,"20,000 to 29,000",none,Third Party
No,Rural,55,"more than 69,000",2 to 4,Policy Holder
No,Urban,52,"20,000 to 29,000",none,Policy Holder
No,Urban,37,"more than 69,000",1,Policy Holder
No,Urban,37,"20,000 to 29,000",none,Policy Holder
No,Urban,38,"30,000 to 39,000",2 to 4,Third Party
No,Urban,27,"more than 69,000",1,Third Party
No,Urban,33,"30,000 to 39,000",none,Third Party
No,Urban,32,"less than 20,000",none,Policy Holder
Yes,Urban,22,"30,000 to 39,000",1,Policy Holder
No,Urban,65,"30,000 to 39,000",2 to 4,Policy Holder
No,Urban,47,"30,000 to 39,000",1,Policy Holder
No,Urban,45,"20,000 to 29,000",2 to 4,Policy Holder
No,Urban,33,"30,000 to 39,000",2 to 4,Third Party
No,Urban,53,"20,000 to 29,000",more than 4,Policy Holder
No,Urban,51,"more than 69,000",1,Third Party
No,Urban,55,"more than 69,000",2 to 4,Third Party
No,Urban,55,"30,000 to 39,000",2 to 4,Policy Holder
No,Urban,26,"20,000 to 29,000",2 to 4,Policy Holder
No,Urban,64,"more than 69,000",more than 4,Policy Holder
Yes,Urban,22,"more than 69,000",none,Policy Holder
Yes,Urban,58,"30,000 to 39,000",2 to 4,Policy Holder
No,Urban,28,"20,000 to 29,000",1,Policy Holder
No,Urban,48,"more than 69,000",1,Policy Holder
No,Urban,36,"20,000 to 29,000",1,Third Party
No,Urban,40,"less than 20,000",none,Policy Holder
No,Urban,36,"20,000 to 29,000",2 to 4,Policy Holder
No,Urban,39,"less than 20,000",2 to 4,Policy Holder
No,Urban,34,"20,000 to 29,000",none,Third Party
No,Urban,31,"20,000 to 29,000",none,Third Party
No,Urban,47,"30,000 to 39,000",2 to 4,Policy Holder
No,Urban,29,"20,000 to 29,000",2 to 4,Policy Holder
No,Urban,54,"30,000 to 39,000",2 to 4,Policy Holder
No,Urban,30,"less than 20,000",none,Policy Holder
No,Urban,36,"30,000 to 39,000",more than 4,Policy Holder
No,Urban,37,"30,000 to 39,000",more than 4,Policy Holder
No,Urban,49,"20,000 to 29,000",2 to 4,Policy Holder
No,Urban,50,"30,000 to 39,000",2 to 4,Policy Holder
No,Urban,54,"30,000 to 39,000",none,Third Party
No,Urban,0,"more than 69,000",none,Third Party
No,Urban,55,"20,000 to 29,000",2 to 4,Third Party
No,Urban,47,"less than 20,000",more than 4,Policy Holder
No,Urban,27,"20,000 to 29,000",1,Third Party
No,Urban,60,"20,000 to 29,000",2 to 4,Policy Holder
No,Urban,53,"more than 69,000",more than 4,Policy Holder
No,Urban,33,"20,000 to 29,000",1,Policy Holder
No,Rural,28,"20,000 to 29,000",2 to 4,Policy Holder
No,Urban,27,"more than 69,000",none,Third Party
No,Urban,46,"less than 20,000",more than 4,Policy Holder
No,Urban,23,"20,000 to 29,000",none,Policy Holder
No,Urban,32,"20,000 to 29,000",none,Policy Holder
No,Urban,39,"30,000 to 39,000",2 to 4,Policy Holder
No,Urban,31,"20,000 to 29,000",none,Policy Holder
No,Urban,34,"20,000 to 29,000",2 to 4,Third Party
No,Urban,43,"30,000 to 39,000",2 to 4,Policy Holder
No,Urban,40,"20,000 to 29,000",2 to 4,Policy Holder
No,Urban,57,"30,000 to 39,000",2 to 4,Policy Holder
No,Urban,27,"20,000 to 29,000",1,Policy Holder
No,Urban,39,"20,000 to 29,000",1,Policy Holder
No,Urban,54,"less than 20,000",none,Third Party
No,Urban,44,"30,000 to 39,000",2 to 4,Policy Holder
No,Rural,60,"20,000 to 29,000",none,Policy Holder
No,Urban,38,"20,000 to 29,000",none,Policy Holder
No,Urban,48,"more than 69,000",1,Policy Holder
No,Urban,54,"30,000 to 39,000",more than 4,Policy Holder
No,Urban,43,"20,000 to 29,000",none,Third Party
No,Urban,53,"40,000 to 59,000",more than 4,Policy Holder
No,Urban,28,"20,000 to 29,000",more than 4,Policy Holder
No,Urban,29,"20,000 to 29,000",2 to 4,Policy Holder
No,Urban,38,"20,000 to 29,000",2 to 4,Policy Holder
No,Urban,31,"20,000 to 29,000",1,Policy Holder
No,Urban,35,"more than 69,000",2 to 4,Policy Holder
No,Urban,17,"more than 69,000",none,Third Party
No,Urban,37,"20,000 to 29,000",1,Third Party
No,Rural,44,"more than 69,000",more than 4,Policy Holder
No,Urban,55,"20,000 to 29,000",2 to 4,Third Party
No,Urban,26,"more than 69,000",1,Policy Holder
No,Urban,34,"30,000 to 39,000",2 to 4,Policy Holder
No,Urban,58,"more than 69,000",none,Policy Holder
No,Urban,50,"less than 20,000",none,Third Party
No,Urban,32,"20,000 to 29,000",none,Third Party
No,Urban,50,"20,000 to 29,000",2 to 4,Third Party
Yes,Rural,34,"30,000 to 39,000",none,Policy Holder
No,Urban,60,"more than 69,000",2 to 4,Policy Holder
No,Urban,28,"20,000 to 29,000",none,Policy Holder
No,Urban,32,"20,000 to 29,000",2 to 4,Policy Holder
No,Urban,43,"20,000 to 29,000",1,Policy Holder
No,Urban,35,"30,000 to 39,000",none,Third Party
No,Urban,29,"30,000 to 39,000",2 to 4,Policy Holder
No,Urban,42,"less than 20,000",1,Third Party
No,Urban,0,"more than 69,000",none,Policy Holder
No,Urban,58,"more than 69,000",1,Policy Holder
No,Urban,52,"more than 69,000",2 to 4,Policy Holder
No,Urban,35,"20,000 to 29,000",none,Third Party
No,Rural,42,"30,000 to 39,000",1,Policy Holder
No,Urban,34,"30,000 to 39,000",none,Policy Holder
No,Urban,44,"20,000 to 29,000",more than 4,Policy Holder
Yes,Urban,0,"more than 69,000",none,Policy Holder
No,Rural,38,"more than 69,000",none,Policy Holder
No,Urban,37,"30,000 to 39,000",2 to 4,Policy Holder
No,Urban,29,"30,000 to 39,000",none,Policy Holder
Yes,Urban,45,"less than 20,000",1,Policy Holder
No,Urban,44,"less than 20,000",none,Policy Holder
No,Rural,65,"30,000 to 39,000",1,Policy Holder
Yes,Urban,38,"30,000 to 39,000",2 to 4,Policy Holder
No,Urban,42,"20,000 to 29,000",1,Policy Holder
Yes,Rural,30,"more than 69,000",1,Policy Holder
No,Urban,33,"20,000 to 29,000",more than 4,Policy Holder
Yes,Urban,32,"40,000 to 59,000",2 to 4,Policy Holder
No,Urban,49,"20,000 to 29,000",2 to 4,Policy Holder
Yes,Urban,0,"more than 69,000",none,Policy Holder
Yes,Rural,34,"20,000 to 29,000",1,Policy Holder
No,Urban,31,"30,000 to 39,000",1,Policy Holder
No,Urban,40,"20,000 to 29,000",2 to 4,Policy Holder
No,Urban,33,"30,000 to 39,000",2 to 4,Policy Holder
No,Urban,35,"60,000 to 69,000",1,Policy Holder
No,Urban,39,"20,000 to 29,000",1,Policy Holder
No,Urban,36,"30,000 to 39,000",2 to 4,Policy Holder
No,Urban,30,"60,000 to 69,000",more than 4,Policy Holder
No,Urban,30,"20,000 to 29,000",none,Policy Holder
No,Urban,54,"20,000 to 29,000",2 to 4,Policy Holder
No,Urban,31,"20,000 to 29,000",2 to 4,Policy Holder
No,Urban,51,"30,000 to 39,000",1,Policy Holder
No,Urban,45,"30,000 to 39,000",2 to 4,Third Party
No,Urban,36,"20,000 to 29,000",none,Policy Holder
No,Urban,59,"more than 69,000",2 to 4,Policy Holder
No,Rural,37,"less than 20,000",1,Policy Holder
No,Urban,39,"20,000 to 29,000",1,Policy Holder
No,Urban,55,"30,000 to 39,000",none,Policy Holder
No,Rural,43,"more than 69,000",2 to 4,Policy Holder
No,Urban,27,"20,000 to 29,000",2 to 4,Policy Holder
No,Urban,29,"more than 69,000",1,Policy Holder
No,Urban,33,"more than 69,000",2 to 4,Policy Holder
No,Urban,39,"20,000 to 29,000",more than 4,Policy Holder
No,Urban,54,"20,000 to 29,000",2 to 4,Policy Holder
No,Urban,27,"20,000 to 29,000",more than 4,Third Party
No,Urban,30,"20,000 to 29,000",2 to 4,Policy Holder
No,Urban,27,"20,000 to 29,000",none,Policy Holder
No,Urban,31,"30,000 to 39,000",2 to 4,Third Party
No,Urban,46,"30,000 to 39,000",1,Policy Holder
No,Urban,53,"60,000 to 69,000",2 to 4,Policy Holder
No,Rural,31,"20,000 to 29,000",2 to 4,Third Party
No,Urban,48,"30,000 to 39,000",1,Policy Holder
No,Urban,80,"less than 20,000",1,Policy Holder
No,Urban,33,"20,000 to 29,000",2 to 4,Policy Holder
No,Urban,48,"30,000 to 39,000",2 to 4,Policy Holder
No,Urban,36,"30,000 to 39,000",1,Policy Holder
No,Urban,30,"more than 69,000",none,Policy Holder
No,Urban,32,"20,000 to 29,000",2 to 4,Policy Holder
No,Urban,51,"40,000 to 59,000",1,Third Party
No,Urban,51,"30,000 to 39,000",2 to 4,Third Party
No,Urban,31,"20,000 to 29,000",more than 4,Policy Holder
No,Urban,33,"20,000 to 29,000",1,Policy Holder
No,Urban,41,"more than 69,000",none,Policy Holder
No,Urban,54,"more than 69,000",none,Third Party
No,Urban,45,"more than 69,000",1,Policy Holder
No,Urban,49,"20,000 to 29,000",more than 4,Policy Holder
No,Urban,55,"30,000 to 39,000",1,Policy Holder
Yes,Urban,0,"more than 69,000",none,Policy Holder
Yes,Urban,36,"more than 69,000",1,Policy Holder
No,Urban,33,"20,000 to 29,000",none,Policy Holder
No,Urban,27,"20,000 to 29,000",2 to 4,Third Party
No,Urban,29,"30,000 to 39,000",more than 4,Policy Holder
No,Urban,29,"30,000 to 39,000",2 to 4,Policy Holder
No,Urban,45,"30,000 to 39,000",2 to 4,Policy Holder
No,Urban,34,"20,000 to 29,000",1,Third Party
No,Urban,31,"20,000 to 29,000",1,Policy Holder
No,Urban,40,"20,000 to 29,000",none,Third Party
No,Urban,18,"more than 69,000",none,Policy Holder
No,Urban,55,"more than 69,000",none,Policy Holder
No,Urban,37,"30,000 to 39,000",more than 4,Policy Holder
No,Urban,48,"30,000 to 39,000",2 to 4,Policy Holder
No,Urban,38,"more than 69,000",none,Policy Holder
No,Urban,78,"less than 20,000",none,Policy Holder
No,Urban,42,"20,000 to 29,000",none,Third Party
No,Urban,48,"more than 69,000",2 to 4,Third Party
No,Rural,61,"30,000 to 39,000",1,Policy Holder
No,Urban,42,"more than 69,000",none,Policy Holder
No,Urban,60,"40,000 to 59,000",more than 4,Policy Holder
No,Urban,25,"20,000 to 29,000",2 to 4,Policy Holder
No,Urban,55,"more than 69,000",1,Policy Holder
No,Urban,36,"20,000 to 29,000",1,Policy Holder
No,Urban,51,"20,000 to 29,000",none,Policy Holder
No,Urban,44,"20,000 to 29,000",more than 4,Policy Holder
No,Urban,32,"20,000 to 29,000",1,Policy Holder
No,Urban,39,"20,000 to 29,000",2 to 4,Policy Holder
No,Urban,31,"20,000 to 29,000",none,Policy Holder
Yes,Urban,0,"more than 69,000",1,Policy Holder
No,Urban,44,"20,000 to 29,000",more than 4,Policy Holder
No,Rural,34,"20,000 to 29,000",none,Policy Holder
No,Urban,40,"more than 69,000",2 to 4,Policy Holder
No,Rural,29,"30,000 to 39,000",2 to 4,Policy Holder
No,Urban,30,"20,000 to 29,000",2 to 4,Policy Holder
No,Urban,36,"30,000 to 39,000",more than 4,Policy Holder
No,Rural,36,"20,000 to 29,000",1,Third Party
No,Urban,26,"20,000 to 29,000",none,Policy Holder
No,Urban,40,"20,000 to 29,000",none,Policy Holder
No,Urban,32,"30,000 to 39,000",none,Policy Holder
No,Urban,35,"30,000 to 39,000",none,Third Party
Yes,Urban,29,"30,000 to 39,000",more than 4,Policy Holder
No,Rural,32,"20,000 to 29,000",2 to 4,Third Party
No,Urban,35,"20,000 to 29,000",2 to 4,Policy Holder
Yes,Rural,30,"more than 69,000",2 to 4,Policy Holder
No,Urban,30,"20,000 to 29,000",1,Policy Holder
No,Urban,47,"20,000 to 29,000",more than 4,Policy Holder
No,Urban,50,"40,000 to 59,000",2 to 4,Policy Holder
No,Urban,35,"20,000 to 29,000",more than 4,Policy Holder
No,Urban,63,"less than 20,000",2 to 4,Policy Holder
No,Urban,34,"20,000 to 29,000",none,Policy Holder
No,Rural,40,"20,000 to 29,000",2 to 4,Third Party
No,Urban,17,"more than 69,000",2 to 4,Policy Holder
Yes,Urban,51,"30,000 to 39,000",2 to 4,Policy Holder
No,Urban,47,"20,000 to 29,000",2 to 4,Policy Holder
No,Urban,0,"more than 69,000",2 to 4,Policy Holder
No,Rural,27,"less than 20,000",none,Policy Holder
No,Urban,55,"20,000 to 29,000",2 to 4,Policy Holder
No,Urban,67,"more than 69,000",none,Policy Holder
No,Rural,29,"20,000 to 29,000",2 to 4,Third Party
No,Urban,35,"30,000 to 39,000",1,Policy Holder
No,Urban,36,"20,000 to 29,000",1,Policy Holder
No,Urban,55,"20,000 to 29,000",2 to 4,Policy Holder
No,Urban,36,"less than 20,000",2 to 4,Third Party
No,Urban,0,"more than 69,000",more than 4,Policy Holder
No,Urban,26,"30,000 to 39,000",1,Third Party
No,Rural,37,"20,000 to 29,000",more than 4,Policy Holder
No,Urban,27,"20,000 to 29,000",2 to 4,Policy Holder
No,Urban,48,"20,000 to 29,000",none,Policy Holder
No,Urban,66,"30,000 to 39,000",none,Third Party
No,Urban,60,"20,000 to 29,000",none,Policy Holder
No,Urban,32,"30,000 to 39,000",1,Policy Holder
No,Urban,26,"less than 20,000",none,Policy Holder
No,Urban,28,"20,000 to 29,000",2 to 4,Policy Holder
No,Urban,27,"more than 69,000",more than 4,Policy Holder
Yes,Urban,19,"more than 69,000",none,Policy Holder
No,Urban,43,"more than 69,000",2 to 4,Policy Holder
No,Urban,32,"30,000 to 39,000",more than 4,Policy Holder
No,Urban,33,"more than 69,000",more than 4,Third Party
No,Urban,35,"30,000 to 39,000",2 to 4,Third Party
No,Urban,44,"30,000 to 39,000",2 to 4,Policy Holder
No,Urban,60,"more than 69,000",none,Policy Holder
No,Urban,41,"30,000 to 39,000",1,Third Party
No,Rural,33,"20,000 to 29,000",1,Policy Holder
No,Urban,34,"20,000 to 29,000",none,Policy Holder
No,Urban,42,"20,000 to 29,000",2 to 4,Policy Holder
No,Urban,26,"20,000 to 29,000",more than 4,Third Party
No,Rural,41,"20,000 to 29,000",1,Policy Holder
No,Urban,31,"20,000 to 29,000",2 to 4,Policy Holder
No,Urban,24,"more than 69,000",none,Policy Holder
No,Urban,29,"20,000 to 29,000",1,Policy Holder
No,Urban,31,"30,000 to 39,000",none,Policy Holder
No,Urban,79,"20,000 to 29,000",1,Third Party
No,Urban,49,"30,000 to 39,000",none,Third Party
No,Urban,19,"20,000 to 29,000",1,Policy Holder
No,Urban,28,"20,000 to 29,000",more than 4,Policy Holder
No,Urban,30,"20,000 to 29,000",1,Policy Holder
No,Urban,45,"30,000 to 39,000",none,Policy Holder
No,Urban,41,"20,000 to 29,000",none,Third Party
No,Rural,48,"30,000 to 39,000",1,Policy Holder
No,Urban,46,"30,000 to 39,000",2 to 4,Policy Holder
No,Urban,31,"20,000 to 29,000",2 to 4,Policy Holder
No,Urban,56,"20,000 to 29,000",1,Third Party
No,Urban,37,"20,000 to 29,000",none,Third Party
No,Rural,62,"30,000 to 39,000",2 to 4,Policy Holder
No,Urban,40,"30,000 to 39,000",2 to 4,Policy Holder
No,Urban,45,"20,000 to 29,000",1,Policy Holder
No,Urban,38,"20,000 to 29,000",2 to 4,Third Party
No,Urban,22,"20,000 to 29,000",2 to 4,Third Party
No,Urban,45,"more than 69,000",1,Third Party
No,Urban,38,"20,000 to 29,000",1,Third Party
No,Rural,33,"20,000 to 29,000",none,Policy Holder
No,Urban,30,"30,000 to 39,000",2 to 4,Third Party
No,Urban,55,"20,000 to 29,000",none,Third Party
No,Urban,31,"30,000 to 39,000",1,Policy Holder
No,Urban,55,"20,000 to 29,000",1,Policy Holder
No,Rural,37,"30,000 to 39,000",1,Policy Holder
No,Rural,39,"20,000 to 29,000",1,Policy Holder
No,Urban,29,"30,000 to 39,000",2 to 4,Policy Holder
Yes,Urban,37,"30,000 to 39,000",none,Policy Holder
No,Urban,30,"30,000 to 39,000",none,Third Party
No,Urban,39,"20,000 to 29,000",1,Policy Holder
No,Urban,73,"20,000 to 29,000",more than 4,Policy Holder
No,Urban,32,"20,000 to 29,000",none,Third Party
No,Urban,51,"20,000 to 29,000",2 to 4,Third Party
Yes,Urban,50,"20,000 to 29,000",2 to 4,Policy Holder
Yes,Urban,29,"more than 69,000",1,Policy Holder
No,Urban,61,"less than 20,000",1,Policy Holder
No,Urban,60,"20,000 to 29,000",1,Policy Holder
No,Urban,75,"40,000 to 59,000",more than 4,Policy Holder
No,Urban,27,"20,000 to 29,000",2 to 4,Third Party
No,Urban,27,"20,000 to 29,000",1,Policy Holder
No,Urban,35,"less than 20,000",none,Policy Holder
No,Urban,51,"more than 69,000",2 to 4,Third Party
No,Urban,40,"30,000 to 39,000",2 to 4,Third Party
No,Urban,42,"20,000 to 29,000",none,Policy Holder
No,Urban,68,"20,000 to 29,000",1,Policy Holder
No,Urban,51,"30,000 to 39,000",2 to 4,Policy Holder
No,Urban,43,"30,000 to 39,000",none,Third Party
No,Urban,71,"more than 69,000",1,Policy Holder
No,Urban,37,"20,000 to 29,000",more than 4,Policy Holder
No,Urban,26,"20,000 to 29,000",none,Policy Holder
No,Urban,32,"20,000 to 29,000",none,Policy Holder
No,Urban,33,"20,000 to 29,000",2 to 4,Policy Holder
No,Urban,47,"20,000 to 29,000",2 to 4,Policy Holder
No,Urban,53,"30,000 to 39,000",1,Third Party
Yes,Urban,36,"30,000 to 39,000",1,Policy Holder
No,Urban,41,"30,000 to 39,000",2 to 4,Policy Holder
No,Urban,28,"20,000 to 29,000",1,Policy Holder
No,Urban,24,"20,000 to 29,000",more than 4,Policy Holder
No,Urban,55,"20,000 to 29,000",none,Third Party
No,Urban,65,"more than 69,000",1,Policy Holder
Yes,Urban,47,"more than 69,000",2 to 4,Policy Holder
No,Urban,45,"30,000 to 39,000",1,Policy Holder
No,Urban,43,"more than 69,000",1,Policy Holder
No,Urban,76,"20,000 to 29,000",1,Policy Holder
No,Urban,47,"60,000 to 69,000",none,Policy Holder
No,Rural,55,"20,000 to 29,000",2 to 4,Policy Holder
Yes,Urban,43,"30,000 to 39,000",1,Policy Holder
No,Urban,30,"30,000 to 39,000",more than 4,Policy Holder
No,Urban,28,"30,000 to 39,000",1,Policy Holder
No,Urban,35,"20,000 to 29,000",more than 4,Policy Holder
No,Urban,27,"20,000 to 29,000",2 to 4,Policy Holder
No,Urban,43,"20,000 to 29,000",2 to 4,Policy Holder
No,Urban,0,"more than 69,000",2 to 4,Policy Holder
No,Urban,28,"30,000 to 39,000",none,Third Party
No,Urban,48,"20,000 to 29,000",1,Third Party
No,Urban,35,"20,000 to 29,000",2 to 4,Third Party
No,Urban,29,"20,000 to 29,000",none,Policy Holder
No,Urban,0,"more than 69,000",none,Third Party
No,Urban,0,"more than 69,000",more than 4,Policy Holder
No,Urban,54,"less than 20,000",1,Third Party
No,Urban,28,"20,000 to 29,000",more than 4,Policy Holder
No,Urban,45,"20,000 to 29,000",1,Third Party
No,Urban,29,"20,000 to 29,000",1,Third Party
No,Urban,34,"20,000 to 29,000",1,Policy Holder
No,Urban,32,"20,000 to 29,000",2 to 4,Third Party
No,Urban,35,"20,000 to 29,000",more than 4,Policy Holder
No,Rural,28,"20,000 to 29,000",1,Policy Holder
No,Rural,58,"20,000 to 29,000",none,Third Party
No,Rural,39,"30,000 to 39,000",2 to 4,Policy Holder
No,Urban,38,"20,000 to 29,000",1,Policy Holder
No,Urban,47,"20,000 to 29,000",1,Policy Holder
No,Urban,26,"20,000 to 29,000",2 to 4,Third Party
No,Urban,54,"30,000 to 39,000",none,Policy Holder
No,Urban,51,"more than 69,000",1,Policy Holder
No,Urban,27,"20,000 to 29,000",more than 4,Policy Holder
No,Urban,38,"more than 69,000",more than 4,Policy Holder
No,Urban,41,"more than 69,000",1,Policy Holder
No,Urban,34,"30,000 to 39,000",2 to 4,Policy Holder
No,Urban,58,"30,000 to 39,000",1,Policy Holder
No,Urban,40,"40,000 to 59,000",1,Third Party
No,Urban,44,"20,000 to 29,000",1,Policy Holder
No,Rural,28,"20,000 to 29,000",1,Third Party
No,Urban,27,"30,000 to 39,000",2 to 4,Third Party
No,Urban,52,"20,000 to 29,000",more than 4,Policy Holder
No,Urban,35,"40,000 to 59,000",2 to 4,Third Party
No,Urban,48,"more than 69,000",more than 4,Third Party
No,Urban,35,"20,000 to 29,000",1,Policy Holder
No,Urban,37,"20,000 to 29,000",2 to 4,Policy Holder
No,Rural,44,"30,000 to 39,000",1,Policy Holder
No,Urban,56,"20,000 to 29,000",2 to 4,Policy Holder
No,Urban,46,"30,000 to 39,000",more than 4,Third Party
No,Urban,41,"more than 69,000",more than 4,Policy Holder
No,Rural,46,"more than 69,000",1,Policy Holder
No,Urban,45,"20,000 to 29,000",2 to 4,Policy Holder
No,Urban,48,"30,000 to 39,000",1,Policy Holder
No,Urban,37,"20,000 to 29,000",none,Third Party
No,Urban,31,"20,000 to 29,000",1,Policy Holder
No,Urban,0,"more than 69,000",none,Policy Holder
No,Rural,31,"30,000 to 39,000",1,Policy Holder
No,Urban,45,"more than 69,000",none,Third Party
No,Urban,41,"20,000 to 29,000",1,Third Party
No,Urban,0,"more than 69,000",none,Policy Holder
No,Urban,0,"more than 69,000",2 to 4,Third Party
No,Urban,0,"more than 69,000",none,Policy Holder
No,Urban,45,"20,000 to 29,000",none,Policy Holder
No,Urban,37,"20,000 to 29,000",none,Policy Holder
No,Urban,0,"more than 69,000",none,Policy Holder
No,Urban,72,"more than 69,000",2 to 4,Policy Holder
No,Urban,39,"more than 69,000",2 to 4,Policy Holder
No,Urban,0,"more than 69,000",1,Third Party
No,Urban,0,"more than 69,000",1,Policy Holder
No,Urban,28,"20,000 to 29,000",2 to 4,Policy Holder
No,Urban,26,"more than 69,000",none,Policy Holder
No,Rural,29,"20,000 to 29,000",2 to 4,Policy Holder
Yes,Urban,28,"20,000 to 29,000",more than 4,Policy Holder
No,Urban,37,"40,000 to 59,000",1,Policy Holder
No,Urban,35,"less than 20,000",none,Policy Holder
No,Urban,45,"20,000 to 29,000",2 to 4,Policy Holder
No,Urban,54,"20,000 to 29,000",2 to 4,Third Party
No,Urban,35,"20,000 to 29,000",none,Policy Holder
No,Urban,59,"20,000 to 29,000",more than 4,Policy Holder
No,Urban,27,"20,000 to 29,000",none,Third Party
No,Urban,48,"30,000 to 39,000",more than 4,Policy Holder
No,Rural,33,"20,000 to 29,000",none,Policy Holder
No,Urban,51,"30,000 to 39,000",none,Third Party
No,Urban,64,"more than 69,000",1,Policy Holder
No,Urban,26,"30,000 to 39,000",2 to 4,Third Party
No,Urban,40,"more than 69,000",none,Third Party
No,Urban,30,"30,000 to 39,000",none,Policy Holder
No,Urban,27,"20,000 to 29,000",2 to 4,Policy Holder
Yes,Rural,20,"more than 69,000",2 to 4,Policy Holder
No,Urban,61,"20,000 to 29,000",more than 4,Policy Holder
No,Urban,34,"20,000 to 29,000",none,Policy Holder
No,Urban,41,"20,000 to 29,000",none,Policy Holder
No,Urban,40,"more than 69,000",2 to 4,Policy Holder
No,Rural,40,"20,000 to 29,000",1,Third Party
No,Urban,30,"20,000 to 29,000",2 to 4,Policy Holder
No,Urban,40,"20,000 to 29,000",2 to 4,Third Party
No,Rural,76,"20,000 to 29,000",none,Policy Holder
No,Rural,28,"20,000 to 29,000",1,Policy Holder
No,Urban,64,"20,000 to 29,000",1,Policy Holder
Yes,Urban,40,"30,000 to 39,000",2 to 4,Third Party
No,Urban,29,"30,000 to 39,000",none,Policy Holder
No,Rural,69,"20,000 to 29,000",none,Policy Holder
No,Urban,45,"30,000 to 39,000",1,Third Party
No,Urban,29,"20,000 to 29,000",2 to 4,Third Party
No,Urban,58,"20,000 to 29,000",more than 4,Policy Holder
No,Urban,40,"20,000 to 29,000",none,Third Party
No,Urban,32,"20,000 to 29,000",1,Policy Holder
No,Urban,28,"less than 20,000",2 to 4,Policy Holder
No,Urban,40,"20,000 to 29,000",2 to 4,Policy Holder
No,Urban,43,"more than 69,000",none,Policy Holder
No,Urban,67,"20,000 to 29,000",2 to 4,Third Party
No,Urban,32,"20,000 to 29,000",more than 4,Third Party
No,Urban,44,"30,000 to 39,000",2 to 4,Policy Holder
Yes,Urban,44,"20,000 to 29,000",none,Policy Holder
No,Urban,29,"30,000 to 39,000",2 to 4,Policy Holder
No,Urban,58,"30,000 to 39,000",2 to 4,Third Party
No,Urban,63,"more than 69,000",none,Policy Holder
No,Urban,55,"less than 20,000",1,Policy Holder
No,Urban,61,"more than 69,000",none,Third Party
No,Urban,48,"20,000 to 29,000",2 to 4,Policy Holder
No,Urban,29,"30,000 to 39,000",2 to 4,Third Party
No,Urban,28,"more than 69,000",2 to 4,Policy Holder
No,Urban,39,"40,000 to 59,000",more than 4,Policy Holder
No,Urban,65,"20,000 to 29,000",1,Policy Holder
No,Urban,26,"20,000 to 29,000",more than 4,Policy Holder
No,Urban,48,"20,000 to 29,000",1,Third Party
No,Urban,44,"less than 20,000",none,Third Party
No,Urban,40,"20,000 to 29,000",2 to 4,Third Party
No,Urban,42,"20,000 to 29,000",none,Policy Holder
No,Urban,28,"30,000 to 39,000",none,Policy Holder
No,Rural,27,"30,000 to 39,000",2 to 4,Policy Holder
No,Urban,21,"20,000 to 29,000",2 to 4,Policy Holder
No,Urban,37,"20,000 to 29,000",2 to 4,Policy Holder
No,Rural,24,"more than 69,000",2 to 4,Third Party
No,Urban,31,"more than 69,000",1,Policy Holder
No,Urban,54,"20,000 to 29,000",more than 4,Policy Holder
No,Urban,55,"20,000 to 29,000",2 to 4,Policy Holder
Yes,Urban,65,"more than 69,000",none,Policy Holder
No,Urban,48,"20,000 to 29,000",more than 4,Policy Holder
No,Urban,31,"30,000 to 39,000",2 to 4,Policy Holder
No,Urban,29,"less than 20,000",2 to 4,Policy Holder
No,Urban,31,"20,000 to 29,000",1,Third Party
No,Urban,22,"more than 69,000",none,Policy Holder
No,Urban,50,"20,000 to 29,000",none,Policy Holder
No,Urban,31,"20,000 to 29,000",2 to 4,Third Party
No,Urban,41,"20,000 to 29,000",1,Policy Holder
No,Urban,43,"20,000 to 29,000",none,Third Party
No,Rural,32,"20,000 to 29,000",2 to 4,Third Party
No,Urban,39,"more than 69,000",2 to 4,Policy Holder
No,Urban,0,"more than 69,000",1,Policy Holder
Yes,Rural,41,"more than 69,000",none,Third Party
Yes,Urban,55,"30,000 to 39,000",2 to 4,Policy Holder
No,Urban,33,"more than 69,000",1,Third Party
No,Urban,37,"30,000 to 39,000",2 to 4,Policy Holder
No,Urban,41,"20,000 to 29,000",more than 4,Policy Holder
No,Urban,34,"30,000 to 39,000",1,Policy Holder
No,Urban,43,"more than 69,000",2 to 4,Policy Holder
No,Urban,62,"20,000 to 29,000",2 to 4,Third Party
No,Urban,35,"20,000 to 29,000",2 to 4,Policy Holder
No,Urban,48,"less than 20,000",1,Policy Holder
No,Rural,36,"30,000 to 39,000",2 to 4,Policy Holder
No,Urban,39,"30,000 to 39,000",2 to 4,Third Party
No,Urban,28,"30,000 to 39,000",more than 4,Policy Holder
No,Urban,49,"30,000 to 39,000",2 to 4,Policy Holder
No,Urban,61,"30,000 to 39,000",more than 4,Policy Holder
No,Urban,50,"20,000 to 29,000",none,Policy Holder
No,Urban,53,"40,000 to 59,000",none,Policy Holder
No,Urban,43,"20,000 to 29,000",1,Policy Holder
No,Urban,31,"20,000 to 29,000",2 to 4,Policy Holder
No,Urban,50,"30,000 to 39,000",2 to 4,Policy Holder
No,Urban,44,"40,000 to 59,000",none,Policy Holder
No,Urban,76,"20,000 to 29,000",1,Policy Holder
No,Urban,31,"20,000 to 29,000",none,Policy Holder
No,Urban,42,"20,000 to 29,000",2 to 4,Policy Holder
No,Urban,40,"less than 20,000",none,Policy Holder
Yes,Urban,32,"30,000 to 39,000",2 to 4,Policy Holder
No,Urban,59,"less than 20,000",1,Policy Holder
No,Rural,31,"20,000 to 29,000",more than 4,Policy Holder
No,Rural,49,"20,000 to 29,000",2 to 4,Third Party
No,Urban,65,"30,000 to 39,000",none,Policy Holder
No,Urban,30,"less than 20,000",1,Policy Holder
No,Urban,26,"20,000 to 29,000",2 to 4,Policy Holder
No,Urban,36,"more than 69,000",2 to 4,Policy Holder
No,Urban,18,"20,000 to 29,000",1,Third Party
No,Urban,35,"20,000 to 29,000",2 to 4,Policy Holder
No,Urban,32,"20,000 to 29,000",2 to 4,Third Party
No,Urban,69,"20,000 to 29,000",1,Policy Holder
No,Urban,29,"20,000 to 29,000",none,Policy Holder
No,Rural,41,"more than 69,000",2 to 4,Policy Holder
No,Urban,61,"more than 69,000",none,Policy Holder
No,Urban,45,"20,000 to 29,000",1,Policy Holder
No,Urban,50,"30,000 to 39,000",2 to 4,Policy Holder
No,Urban,56,"more than 69,000",more than 4,Policy Holder
No,Urban,34,"20,000 to 29,000",none,Policy Holder
No,Urban,34,"20,000 to 29,000",1,Policy Holder
No,Urban,76,"less than 20,000",2 to 4,Third Party
No,Rural,30,"20,000 to 29,000",none,Policy Holder
No,Urban,24,"20,000 to 29,000",1,Policy Holder
No,Urban,32,"40,000 to 59,000",more than 4,Policy Holder
No,Urban,39,"20,000 to 29,000",none,Policy Holder
No,Urban,48,"30,000 to 39,000",2 to 4,Policy Holder
No,Urban,36,"20,000 to 29,000",none,Policy Holder
No,Urban,39,"20,000 to 29,000",2 to 4,Policy Holder
No,Urban,39,"20,000 to 29,000",2 to 4,Policy Holder
No,Urban,42,"30,000 to 39,000",more than 4,Policy Holder
No,Rural,44,"30,000 to 39,000",1,Third Party
No,Urban,24,"20,000 to 29,000",1,Policy Holder
No,Urban,77,"20,000 to 29,000",2 to 4,Policy Holder
No,Rural,43,"30,000 to 39,000",more than 4,Policy Holder
No,Urban,33,"20,000 to 29,000",1,Third Party
No,Urban,18,"20,000 to 29,000",none,Policy Holder
No,Urban,30,"30,000 to 39,000",1,Policy Holder
No,Urban,66,"less than 20,000",2 to 4,Policy Holder
Yes,Urban,0,"more than 69,000",none,Policy Holder
No,Urban,55,"20,000 to 29,000",2 to 4,Policy Holder
No,Urban,56,"more than 69,000",2 to 4,Third Party
No,Urban,21,"20,000 to 29,000",2 to 4,Policy Holder
No,Urban,38,"30,000 to 39,000",none,Policy Holder
No,Urban,29,"20,000 to 29,000",more than 4,Third Party
No,Urban,28,"40,000 to 59,000",2 to 4,Policy Holder
No,Rural,34,"20,000 to 29,000",2 to 4,Third Party
No,Urban,36,"less than 20,000",none,Policy Holder
No,Urban,50,"30,000 to 39,000",2 to 4,Policy Holder
No,Urban,42,"more than 69,000",2 to 4,Policy Holder
No,Urban,65,"more than 69,000",none,Policy Holder
No,Urban,35,"more than 69,000",none,Policy Holder
No,Urban,64,"20,000 to 29,000",1,Third Party
No,Urban,38,"20,000 to 29,000",more than 4,Policy Holder
No,Urban,39,"20,000 to 29,000",2 to 4,Policy Holder
No,Urban,52,"20,000 to 29,000",2 to 4,Policy Holder
No,Rural,52,"20,000 to 29,000",2 to 4,Policy Holder
No,Urban,26,"20,000 to 29,000",1,Policy Holder
No,Urban,48,"20,000 to 29,000",none,Third Party
No,Urban,40,"more than 69,000",2 to 4,Policy Holder
No,Urban,38,"30,000 to 39,000",2 to 4,Policy Holder
No,Urban,0,"more than 69,000",1,Policy Holder
No,Urban,0,"more than 69,000",1,Policy Holder
No,Urban,29,"20,000 to 29,000",2 to 4,Third Party
No,Urban,67,"20,000 to 29,000",1,Policy Holder
No,Urban,36,"more than 69,000",1,Policy Holder
No,Urban,25,"20,000 to 29,000",none,Policy Holder
No,Urban,41,"20,000 to 29,000",none,Policy Holder
No,Urban,39,"20,000 to 29,000",2 to 4,Policy Holder
No,Urban,54,"more than 69,000",none,Third Party
No,Urban,33,"20,000 to 29,000",2 to 4,Third Party
No,Urban,38,"20,000 to 29,000",none,Third Party
No,Urban,77,"more than 69,000",2 to 4,Policy Holder
No,Urban,38,"more than 69,000",none,Third Party
No,Urban,38,"30,000 to 39,000",none,Policy Holder
No,Urban,63,"less than 20,000",none,Policy Holder
No,Urban,30,"20,000 to 29,000",2 to 4,Policy Holder
Yes,Urban,35,"20,000 to 29,000",2 to 4,Policy Holder
Yes,Urban,42,"30,000 to 39,000",none,Third Party
Yes,Urban,55,"40,000 to 59,000",1,Policy Holder
No,Urban,33,"more than 69,000",more than 4,Policy Holder
No,Urban,37,"20,000 to 29,000",none,Third Party
No,Urban,26,"20,000 to 29,000",1,Third Party
No,Urban,30,"20,000 to 29,000",1,Policy Holder
No,Urban,50,"less than 20,000",none,Policy Holder
No,Urban,65,"30,000 to 39,000",1,Policy Holder
No,Rural,32,"30,000 to 39,000",none,Policy Holder
No,Urban,45,"20,000 to 29,000",2 to 4,Third Party
No,Urban,26,"30,000 to 39,000",2 to 4,Policy Holder
No,Urban,32,"20,000 to 29,000",2 to 4,Policy Holder
No,Urban,38,"20,000 to 29,000",1,Policy Holder
No,Urban,50,"20,000 to 29,000",1,Policy Holder
No,Urban,71,"more than 69,000",none,Policy Holder
No,Urban,39,"20,000 to 29,000",2 to 4,Policy Holder
No,Rural,53,"20,000 to 29,000",1,Policy Holder
No,Urban,46,"more than 69,000",none,Third Party
No,Urban,33,"20,000 to 29,000",1,Third Party
No,Urban,0,"more than 69,000",1,Third Party
No,Urban,56,"20,000 to 29,000",2 to 4,Third Party
No,Urban,34,"20,000 to 29,000",2 to 4,Policy Holder
No,Urban,38,"more than 69,000",1,Third Party
No,Urban,35,"20,000 to 29,000",2 to 4,Third Party
No,Rural,73,"30,000 to 39,000",none,Policy Holder
Yes,Rural,55,"less than 20,000",none,Policy Holder
No,Urban,29,"30,000 to 39,000",2 to 4,Policy Holder
No,Urban,30,"30,000 to 39,000",more than 4,Policy Holder
No,Urban,57,"20,000 to 29,000",2 to 4,Policy Holder
No,Urban,38,"40,000 to 59,000",none,Policy Holder
No,Urban,38,"20,000 to 29,000",none,Policy Holder
Yes,Rural,45,"20,000 to 29,000",2 to 4,Policy Holder
No,Urban,38,"20,000 to 29,000",1,Policy Holder
No,Urban,27,"20,000 to 29,000",none,Policy Holder
No,Urban,31,"30,000 to 39,000",2 to 4,Policy Holder
No,Urban,47,"more than 69,000",none,Policy Holder
No,Rural,41,"20,000 to 29,000",1,Third Party
No,Urban,36,"20,000 to 29,000",2 to 4,Policy Holder
No,Urban,19,"less than 20,000",1,Policy Holder
No,Urban,34,"40,000 to 59,000",2 to 4,Policy Holder
No,Urban,56,"30,000 to 39,000",2 to 4,Third Party
No,Urban,37,"less than 20,000",1,Policy Holder
No,Urban,51,"less than 20,000",none,Policy Holder
Yes,Urban,44,"less than 20,000",none,Policy Holder
No,Urban,63,"more than 69,000",2 to 4,Policy Holder
No,Urban,52,"more than 69,000",none,Third Party
No,Urban,36,"20,000 to 29,000",none,Policy Holder
No,Urban,37,"30,000 to 39,000",more than 4,Third Party
Yes,Urban,64,"less than 20,000",none,Policy Holder
No,Urban,26,"30,000 to 39,000",1,Policy Holder
No,Urban,52,"more than 69,000",1,Third Party
No,Urban,43,"20,000 to 29,000",none,Policy Holder
No,Urban,29,"20,000 to 29,000",none,Third Party
No,Urban,68,"20,000 to 29,000",none,Policy Holder
No,Urban,42,"30,000 to 39,000",none,Third Party
No,Urban,77,"more than 69,000",2 to 4,Policy Holder
No,Urban,24,"20,000 to 29,000",2 to 4,Third Party
No,Urban,0,"more than 69,000",2 to 4,Policy Holder
No,Urban,40,"less than 20,000",1,Policy Holder
No,Urban,72,"30,000 to 39,000",2 to 4,Policy Holder
Yes,Urban,33,"more than 69,000",2 to 4,Policy Holder
No,Rural,33,"20,000 to 29,000",more than 4,Policy Holder
Yes,Urban,57,"20,000 to 29,000",none,Policy Holder
No,Rural,29,"20,000 to 29,000",1,Policy Holder
No,Urban,65,"30,000 to 39,000",1,Third Party
No,Rural,50,"20,000 to 29,000",none,Policy Holder
No,Urban,33,"20,000 to 29,000",1,Third Party
No,Urban,49,"20,000 to 29,000",none,Policy Holder
No,Urban,46,"30,000 to 39,000",2 to 4,Policy Holder
No,Rural,69,"less than 20,000",none,Third Party
No,Rural,41,"20,000 to 29,000",more than 4,Policy Holder
No,Urban,30,"30,000 to 39,000",2 to 4,Third Party
No,Urban,33,"20,000 to 29,000",1,Policy Holder
No,Urban,43,"30,000 to 39,000",1,Third Party
No,Urban,29,"20,000 to 29,000",2 to 4,Policy Holder
No,Urban,30,"30,000 to 39,000",more than 4,Policy Holder
No,Urban,37,"30,000 to 39,000",none,Policy Holder
No,Urban,61,"20,000 to 29,000",more than 4,Policy Holder
Yes,Urban,43,"20,000 to 29,000",none,Policy Holder
No,Urban,45,"30,000 to 39,000",2 to 4,Policy Holder
Yes,Urban,29,"20,000 to 29,000",1,Policy Holder
No,Urban,30,"less than 20,000",1,Third Party
No,Urban,43,"20,000 to 29,000",more than 4,Policy Holder
No,Urban,35,"20,000 to 29,000",none,Policy Holder
No,Urban,54,"30,000 to 39,000",2 to 4,Policy Holder
No,Urban,34,"30,000 to 39,000",more than 4,Policy Holder
No,Urban,41,"30,000 to 39,000",2 to 4,Policy Holder
No,Urban,37,"less than 20,000",2 to 4,Policy Holder
No,Rural,39,"20,000 to 29,000",2 to 4,Third Party
No,Urban,32,"20,000 to 29,000",2 to 4,Policy Holder
No,Urban,36,"more than 69,000",2 to 4,Policy Holder
No,Urban,31,"20,000 to 29,000",none,Policy Holder
No,Urban,36,"20,000 to 29,000",2 to 4,Policy Holder
No,Urban,42,"30,000 to 39,000",1,Policy Holder
No,Urban,23,"20,000 to 29,000",1,Policy Holder
No,Urban,29,"30,000 to 39,000",more than 4,Policy Holder
No,Rural,52,"20,000 to 29,000",none,Third Party
No,Rural,46,"30,000 to 39,000",none,Policy Holder
Yes,Urban,52,"more than 69,000",1,Policy Holder
No,Urban,0,"more than 69,000",2 to 4,Policy Holder
No,Urban,0,"more than 69,000",1,Policy Holder
No,Rural,48,"more than 69,000",none,Policy Holder
No,Urban,41,"30,000 to 39,000",2 to 4,Third Party
No,Urban,31,"20,000 to 29,000",1,Third Party
No,Urban,27,"less than 20,000",2 to 4,Policy Holder
No,Urban,28,"more than 69,000",none,Policy Holder
No,Urban,42,"20,000 to 29,000",2 to 4,Third Party
No,Urban,29,"20,000 to 29,000",none,Policy Holder
No,Urban,21,"20,000 to 29,000",2 to 4,Policy Holder
No,Urban,27,"more than 69,000",none,Policy Holder
No,Urban,30,"20,000 to 29,000",none,Third Party
Yes,Urban,0,"more than 69,000",1,Policy Holder
No,Urban,26,"less than 20,000",none,Policy Holder
No,Urban,35,"20,000 to 29,000",none,Third Party
No,Urban,27,"20,000 to 29,000",1,Third Party
No,Urban,29,"20,000 to 29,000",1,Policy Holder
No,Urban,42,"20,000 to 29,000",2 to 4,Policy Holder
No,Urban,39,"20,000 to 29,000",more than 4,Policy Holder
No,Urban,48,"more than 69,000",2 to 4,Policy Holder
No,Urban,28,"20,000 to 29,000",2 to 4,Third Party
No,Urban,41,"more than 69,000",1,Policy Holder
No,Urban,60,"20,000 to 29,000",1,Policy Holder
No,Urban,42,"20,000 to 29,000",1,Third Party
No,Urban,26,"more than 69,000",more than 4,Policy Holder
No,Urban,31,"20,000 to 29,000",2 to 4,Policy Holder
No,Urban,38,"20,000 to 29,000",2 to 4,Third Party
No,Urban,27,"30,000 to 39,000",1,Policy Holder
No,Urban,37,"30,000 to 39,000",2 to 4,Policy Holder
No,Urban,55,"less than 20,000",2 to 4,Policy Holder
Yes,Urban,73,"less than 20,000",none,Policy Holder
No,Urban,34,"more than 69,000",more than 4,Policy Holder
No,Urban,31,"30,000 to 39,000",2 to 4,Policy Holder
No,Urban,32,"30,000 to 39,000",1,Policy Holder
No,Urban,30,"20,000 to 29,000",none,Policy Holder
No,Urban,35,"20,000 to 29,000",more than 4,Policy Holder
No,Urban,38,"more than 69,000",1,Policy Holder
No,Urban,55,"30,000 to 39,000",none,Policy Holder
No,Urban,31,"20,000 to 29,000",2 to 4,Third Party
No,Rural,32,"30,000 to 39,000",none,Policy Holder
No,Urban,41,"30,000 to 39,000",2 to 4,Policy Holder
No,Urban,30,"20,000 to 29,000",2 to 4,Policy Holder
No,Rural,33,"30,000 to 39,000",none,Policy Holder
No,Urban,64,"20,000 to 29,000",more than 4,Third Party
No,Urban,21,"20,000 to 29,000",more than 4,Policy Holder
No,Urban,60,"20,000 to 29,000",1,Policy Holder
No,Urban,53,"30,000 to 39,000",2 to 4,Policy Holder
No,Urban,32,"more than 69,000",none,Third Party
No,Urban,29,"30,000 to 39,000",2 to 4,Third Party
No,Rural,61,"more than 69,000",2 to 4,Policy Holder
No,Urban,25,"more than 69,000",2 to 4,Policy Holder
Yes,Urban,52,"30,000 to 39,000",2 to 4,Policy Holder
No,Urban,53,"less than 20,000",none,Policy Holder
No,Urban,47,"more than 69,000",more than 4,Third Party
No,Urban,39,"30,000 to 39,000",more than 4,Policy Holder
No,Rural,49,"20,000 to 29,000",none,Policy Holder
No,Urban,34,"20,000 to 29,000",more than 4,Policy Holder
No,Urban,40,"30,000 to 39,000",none,Policy Holder
No,Urban,16,"more than 69,000",1,Third Party
No,Urban,44,"30,000 to 39,000",2 to 4,Policy Holder
No,Urban,28,"30,000 to 39,000",none,Policy Holder
No,Urban,51,"40,000 to 59,000",2 to 4,Policy Holder
No,Urban,23,"more than 69,000",1,Policy Holder
No,Rural,28,"20,000 to 29,000",1,Policy Holder
No,Urban,42,"30,000 to 39,000",2 to 4,Policy Holder
No,Urban,66,"more than 69,000",none,Policy Holder
No,Urban,44,"30,000 to 39,000",more than 4,Policy Holder
No,Urban,52,"30,000 to 39,000",1,Third Party
No,Rural,59,"20,000 to 29,000",none,Policy Holder
No,Urban,30,"20,000 to 29,000",1,Policy Holder
No,Urban,34,"more than 69,000",1,Third Party
No,Urban,37,"30,000 to 39,000",2 to 4,Policy Holder
Yes,Urban,50,"more than 69,000",none,Policy Holder
No,Urban,43,"20,000 to 29,000",2 to 4,Third Party
No,Urban,44,"30,000 to 39,000",more than 4,Policy Holder
No,Urban,32,"20,000 to 29,000",1,Policy Holder
Yes,Urban,42,"20,000 to 29,000",1,Policy Holder
No,Urban,21,"20,000 to 29,000",1,Third Party
No,Urban,34,"more than 69,000",2 to 4,Policy Holder
No,Urban,55,"20,000 to 29,000",1,Policy Holder
No,Urban,0,"more than 69,000",none,Policy Holder
No,Rural,40,"more than 69,000",2 to 4,Policy Holder
No,Urban,45,"20,000 to 29,000",2 to 4,Policy Holder
No,Urban,38,"30,000 to 39,000",2 to 4,Policy Holder
No,Urban,32,"more than 69,000",2 to 4,Policy Holder
No,Urban,35,"30,000 to 39,000",2 to 4,Third Party
No,Urban,34,"20,000 to 29,000",none,Third Party
No,Urban,35,"40,000 to 59,000",more than 4,Policy Holder
No,Urban,37,"20,000 to 29,000",1,Policy Holder
No,Urban,35,"20,000 to 29,000",1,Third Party
No,Urban,53,"20,000 to 29,000",2 to 4,Third Party
No,Urban,31,"30,000 to 39,000",1,Policy Holder
No,Urban,32,"less than 20,000",none,Policy Holder
No,Urban,55,"20,000 to 29,000",2 to 4,Policy Holder
No,Urban,65,"20,000 to 29,000",2 to 4,Third Party
No,Rural,27,"20,000 to 29,000",2 to 4,Policy Holder
No,Urban,51,"30,000 to 39,000",2 to 4,Policy Holder
Yes,Urban,32,"20,000 to 29,000",1,Policy Holder
Yes,Urban,60,"20,000 to 29,000",1,Policy Holder
No,Urban,26,"20,000 to 29,000",none,Policy Holder
No,Urban,42,"20,000 to 29,000",1,Policy Holder
No,Urban,72,"more than 69,000",none,Policy Holder
No,Urban,31,"20,000 to 29,000",2 to 4,Third Party
No,Urban,29,"more than 69,000",1,Policy Holder
No,Urban,28,"20,000 to 29,000",2 to 4,Policy Holder
No,Urban,30,"20,000 to 29,000",none,Policy Holder
No,Urban,64,"30,000 to 39,000",2 to 4,Policy Holder
No,Urban,26,"more than 69,000",2 to 4,Third Party
No,Urban,47,"30,000 to 39,000",2 to 4,Third Party
No,Urban,39,"less than 20,000",1,Policy Holder
No,Urban,34,"less than 20,000",1,Policy Holder
No,Rural,74,"40,000 to 59,000",2 to 4,Policy Holder
Yes,Urban,40,"30,000 to 39,000",2 to 4,Policy Holder
No,Urban,28,"20,000 to 29,000",none,Third Party
No,Urban,34,"more than 69,000",2 to 4,Policy Holder
No,Urban,28,"20,000 to 29,000",2 to 4,Policy Holder
No,Rural,39,"30,000 to 39,000",none,Third Party
No,Urban,30,"30,000 to 39,000",1,Policy Holder
No,Urban,0,"more than 69,000",1,Policy Holder
No,Urban,19,"20,000 to 29,000",2 to 4,Policy Holder
Yes,Rural,34,"30,000 to 39,000",2 to 4,Policy Holder
No,Urban,45,"30,000 to 39,000",2 to 4,Third Party
No,Urban,0,"more than 69,000",1,Policy Holder
No,Urban,37,"20,000 to 29,000",more than 4,Third Party
No,Urban,31,"more than 69,000",none,Policy Holder
No,Rural,44,"30,000 to 39,000",none,Policy Holder
No,Urban,35,"20,000 to 29,000",2 to 4,Third Party
No,Rural,33,"30,000 to 39,000",2 to 4,Policy Holder
No,Urban,48,"20,000 to 29,000",2 to 4,Policy Holder
No,Urban,27,"more than 69,000",2 to 4,Policy Holder
No,Urban,34,"20,000 to 29,000",none,Policy Holder
No,Urban,60,"20,000 to 29,000",none,Third Party
No,Urban,36,"20,000 to 29,000",2 to 4,Third Party
No,Urban,42,"less than 20,000",none,Policy Holder
No,Urban,22,"20,000 to 29,000",none,Third Party
No,Urban,28,"20,000 to 29,000",1,Third Party
No,Urban,42,"30,000 to 39,000",more than 4,Policy Holder
No,Urban,30,"20,000 to 29,000",2 to 4,Third Party
No,Urban,43,"20,000 to 29,000",none,Policy Holder
No,Urban,65,"20,000 to 29,000",2 to 4,Policy Holder
No,Urban,44,"30,000 to 39,000",more than 4,Policy Holder
No,Urban,62,"30,000 to 39,000",2 to 4,Policy Holder
Yes,Urban,43,"20,000 to 29,000",none,Policy Holder
No,Urban,36,"20,000 to 29,000",none,Policy Holder
No,Urban,43,"20,000 to 29,000",none,Third Party
No,Urban,49,"more than 69,000",none,Third Party
Yes,Urban,50,"20,000 to 29,000",none,Policy Holder
Yes,Urban,58,"less than 20,000",none,Policy Holder
No,Urban,28,"20,000 to 29,000",none,Policy Holder
No,Rural,34,"30,000 to 39,000",1,Policy Holder
No,Urban,43,"20,000 to 29,000",none,Third Party
No,Urban,41,"20,000 to 29,000",none,Third Party
No,Urban,38,"more than 69,000",2 to 4,Policy Holder
No,Urban,29,"20,000 to 29,000",2 to 4,Policy Holder
No,Urban,31,"less than 20,000",2 to 4,Policy Holder
No,Urban,35,"less than 20,000",1,Policy Holder
No,Urban,53,"more than 69,000",2 to 4,Policy Holder
No,Urban,64,"20,000 to 29,000",more than 4,Policy Holder
No,Urban,38,"30,000 to 39,000",none,Policy Holder
No,Urban,26,"20,000 to 29,000",1,Policy Holder
No,Urban,28,"20,000 to 29,000",2 to 4,Policy Holder
No,Urban,29,"20,000 to 29,000",2 to 4,Third Party
No,Urban,34,"20,000 to 29,000",2 to 4,Policy Holder
No,Urban,55,"30,000 to 39,000",1,Third Party
No,Rural,21,"20,000 to 29,000",2 to 4,Policy Holder
No,Urban,27,"30,000 to 39,000",2 to 4,Policy Holder
No,Urban,32,"20,000 to 29,000",2 to 4,Third Party
No,Rural,54,"20,000 to 29,000",1,Third Party
No,Urban,32,"20,000 to 29,000",none,Policy Holder
No,Urban,42,"more than 69,000",none,Policy Holder
No,Urban,38,"30,000 to 39,000",2 to 4,Policy Holder
No,Urban,53,"20,000 to 29,000",1,Policy Holder
No,Urban,43,"30,000 to 39,000",1,Policy Holder
No,Urban,41,"30,000 to 39,000",none,Third Party
No,Urban,31,"20,000 to 29,000",none,Third Party
No,Urban,28,"less than 20,000",none,Policy Holder
No,Urban,43,"40,000 to 59,000",1,Policy Holder
No,Rural,42,"20,000 to 29,000",2 to 4,Third Party
No,Urban,62,"20,000 to 29,000",2 to 4,Policy Holder
No,Urban,32,"30,000 to 39,000",2 to 4,Policy Holder
No,Urban,28,"20,000 to 29,000",none,Third Party
No,Urban,53,"20,000 to 29,000",none,Policy Holder
Yes,Urban,32,"20,000 to 29,000",1,Policy Holder
No,Urban,45,"less than 20,000",none,Third Party
No,Urban,55,"20,000 to 29,000",more than 4,Third Party
No,Urban,43,"30,000 to 39,000",1,Third Party
No,Urban,44,"20,000 to 29,000",none,Policy Holder
No,Urban,63,"20,000 to 29,000",none,Third Party
No,Urban,53,"30,000 to 39,000",1,Policy Holder
No,Urban,47,"20,000 to 29,000",none,Policy Holder
No,Urban,35,"20,000 to 29,000",more than 4,Policy Holder
No,Rural,31,"30,000 to 39,000",1,Third Party
Yes,Urban,51,"more than 69,000",2 to 4,Policy Holder
No,Urban,78,"20,000 to 29,000",none,Policy Holder
No,Urban,32,"more than 69,000",none,Policy Holder
Yes,Rural,28,"20,000 to 29,000",1,Policy Holder
No,Urban,35,"30,000 to 39,000",2 to 4,Policy Holder
No,Urban,41,"30,000 to 39,000",1,Policy Holder
No,Urban,33,"more than 69,000",more than 4,Third Party
No,Urban,34,"more than 69,000",more than 4,Third Party
No,Urban,28,"30,000 to 39,000",none,Policy Holder
No,Urban,46,"20,000 to 29,000",none,Policy Holder
No,Rural,38,"30,000 to 39,000",2 to 4,Policy Holder
No,Urban,31,"30,000 to 39,000",none,Policy Holder
No,Urban,38,"30,000 to 39,000",none,Third Party
No,Urban,43,"30,000 to 39,000",none,Policy Holder
No,Urban,49,"20,000 to 29,000",none,Policy Holder
No,Urban,26,"20,000 to 29,000",2 to 4,Policy Holder
No,Urban,28,"30,000 to 39,000",2 to 4,Policy Holder
No,Urban,42,"20,000 to 29,000",1,Policy Holder
No,Urban,49,"20,000 to 29,000",none,Policy Holder
No,Urban,50,"more than 69,000",none,Policy Holder
No,Urban,48,"60,000 to 69,000",2 to 4,Third Party
No,Urban,46,"20,000 to 29,000",2 to 4,Policy Holder
No,Urban,45,"20,000 to 29,000",1,Policy Holder
No,Urban,47,"more than 69,000",1,Policy Holder
No,Urban,42,"more than 69,000",more than 4,Policy Holder
Yes,Rural,33,"20,000 to 29,000",2 to 4,Policy Holder
No,Urban,29,"20,000 to 29,000",more than 4,Policy Holder
No,Urban,44,"more than 69,000",more than 4,Policy Holder
No,Rural,28,"less than 20,000",2 to 4,Policy Holder
No,Urban,32,"20,000 to 29,000",2 to 4,Policy Holder
No,Urban,30,"20,000 to 29,000",2 to 4,Third Party
No,Urban,41,"30,000 to 39,000",2 to 4,Policy Holder
No,Urban,35,"30,000 to 39,000",2 to 4,Third Party
No,Urban,37,"more than 69,000",1,Third Party
No,Urban,54,"20,000 to 29,000",none,Third Party
Yes,Urban,61,"30,000 to 39,000",more than 4,Policy Holder
No,Urban,66,"less than 20,000",none,Policy Holder
No,Urban,58,"30,000 to 39,000",2 to 4,Policy Holder
No,Urban,32,"20,000 to 29,000",1,Policy Holder
No,Urban,0,"more than 69,000",2 to 4,Policy Holder
No,Urban,54,"20,000 to 29,000",none,Third Party
No,Urban,27,"30,000 to 39,000",2 to 4,Policy Holder
No,Urban,37,"20,000 to 29,000",2 to 4,Policy Holder
No,Urban,59,"20,000 to 29,000",1,Policy Holder
No,Urban,39,"30,000 to 39,000",more than 4,Policy Holder
No,Urban,26,"30,000 to 39,000",2 to 4,Third Party
No,Urban,41,"20,000 to 29,000",none,Policy Holder
No,Urban,31,"20,000 to 29,000",1,Policy Holder
No,Urban,42,"less than 20,000",none,Policy Holder
No,Urban,42,"20,000 to 29,000",none,Policy Holder
No,Urban,35,"20,000 to 29,000",1,Policy Holder
Yes,Rural,26,"20,000 to 29,000",none,Policy Holder
No,Urban,34,"more than 69,000",2 to 4,Third Party
No,Urban,34,"20,000 to 29,000",none,Third Party
No,Urban,51,"more than 69,000",none,Policy Holder
No,Urban,29,"20,000 to 29,000",2 to 4,Policy Holder
No,Urban,51,"20,000 to 29,000",more than 4,Policy Holder
No,Rural,27,"more than 69,000",2 to 4,Policy Holder
No,Urban,77,"20,000 to 29,000",1,Third Party
No,Urban,31,"20,000 to 29,000",1,Third Party
No,Urban,32,"20,000 to 29,000",none,Third Party
No,Urban,40,"20,000 to 29,000",2 to 4,Policy Holder
No,Rural,21,"20,000 to 29,000",1,Policy Holder
No,Urban,47,"30,000 to 39,000",2 to 4,Policy Holder
No,Rural,30,"30,000 to 39,000",none,Policy Holder
No,Urban,27,"20,000 to 29,000",2 to 4,Third Party
No,Urban,53,"30,000 to 39,000",2 to 4,Policy Holder
Yes,Urban,55,"30,000 to 39,000",2 to 4,Policy Holder
No,Urban,31,"20,000 to 29,000",more than 4,Policy Holder
No,Urban,56,"more than 69,000",2 to 4,Policy Holder
No,Urban,29,"more than 69,000",2 to 4,Policy Holder
No,Urban,29,"20,000 to 29,000",1,Policy Holder
No,Urban,21,"20,000 to 29,000",1,Policy Holder
No,Urban,36,"20,000 to 29,000",2 to 4,Policy Holder
No,Urban,28,"20,000 to 29,000",none,Policy Holder
No,Urban,48,"20,000 to 29,000",more than 4,Policy Holder
No,Urban,31,"20,000 to 29,000",none,Policy Holder
No,Urban,43,"20,000 to 29,000",2 to 4,Third Party
No,Urban,49,"40,000 to 59,000",1,Policy Holder
No,Rural,39,"20,000 to 29,000",none,Policy Holder
No,Urban,43,"20,000 to 29,000",2 to 4,Policy Holder
No,Urban,30,"20,000 to 29,000",2 to 4,Policy Holder
No,Urban,53,"more than 69,000",2 to 4,Policy Holder
No,Urban,64,"20,000 to 29,000",none,Third Party
No,Urban,52,"30,000 to 39,000",more than 4,Policy Holder
No,Urban,60,"30,000 to 39,000",none,Policy Holder
No,Urban,33,"30,000 to 39,000",1,Third Party
No,Urban,65,"30,000 to 39,000",none,Policy Holder
No,Urban,33,"20,000 to 29,000",2 to 4,Policy Holder
No,Rural,45,"less than 20,000",none,Policy Holder
No,Urban,33,"20,000 to 29,000",2 to 4,Policy Holder
No,Urban,46,"20,000 to 29,000",2 to 4,Policy Holder
No,Urban,0,"more than 69,000",1,Policy Holder
No,Rural,41,"more than 69,000",none,Policy Holder
No,Urban,52,"less than 20,000",2 to 4,Third Party
No,Urban,37,"20,000 to 29,000",2 to 4,Third Party
No,Urban,41,"30,000 to 39,000",more than 4,Policy Holder
No,Urban,43,"less than 20,000",more than 4,Policy Holder
No,Urban,35,"20,000 to 29,000",none,Policy Holder
No,Urban,31,"20,000 to 29,000",2 to 4,Policy Holder
No,Rural,40,"20,000 to 29,000",more than 4,Policy Holder
No,Rural,30,"20,000 to 29,000",none,Policy Holder
No,Urban,71,"20,000 to 29,000",2 to 4,Third Party
No,Urban,59,"20,000 to 29,000",none,Third Party
No,Urban,48,"more than 69,000",more than 4,Third Party
No,Urban,28,"20,000 to 29,000",2 to 4,Third Party
No,Urban,56,"30,000 to 39,000",more than 4,Third Party
No,Urban,54,"30,000 to 39,000",1,Third Party
No,Rural,34,"20,000 to 29,000",none,Third Party
No,Rural,40,"20,000 to 29,000",1,Policy Holder
No,Urban,42,"20,000 to 29,000",1,Policy Holder
No,Urban,46,"more than 69,000",2 to 4,Policy Holder
No,Urban,58,"40,000 to 59,000",2 to 4,Third Party
No,Urban,31,"less than 20,000",more than 4,Policy Holder
No,Urban,73,"less than 20,000",none,Policy Holder
No,Urban,31,"20,000 to 29,000",2 to 4,Policy Holder
No,Urban,54,"20,000 to 29,000",more than 4,Policy Holder
No,Urban,44,"20,000 to 29,000",2 to 4,Policy Holder
No,Urban,27,"20,000 to 29,000",more than 4,Policy Holder
No,Rural,34,"more than 69,000",1,Third Party
No,Urban,31,"20,000 to 29,000",more than 4,Policy Holder
No,Urban,41,"20,000 to 29,000",1,Policy Holder
No,Rural,30,"20,000 to 29,000",none,Policy Holder
No,Urban,57,"20,000 to 29,000",none,Third Party
No,Urban,34,"20,000 to 29,000",more than 4,Policy Holder
No,Urban,35,"20,000 to 29,000",none,Third Party
No,Urban,65,"20,000 to 29,000",2 to 4,Third Party
No,Urban,36,"30,000 to 39,000",more than 4,Policy Holder
No,Urban,31,"20,000 to 29,000",2 to 4,Policy Holder
No,Urban,44,"less than 20,000",none,Policy Holder
No,Urban,47,"20,000 to 29,000",2 to 4,Policy Holder
No,Urban,43,"more than 69,000",2 to 4,Policy Holder
No,Urban,44,"20,000 to 29,000",2 to 4,Third Party
No,Rural,55,"30,000 to 39,000",2 to 4,Policy Holder
No,Urban,61,"20,000 to 29,000",more than 4,Policy Holder
No,Urban,47,"20,000 to 29,000",more than 4,Policy Holder
No,Urban,20,"20,000 to 29,000",1,Policy Holder
No,Urban,39,"30,000 to 39,000",2 to 4,Third Party
No,Urban,32,"more than 69,000",1,Policy Holder
No,Urban,42,"less than 20,000",2 to 4,Third Party
No,Urban,31,"20,000 to 29,000",2 to 4,Policy Holder
No,Urban,38,"20,000 to 29,000",2 to 4,Third Party
No,Urban,29,"20,000 to 29,000",1,Policy Holder
No,Urban,31,"30,000 to 39,000",2 to 4,Policy Holder
No,Urban,49,"20,000 to 29,000",1,Policy Holder
No,Rural,41,"20,000 to 29,000",2 to 4,Policy Holder
No,Urban,38,"20,000 to 29,000",none,Third Party
No,Urban,39,"20,000 to 29,000",2 to 4,Third Party
No,Urban,35,"less than 20,000",1,Third Party
No,Urban,40,"20,000 to 29,000",none,Policy Holder
No,Urban,35,"20,000 to 29,000",1,Policy Holder
No,Urban,55,"20,000 to 29,000",2 to 4,Third Party
Yes,Urban,32,"20,000 to 29,000",1,Policy Holder
No,Urban,39,"20,000 to 29,000",2 to 4,Third Party
No,Urban,24,"20,000 to 29,000",2 to 4,Policy Holder
No,Urban,50,"20,000 to 29,000",2 to 4,Third Party
Yes,Urban,33,"less than 20,000",1,Policy Holder
No,Urban,31,"20,000 to 29,000",2 to 4,Third Party
No,Urban,35,"less than 20,000",2 to 4,Policy Holder
No,Urban,54,"less than 20,000",none,Policy Holder
No,Urban,47,"less than 20,000",none,Policy Holder
No,Urban,33,"20,000 to 29,000",1,Third Party
No,Urban,46,"20,000 to 29,000",more than 4,Policy Holder
No,Urban,63,"more than 69,000",none,Policy Holder
No,Urban,53,"20,000 to 29,000",1,Policy Holder
No,Rural,59,"20,000 to 29,000",2 to 4,Policy Holder
No,Urban,38,"30,000 to 39,000",none,Policy Holder
No,Urban,28,"30,000 to 39,000",2 to 4,Policy Holder
No,Urban,67,"20,000 to 29,000",none,Policy Holder
No,Urban,35,"20,000 to 29,000",none,Policy Holder
No,Urban,25,"20,000 to 29,000",none,Policy Holder
No,Urban,52,"20,000 to 29,000",none,Third Party
No,Urban,44,"20,000 to 29,000",2 to 4,Policy Holder
No,Urban,47,"more than 69,000",none,Policy Holder
No,Urban,37,"30,000 to 39,000",none,Policy Holder
No,Urban,42,"30,000 to 39,000",2 to 4,Policy Holder
No,Urban,43,"20,000 to 29,000",more than 4,Third Party
No,Urban,38,"20,000 to 29,000",2 to 4,Third Party
No,Urban,54,"20,000 to 29,000",2 to 4,Policy Holder
No,Urban,45,"20,000 to 29,000",none,Policy Holder
No,Urban,44,"more than 69,000",more than 4,Policy Holder
No,Rural,47,"more than 69,000",2 to 4,Policy Holder
No,Urban,51,"20,000 to 29,000",none,Policy Holder
No,Urban,35,"20,000 to 29,000",2 to 4,Policy Holder
No,Urban,36,"20,000 to 29,000",none,Third Party
No,Urban,56,"20,000 to 29,000",2 to 4,Policy Holder
No,Urban,49,"more than 69,000",none,Third Party
No,Urban,35,"more than 69,000",none,Third Party
No,Urban,51,"20,000 to 29,000",1,Policy Holder
No,Urban,55,"20,000 to 29,000",none,Third Party
No,Urban,26,"20,000 to 29,000",2 to 4,Policy Holder
No,Urban,39,"20,000 to 29,000",1,Policy Holder
No,Urban,47,"30,000 to 39,000",2 to 4,Third Party
No,Urban,26,"30,000 to 39,000",more than 4,Policy Holder
Yes,Urban,54,"30,000 to 39,000",1,Policy Holder
No,Urban,75,"20,000 to 29,000",1,Third Party
No,Urban,64,"20,000 to 29,000",2 to 4,Third Party
No,Urban,30,"30,000 to 39,000",2 to 4,Policy Holder
No,Urban,63,"20,000 to 29,000",none,Third Party
No,Urban,46,"20,000 to 29,000",none,Policy Holder
No,Urban,21,"30,000 to 39,000",none,Policy Holder
No,Urban,63,"20,000 to 29,000",none,Policy Holder
No,Urban,44,"20,000 to 29,000",1,Policy Holder
No,Urban,29,"20,000 to 29,000",2 to 4,Third Party
No,Urban,60,"20,000 to 29,000",1,Policy Holder
No,Urban,72,"20,000 to 29,000",1,Third Party
No,Rural,41,"30,000 to 39,000",none,Policy Holder
No,Urban,62,"20,000 to 29,000",2 to 4,Policy Holder
Yes,Urban,0,"more than 69,000",none,Policy Holder
No,Rural,42,"30,000 to 39,000",2 to 4,Policy Holder
No,Urban,56,"30,000 to 39,000",2 to 4,Policy Holder
No,Urban,44,"30,000 to 39,000",1,Third Party
Yes,Urban,32,"20,000 to 29,000",2 to 4,Policy Holder
No,Urban,62,"20,000 to 29,000",more than 4,Policy Holder
No,Urban,38,"30,000 to 39,000",1,Policy Holder
No,Urban,45,"20,000 to 29,000",none,Third Party
No,Urban,56,"30,000 to 39,000",2 to 4,Policy Holder
No,Urban,62,"less than 20,000",2 to 4,Policy Holder
No,Urban,33,"30,000 to 39,000",more than 4,Policy Holder
No,Urban,27,"more than 69,000",more than 4,Third Party
No,Rural,37,"20,000 to 29,000",more than 4,Policy Holder
No,Urban,31,"20,000 to 29,000",1,Policy Holder
No,Urban,35,"less than 20,000",none,Policy Holder
No,Urban,36,"30,000 to 39,000",more than 4,Third Party
No,Urban,39,"20,000 to 29,000",more than 4,Policy Holder
No,Urban,27,"20,000 to 29,000",none,Policy Holder
No,Urban,63,"20,000 to 29,000",2 to 4,Third Party
No,Urban,62,"less than 20,000",none,Third Party
No,Urban,57,"more than 69,000",1,Third Party
No,Urban,21,"20,000 to 29,000",none,Policy Holder
No,Urban,64,"more than 69,000",1,Policy Holder
No,Urban,39,"30,000 to 39,000",2 to 4,Policy Holder
No,Urban,27,"20,000 to 29,000",2 to 4,Third Party
No,Rural,41,"20,000 to 29,000",none,Policy Holder
No,Urban,59,"more than 69,000",1,Third Party
No,Urban,34,"20,000 to 29,000",1,Policy Holder
No,Urban,51,"more than 69,000",more than 4,Policy Holder
No,Urban,32,"20,000 to 29,000",2 to 4,Policy Holder
No,Urban,40,"20,000 to 29,000",none,Third Party
No,Urban,50,"20,000 to 29,000",none,Policy Holder
No,Urban,30,"20,000 to 29,000",none,Policy Holder
No,Urban,26,"20,000 to 29,000",none,Policy Holder
No,Urban,25,"20,000 to 29,000",more than 4,Policy Holder
No,Urban,21,"20,000 to 29,000",none,Policy Holder
Yes,Rural,32,"20,000 to 29,000",none,Policy Holder
No,Urban,54,"30,000 to 39,000",1,Policy Holder
No,Rural,30,"20,000 to 29,000",none,Policy Holder
No,Urban,40,"30,000 to 39,000",1,Policy Holder
No,Rural,42,"less than 20,000",2 to 4,Policy Holder
No,Rural,25,"20,000 to 29,000",none,Third Party
No,Urban,54,"20,000 to 29,000",1,Policy Holder
No,Urban,28,"more than 69,000",1,Third Party
No,Rural,40,"20,000 to 29,000",1,Policy Holder
No,Urban,21,"30,000 to 39,000",more than 4,Policy Holder
No,Urban,34,"less than 20,000",more than 4,Policy Holder
No,Urban,39,"30,000 to 39,000",2 to 4,Policy Holder
No,Rural,41,"20,000 to 29,000",none,Third Party
No,Urban,47,"20,000 to 29,000",1,Third Party
No,Urban,54,"20,000 to 29,000",none,Third Party
No,Rural,65,"more than 69,000",none,Policy Holder
No,Urban,39,"30,000 to 39,000",2 to 4,Policy Holder
No,Rural,36,"20,000 to 29,000",1,Third Party
No,Urban,0,"more than 69,000",1,Policy Holder
No,Urban,28,"20,000 to 29,000",more than 4,Policy Holder
No,Urban,52,"20,000 to 29,000",2 to 4,Policy Holder
No,Urban,70,"more than 69,000",none,Third Party
No,Urban,27,"20,000 to 29,000",2 to 4,Policy Holder
No,Urban,36,"30,000 to 39,000",1,Third Party
No,Rural,36,"less than 20,000",2 to 4,Policy Holder
No,Urban,29,"20,000 to 29,000",2 to 4,Policy Holder
No,Urban,28,"20,000 to 29,000",2 to 4,Policy Holder
No,Urban,28,"more than 69,000",1,Policy Holder
No,Urban,26,"more than 69,000",1,Third Party
No,Urban,52,"20,000 to 29,000",more than 4,Policy Holder
Yes,Urban,45,"20,000 to 29,000",none,Policy Holder
No,Urban,57,"20,000 to 29,000",none,Policy Holder
No,Urban,33,"30,000 to 39,000",2 to 4,Policy Holder
No,Rural,27,"20,000 to 29,000",1,Third Party
No,Urban,33,"20,000 to 29,000",none,Third Party
No,Urban,62,"less than 20,000",1,Policy Holder
No,Urban,48,"20,000 to 29,000",1,Third Party
No,Urban,50,"more than 69,000",none,Policy Holder
No,Urban,39,"20,000 to 29,000",2 to 4,Third Party
No,Urban,44,"30,000 to 39,000",none,Policy Holder
No,Urban,36,"30,000 to 39,000",1,Policy Holder
No,Urban,0,"more than 69,000",none,Policy Holder
No,Urban,35,"30,000 to 39,000",2 to 4,Policy Holder
No,Urban,33,"20,000 to 29,000",2 to 4,Third Party
No,Urban,30,"30,000 to 39,000",2 to 4,Policy Holder
No,Urban,61,"20,000 to 29,000",2 to 4,Policy Holder
No,Urban,36,"more than 69,000",1,Policy Holder
No,Urban,41,"more than 69,000",2 to 4,Policy Holder
No,Urban,39,"more than 69,000",2 to 4,Policy Holder
No,Urban,40,"30,000 to 39,000",1,Policy Holder
No,Urban,62,"20,000 to 29,000",2 to 4,Policy Holder
No,Urban,59,"more than 69,000",none,Third Party
No,Urban,42,"30,000 to 39,000",1,Policy Holder
No,Rural,0,"more than 69,000",none,Policy Holder
No,Urban,33,"more than 69,000",none,Policy Holder
No,Urban,46,"30,000 to 39,000",more than 4,Policy Holder
No,Urban,27,"30,000 to 39,000",1,Third Party
No,Urban,47,"more than 69,000",none,Policy Holder
No,Urban,27,"30,000 to 39,000",1,Policy Holder
No,Urban,26,"20,000 to 29,000",none,Third Party
No,Urban,37,"20,000 to 29,000",2 to 4,Policy Holder
No,Rural,40,"30,000 to 39,000",none,Policy Holder
No,Rural,38,"30,000 to 39,000",more than 4,Policy Holder
No,Rural,22,"20,000 to 29,000",2 to 4,Policy Holder
No,Urban,48,"30,000 to 39,000",none,Policy Holder
No,Urban,24,"20,000 to 29,000",2 to 4,Policy Holder
No,Rural,21,"20,000 to 29,000",1,Policy Holder
No,Urban,64,"20,000 to 29,000",none,Policy Holder
No,Urban,47,"20,000 to 29,000",2 to 4,Third Party
No,Urban,32,"20,000 to 29,000",2 to 4,Policy Holder
No,Urban,21,"20,000 to 29,000",2 to 4,Policy Holder
No,Urban,46,"20,000 to 29,000",2 to 4,Third Party
No,Urban,18,"less than 20,000",2 to 4,Policy Holder
No,Urban,33,"20,000 to 29,000",2 to 4,Policy Holder
No,Urban,26,"20,000 to 29,000",1,Third Party
No,Urban,29,"20,000 to 29,000",none,Third Party
No,Urban,36,"more than 69,000",2 to 4,Third Party
No,Urban,39,"20,000 to 29,000",more than 4,Policy Holder
No,Urban,57,"20,000 to 29,000",none,Policy Holder
Yes,Urban,40,"20,000 to 29,000",none,Policy Holder
No,Urban,26,"20,000 to 29,000",none,Policy Holder
No,Urban,53,"more than 69,000",1,Policy Holder
No,Rural,26,"20,000 to 29,000",none,Policy Holder
No,Urban,28,"30,000 to 39,000",more than 4,Policy Holder
No,Urban,51,"20,000 to 29,000",2 to 4,Policy Holder
No,Urban,29,"more than 69,000",1,Third Party
No,Rural,63,"less than 20,000",none,Third Party
No,Urban,67,"20,000 to 29,000",none,Policy Holder
No,Urban,56,"30,000 to 39,000",none,Policy Holder
No,Urban,30,"less than 20,000",1,Policy Holder
No,Urban,55,"30,000 to 39,000",1,Policy Holder
No,Urban,53,"20,000 to 29,000",none,Policy Holder
No,Urban,25,"20,000 to 29,000",1,Policy Holder
No,Urban,26,"more than 69,000",none,Policy Holder
No,Urban,31,"20,000 to 29,000",none,Third Party
No,Urban,35,"more than 69,000",2 to 4,Policy Holder
No,Urban,58,"20,000 to 29,000",1,Policy Holder
No,Urban,62,"20,000 to 29,000",none,Third Party
No,Rural,50,"20,000 to 29,000",none,Third Party
No,Urban,31,"30,000 to 39,000",2 to 4,Policy Holder
No,Urban,50,"less than 20,000",2 to 4,Policy Holder
No,Urban,28,"20,000 to 29,000",1,Policy Holder
No,Urban,44,"30,000 to 39,000",2 to 4,Policy Holder
No,Urban,45,"less than 20,000",more than 4,Policy Holder
No,Urban,41,"20,000 to 29,000",2 to 4,Policy Holder
No,Urban,26,"20,000 to 29,000",2 to 4,Third Party
No,Urban,37,"40,000 to 59,000",2 to 4,Policy Holder
No,Urban,34,"40,000 to 59,000",1,Policy Holder
No,Urban,32,"20,000 to 29,000",2 to 4,Policy Holder
No,Urban,44,"20,000 to 29,000",1,Policy Holder
No,Urban,30,"20,000 to 29,000",none,Third Party
Yes,Urban,25,"20,000 to 29,000",1,Policy Holder
Yes,Urban,38,"20,000 to 29,000",1,Policy Holder
No,Urban,32,"more than 69,000",none,Policy Holder
No,Urban,49,"20,000 to 29,000",2 to 4,Policy Holder
No,Urban,21,"30,000 to 39,000",1,Third Party
No,Urban,34,"more than 69,000",1,Policy Holder
No,Urban,68,"20,000 to 29,000",2 to 4,Policy Holder
No,Urban,34,"20,000 to 29,000",2 to 4,Third Party
No,Urban,31,"20,000 to 29,000",none,Third Party
No,Urban,49,"40,000 to 59,000",2 to 4,Policy Holder
No,Urban,29,"20,000 to 29,000",more than 4,Policy Holder
No,Urban,49,"20,000 to 29,000",none,Third Party
No,Urban,32,"20,000 to 29,000",more than 4,Policy Holder
No,Urban,29,"more than 69,000",1,Third Party
No,Rural,79,"20,000 to 29,000",1,Third Party
No,Urban,59,"20,000 to 29,000",2 to 4,Policy Holder
No,Urban,45,"30,000 to 39,000",more than 4,Policy Holder
Yes,Urban,44,"20,000 to 29,000",none,Policy Holder
No,Urban,31,"20,000 to 29,000",none,Policy Holder
No,Urban,35,"20,000 to 29,000",2 to 4,Policy Holder
Yes,Rural,55,"30,000 to 39,000",2 to 4,Policy Holder
No,Urban,43,"30,000 to 39,000",2 to 4,Policy Holder
No,Urban,35,"20,000 to 29,000",none,Third Party
No,Urban,55,"less than 20,000",2 to 4,Policy Holder
No,Urban,35,"20,000 to 29,000",2 to 4,Policy Holder
No,Urban,47,"20,000 to 29,000",2 to 4,Third Party
No,Urban,29,"20,000 to 29,000",2 to 4,Policy Holder
No,Urban,28,"more than 69,000",none,Third Party
No,Urban,54,"more than 69,000",1,Policy Holder
No,Urban,37,"more than 69,000",1,Policy Holder
No,Urban,42,"20,000 to 29,000",2 to 4,Policy Holder
No,Urban,31,"30,000 to 39,000",none,Policy Holder
Yes,Urban,37,"more than 69,000",none,Policy Holder
Yes,Urban,30,"20,000 to 29,000",2 to 4,Policy Holder
No,Urban,44,"more than 69,000",more than 4,Policy Holder
No,Urban,39,"20,000 to 29,000",more than 4,Policy Holder
No,Urban,35,"20,000 to 29,000",1,Policy Holder
No,Rural,33,"20,000 to 29,000",1,Policy Holder
No,Urban,31,"30,000 to 39,000",2 to 4,Policy Holder
No,Urban,23,"less than 20,000",2 to 4,Policy Holder
No,Urban,59,"20,000 to 29,000",2 to 4,Policy Holder
No,Urban,30,"more than 69,000",2 to 4,Policy Holder
No,Urban,36,"30,000 to 39,000",more than 4,Policy Holder
No,Urban,28,"20,000 to 29,000",1,Policy Holder
No,Urban,50,"30,000 to 39,000",none,Policy Holder
No,Urban,48,"20,000 to 29,000",2 to 4,Policy Holder
No,Urban,28,"20,000 to 29,000",1,Third Party
No,Urban,54,"20,000 to 29,000",none,Policy Holder
No,Urban,56,"40,000 to 59,000",2 to 4,Policy Holder
No,Urban,80,"30,000 to 39,000",2 to 4,Policy Holder
No,Urban,29,"20,000 to 29,000",1,Policy Holder
No,Urban,56,"30,000 to 39,000",2 to 4,Policy Holder
No,Urban,43,"20,000 to 29,000",1,Policy Holder
No,Urban,37,"30,000 to 39,000",1,Policy Holder
No,Urban,45,"20,000 to 29,000",none,Policy Holder
No,Urban,45,"40,000 to 59,000",more than 4,Policy Holder
No,Urban,29,"20,000 to 29,000",1,Third Party
No,Urban,30,"more than 69,000",2 to 4,Third Party
No,Urban,22,"20,000 to 29,000",2 to 4,Policy Holder
No,Urban,33,"20,000 to 29,000",none,Policy Holder
No,Urban,54,"40,000 to 59,000",2 to 4,Policy Holder
No,Urban,29,"20,000 to 29,000",2 to 4,Policy Holder
No,Rural,42,"more than 69,000",none,Policy Holder
Yes,Urban,51,"more than 69,000",none,Policy Holder
No,Urban,51,"more than 69,000",2 to 4,Policy Holder
No,Urban,39,"20,000 to 29,000",1,Policy Holder
No,Urban,44,"20,000 to 29,000",2 to 4,Policy Holder
No,Urban,45,"20,000 to 29,000",2 to 4,Policy Holder
Yes,Urban,41,"20,000 to 29,000",none,Third Party
No,Urban,46,"20,000 to 29,000",none,Third Party
No,Urban,36,"more than 69,000",2 to 4,Policy Holder
No,Urban,49,"30,000 to 39,000",2 to 4,Policy Holder
No,Urban,35,"more than 69,000",2 to 4,Policy Holder
No,Urban,37,"less than 20,000",1,Policy Holder
No,Urban,36,"20,000 to 29,000",none,Policy Holder
Yes,Urban,33,"30,000 to 39,000",2 to 4,Policy Holder
No,Urban,32,"20,000 to 29,000",2 to 4,Policy Holder
No,Urban,18,"20,000 to 29,000",none,Policy Holder
No,Urban,31,"20,000 to 29,000",1,Policy Holder
No,Urban,33,"20,000 to 29,000",1,Third Party
No,Urban,32,"30,000 to 39,000",none,Third Party
No,Urban,44,"20,000 to 29,000",2 to 4,Policy Holder
No,Urban,42,"20,000 to 29,000",none,Third Party
No,Urban,53,"20,000 to 29,000",none,Policy Holder
No,Urban,30,"20,000 to 29,000",none,Policy Holder
No,Urban,0,"more than 69,000",none,Policy Holder
No,Urban,39,"less than 20,000",1,Policy Holder
No,Urban,41,"less than 20,000",none,Policy Holder
No,Urban,48,"60,000 to 69,000",2 to 4,Policy Holder
No,Urban,30,"20,000 to 29,000",none,Third Party
No,Urban,33,"20,000 to 29,000",1,Third Party
No,Urban,41,"20,000 to 29,000",2 to 4,Policy Holder
No,Urban,49,"30,000 to 39,000",1,Policy Holder
No,Urban,55,"30,000 to 39,000",2 to 4,Policy Holder
No,Urban,51,"more than 69,000",more than 4,Policy Holder
No,Urban,26,"20,000 to 29,000",none,Third Party
No,Rural,38,"40,000 to 59,000",1,Third Party
Yes,Urban,28,"20,000 to 29,000",2 to 4,Policy Holder
No,Urban,52,"20,000 to 29,000",more than 4,Policy Holder
No,Urban,28,"30,000 to 39,000",2 to 4,Policy Holder
No,Urban,55,"30,000 to 39,000",2 to 4,Policy Holder
No,Rural,28,"30,000 to 39,000",1,Third Party
No,Urban,34,"20,000 to 29,000",2 to 4,Third Party
No,Urban,64,"20,000 to 29,000",2 to 4,Policy Holder
No,Rural,39,"20,000 to 29,000",more than 4,Policy Holder
No,Urban,32,"more than 69,000",none,Third Party
No,Urban,28,"20,000 to 29,000",none,Policy Holder
No,Rural,28,"20,000 to 29,000",1,Policy Holder
No,Urban,28,"20,000 to 29,000",2 to 4,Policy Holder
No,Urban,18,"more than 69,000",more than 4,Policy Holder
No,Urban,41,"20,000 to 29,000",none,Third Party
No,Urban,40,"30,000 to 39,000",more than 4,Policy Holder
No,Urban,37,"20,000 to 29,000",none,Policy Holder
No,Urban,52,"more than 69,000",none,Policy Holder
No,Urban,38,"20,000 to 29,000",1,Policy Holder
No,Urban,74,"more than 69,000",none,Policy Holder
No,Urban,31,"30,000 to 39,000",more than 4,Policy Holder
No,Urban,45,"20,000 to 29,000",2 to 4,Policy Holder
No,Urban,29,"30,000 to 39,000",1,Policy Holder
No,Rural,45,"20,000 to 29,000",1,Policy Holder
No,Rural,30,"20,000 to 29,000",none,Policy Holder
Yes,Rural,28,"20,000 to 29,000",2 to 4,Policy Holder
No,Urban,65,"20,000 to 29,000",none,Policy Holder
No,Urban,42,"30,000 to 39,000",1,Policy Holder
No,Urban,27,"20,000 to 29,000",1,Policy Holder
No,Rural,46,"20,000 to 29,000",none,Policy Holder
No,Urban,43,"20,000 to 29,000",1,Policy Holder
No,Rural,40,"30,000 to 39,000",2 to 4,Policy Holder
No,Urban,43,"20,000 to 29,000",1,Policy Holder
No,Rural,37,"20,000 to 29,000",1,Third Party
No,Urban,34,"30,000 to 39,000",2 to 4,Policy Holder
No,Urban,35,"20,000 to 29,000",2 to 4,Third Party
No,Urban,32,"20,000 to 29,000",2 to 4,Policy Holder
No,Urban,44,"20,000 to 29,000",2 to 4,Policy Holder
Yes,Rural,34,"20,000 to 29,000",2 to 4,Policy Holder
No,Urban,41,"20,000 to 29,000",2 to 4,Policy Holder
No,Urban,47,"30,000 to 39,000",2 to 4,Policy Holder
No,Urban,26,"20,000 to 29,000",none,Policy Holder
No,Urban,43,"20,000 to 29,000",none,Policy Holder
No,Urban,28,"30,000 to 39,000",2 to 4,Policy Holder
No,Urban,27,"20,000 to 29,000",none,Policy Holder
No,Urban,40,"30,000 to 39,000",2 to 4,Policy Holder
No,Urban,42,"more than 69,000",none,Third Party
No,Urban,27,"more than 69,000",none,Third Party
No,Urban,42,"20,000 to 29,000",more than 4,Policy Holder
No,Urban,30,"20,000 to 29,000",none,Policy Holder
No,Urban,42,"20,000 to 29,000",2 to 4,Third Party
No,Urban,32,"30,000 to 39,000",1,Policy Holder
No,Urban,78,"20,000 to 29,000",1,Policy Holder
No,Urban,44,"20,000 to 29,000",1,Third Party
Yes,Urban,48,"20,000 to 29,000",1,Policy Holder
No,Urban,52,"more than 69,000",more than 4,Policy Holder
No,Urban,44,"20,000 to 29,000",none,Third Party
No,Urban,29,"20,000 to 29,000",2 to 4,Policy Holder
No,Urban,41,"40,000 to 59,000",2 to 4,Policy Holder
No,Urban,45,"more than 69,000",none,Third Party
No,Urban,28,"20,000 to 29,000",1,Policy Holder
No,Urban,33,"20,000 to 29,000",none,Policy Holder
No,Urban,65,"60,000 to 69,000",2 to 4,Policy Holder
No,Urban,44,"less than 20,000",none,Third Party
No,Urban,53,"more than 69,000",none,Policy Holder
No,Urban,35,"more than 69,000",1,Policy Holder
No,Urban,28,"30,000 to 39,000",2 to 4,Third Party
No,Rural,0,"more than 69,000",none,Policy Holder
No,Urban,26,"20,000 to 29,000",more than 4,Policy Holder
Yes,Urban,32,"30,000 to 39,000",2 to 4,Policy Holder
No,Urban,63,"30,000 to 39,000",1,Policy Holder
No,Urban,47,"more than 69,000",none,Policy Holder
No,Urban,22,"20,000 to 29,000",more than 4,Third Party
No,Urban,41,"20,000 to 29,000",1,Policy Holder
No,Urban,33,"more than 69,000",more than 4,Policy Holder
No,Urban,63,"20,000 to 29,000",none,Third Party
No,Urban,36,"30,000 to 39,000",more than 4,Policy Holder
No,Urban,46,"more than 69,000",2 to 4,Third Party
Yes,Urban,37,"30,000 to 39,000",2 to 4,Policy Holder
No,Rural,28,"less than 20,000",none,Third Party
No,Urban,42,"30,000 to 39,000",2 to 4,Policy Holder
No,Urban,50,"20,000 to 29,000",2 to 4,Policy Holder
No,Urban,34,"more than 69,000",2 to 4,Policy Holder
Yes,Urban,0,"more than 69,000",more than 4,Policy Holder
No,Rural,23,"20,000 to 29,000",1,Policy Holder
No,Urban,64,"30,000 to 39,000",1,Third Party
No,Urban,77,"20,000 to 29,000",more than 4,Policy Holder
No,Urban,32,"30,000 to 39,000",2 to 4,Policy Holder
No,Urban,35,"20,000 to 29,000",1,Policy Holder
Yes,Urban,30,"more than 69,000",none,Policy Holder
No,Urban,36,"30,000 to 39,000",2 to 4,Third Party
No,Urban,53,"20,000 to 29,000",none,Policy Holder
No,Urban,31,"20,000 to 29,000",none,Third Party
No,Urban,32,"20,000 to 29,000",2 to 4,Policy Holder
No,Urban,47,"20,000 to 29,000",1,Policy Holder
No,Urban,65,"20,000 to 29,000",2 to 4,Policy Holder
No,Urban,56,"more than 69,000",none,Policy Holder
No,Urban,32,"20,000 to 29,000",1,Policy Holder
No,Urban,35,"20,000 to 29,000",2 to 4,Third Party
No,Urban,23,"20,000 to 29,000",1,Policy Holder
No,Rural,27,"more than 69,000",2 to 4,Policy Holder
No,Urban,46,"40,000 to 59,000",more than 4,Policy Holder
No,Urban,43,"40,000 to 59,000",more than 4,Policy Holder
No,Urban,38,"less than 20,000",2 to 4,Policy Holder
No,Urban,30,"20,000 to 29,000",2 to 4,Policy Holder
No,Urban,30,"20,000 to 29,000",2 to 4,Third Party
No,Urban,61,"20,000 to 29,000",more than 4,Policy Holder
No,Urban,30,"20,000 to 29,000",1,Policy Holder
No,Urban,62,"40,000 to 59,000",2 to 4,Policy Holder
No,Rural,44,"30,000 to 39,000",none,Policy Holder
No,Urban,32,"20,000 to 29,000",1,Policy Holder
No,Urban,39,"more than 69,000",2 to 4,Policy Holder
No,Rural,27,"20,000 to 29,000",2 to 4,Policy Holder
No,Rural,64,"30,000 to 39,000",1,Third Party
No,Urban,52,"30,000 to 39,000",2 to 4,Policy Holder
Yes,Urban,32,"20,000 to 29,000",1,Policy Holder
No,Urban,64,"20,000 to 29,000",2 to 4,Policy Holder
No,Rural,60,"20,000 to 29,000",none,Policy Holder
No,Rural,34,"20,000 to 29,000",1,Third Party
No,Urban,52,"20,000 to 29,000",more than 4,Policy Holder
No,Urban,56,"20,000 to 29,000",none,Policy Holder
No,Urban,54,"more than 69,000",none,Policy Holder
No,Urban,41,"20,000 to 29,000",1,Policy Holder
No,Urban,29,"20,000 to 29,000",more than 4,Policy Holder
No,Urban,42,"20,000 to 29,000",more than 4,Third Party
No,Urban,23,"20,000 to 29,000",none,Third Party
Yes,Urban,37,"20,000 to 29,000",more than 4,Policy Holder
No,Urban,66,"40,000 to 59,000",2 to 4,Policy Holder
No,Rural,28,"20,000 to 29,000",2 to 4,Third Party
No,Urban,46,"20,000 to 29,000",none,Third Party
No,Urban,27,"20,000 to 29,000",none,Policy Holder
No,Urban,36,"20,000 to 29,000",2 to 4,Policy Holder
No,Urban,76,"less than 20,000",none,Policy Holder
No,Urban,30,"30,000 to 39,000",1,Third Party
No,Urban,27,"20,000 to 29,000",none,Policy Holder
No,Urban,38,"20,000 to 29,000",none,Third Party
No,Urban,71,"more than 69,000",none,Third Party
No,Urban,29,"20,000 to 29,000",1,Policy Holder
No,Urban,58,"20,000 to 29,000",1,Policy Holder
No,Urban,53,"20,000 to 29,000",2 to 4,Policy Holder
No,Urban,27,"20,000 to 29,000",more than 4,Policy Holder
No,Urban,37,"20,000 to 29,000",2 to 4,Policy Holder
No,Urban,45,"20,000 to 29,000",2 to 4,Policy Holder
No,Urban,37,"30,000 to 39,000",2 to 4,Policy Holder
No,Urban,30,"20,000 to 29,000",1,Third Party
No,Urban,29,"20,000 to 29,000",none,Policy Holder
No,Urban,34,"20,000 to 29,000",2 to 4,Policy Holder
No,Urban,23,"20,000 to 29,000",2 to 4,Policy Holder
Yes,Urban,29,"30,000 to 39,000",more than 4,Policy Holder
No,Urban,35,"20,000 to 29,000",none,Policy Holder
No,Urban,31,"less than 20,000",1,Third Party
No,Rural,42,"20,000 to 29,000",2 to 4,Policy Holder
No,Urban,53,"more than 69,000",none,Policy Holder
No,Urban,39,"less than 20,000",2 to 4,Third Party
No,Urban,47,"40,000 to 59,000",2 to 4,Policy Holder
No,Urban,63,"20,000 to 29,000",2 to 4,Policy Holder
No,Urban,39,"20,000 to 29,000",more than 4,Policy Holder
Yes,Urban,0,"more than 69,000",2 to 4,Policy Holder
No,Urban,71,"40,000 to 59,000",1,Policy Holder
No,Urban,44,"30,000 to 39,000",none,Third Party
Yes,Urban,0,"more than 69,000",none,Policy Holder
No,Urban,33,"20,000 to 29,000",2 to 4,Third Party
No,Urban,52,"20,000 to 29,000",1,Policy Holder
No,Urban,62,"20,000 to 29,000",2 to 4,Policy Holder
No,Urban,18,"20,000 to 29,000",2 to 4,Third Party
No,Urban,40,"30,000 to 39,000",2 to 4,Third Party
No,Urban,44,"20,000 to 29,000",2 to 4,Policy Holder
No,Urban,41,"30,000 to 39,000",none,Policy Holder
No,Urban,26,"more than 69,000",none,Third Party
Yes,Urban,25,"20,000 to 29,000",none,Policy Holder
No,Urban,21,"less than 20,000",none,Policy Holder
No,Urban,29,"20,000 to 29,000",more than 4,Policy Holder
No,Urban,33,"20,000 to 29,000",none,Policy Holder
No,Urban,32,"40,000 to 59,000",more than 4,Policy Holder
No,Urban,44,"20,000 to 29,000",1,Policy Holder
No,Urban,55,"20,000 to 29,000",more than 4,Policy Holder
No,Urban,76,"20,000 to 29,000",none,Third Party
No,Rural,73,"20,000 to 29,000",none,Third Party
No,Urban,31,"20,000 to 29,000",2 to 4,Policy Holder
No,Urban,33,"20,000 to 29,000",1,Third Party
No,Urban,32,"30,000 to 39,000",more than 4,Policy Holder
No,Rural,35,"30,000 to 39,000",none,Policy Holder
No,Urban,36,"30,000 to 39,000",more than 4,Policy Holder
No,Urban,53,"20,000 to 29,000",1,Policy Holder
No,Urban,49,"30,000 to 39,000",2 to 4,Policy Holder
No,Urban,41,"more than 69,000",2 to 4,Policy Holder
No,Urban,33,"30,000 to 39,000",2 to 4,Third Party
No,Urban,30,"20,000 to 29,000",2 to 4,Third Party
No,Urban,30,"30,000 to 39,000",none,Policy Holder
No,Urban,34,"20,000 to 29,000",none,Policy Holder
No,Urban,46,"20,000 to 29,000",more than 4,Policy Holder
No,Urban,46,"20,000 to 29,000",2 to 4,Policy Holder
No,Urban,50,"20,000 to 29,000",2 to 4,Policy Holder
No,Urban,67,"20,000 to 29,000",2 to 4,Third Party
Yes,Urban,34,"20,000 to 29,000",1,Policy Holder
No,Urban,47,"30,000 to 39,000",none,Policy Holder
No,Urban,41,"20,000 to 29,000",none,Policy Holder
No,Urban,30,"20,000 to 29,000",1,Third Party
No,Urban,61,"20,000 to 29,000",1,Policy Holder
No,Urban,56,"30,000 to 39,000",more than 4,Policy Holder
No,Urban,45,"30,000 to 39,000",more than 4,Policy Holder
No,Urban,47,"20,000 to 29,000",none,Policy Holder
No,Urban,0,"more than 69,000",2 to 4,Policy Holder
Yes,Rural,34,"20,000 to 29,000",1,Policy Holder
No,Urban,28,"more than 69,000",1,Policy Holder
No,Urban,60,"20,000 to 29,000",2 to 4,Policy Holder
No,Urban,49,"more than 69,000",none,Third Party
No,Urban,27,"20,000 to 29,000",1,Policy Holder
No,Urban,27,"more than 69,000",more than 4,Policy Holder
No,Rural,69,"20,000 to 29,000",2 to 4,Policy Holder
No,Urban,37,"20,000 to 29,000",1,Policy Holder
Yes,Urban,27,"20,000 to 29,000",2 to 4,Policy Holder
No,Urban,0,"more than 69,000",2 to 4,Policy Holder
Yes,Urban,30,"20,000 to 29,000",none,Policy Holder
No,Urban,35,"20,000 to 29,000",1,Third Party
No,Urban,29,"20,000 to 29,000",none,Policy Holder
No,Urban,49,"more than 69,000",more than 4,Policy Holder
No,Urban,53,"30,000 to 39,000",1,Policy Holder
No,Urban,26,"30,000 to 39,000",more than 4,Policy Holder
No,Urban,29,"20,000 to 29,000",2 to 4,Policy Holder
No,Urban,38,"30,000 to 39,000",none,Policy Holder
No,Urban,21,"30,000 to 39,000",2 to 4,Policy Holder
No,Urban,32,"less than 20,000",none,Policy Holder
No,Urban,42,"40,000 to 59,000",more than 4,Policy Holder
No,Urban,28,"20,000 to 29,000",1,Policy Holder
No,Urban,53,"20,000 to 29,000",2 to 4,Policy Holder
No,Rural,36,"30,000 to 39,000",2 to 4,Policy Holder
No,Urban,60,"30,000 to 39,000",1,Policy Holder
No,Urban,18,"20,000 to 29,000",none,Policy Holder
No,Urban,62,"20,000 to 29,000",none,Policy Holder
No,Urban,53,"20,000 to 29,000",2 to 4,Policy Holder
No,Urban,74,"20,000 to 29,000",1,Policy Holder
No,Urban,20,"more than 69,000",none,Third Party
Yes,Urban,51,"20,000 to 29,000",2 to 4,Policy Holder
No,Urban,32,"20,000 to 29,000",1,Policy Holder
No,Urban,34,"30,000 to 39,000",2 to 4,Policy Holder
No,Urban,32,"30,000 to 39,000",2 to 4,Policy Holder
No,Urban,26,"20,000 to 29,000",more than 4,Policy Holder
No,Urban,44,"30,000 to 39,000",2 to 4,Policy Holder
No,Urban,41,"30,000 to 39,000",none,Third Party
No,Urban,30,"20,000 to 29,000",2 to 4,Policy Holder
No,Urban,28,"30,000 to 39,000",2 to 4,Third Party
No,Urban,34,"20,000 to 29,000",2 to 4,Policy Holder
No,Rural,45,"more than 69,000",none,Third Party
No,Rural,34,"20,000 to 29,000",1,Third Party
Yes,Urban,0,"more than 69,000",none,Policy Holder
No,Urban,34,"more than 69,000",more than 4,Third Party
Yes,Urban,36,"30,000 to 39,000",2 to 4,Policy Holder
No,Urban,26,"20,000 to 29,000",none,Third Party
No,Urban,30,"more than 69,000",2 to 4,Policy Holder
No,Urban,41,"20,000 to 29,000",1,Policy Holder
No,Urban,31,"20,000 to 29,000",none,Policy Holder
No,Urban,52,"20,000 to 29,000",1,Policy Holder
No,Urban,30,"less than 20,000",none,Policy Holder
No,Urban,45,"20,000 to 29,000",2 to 4,Policy Holder
No,Rural,30,"30,000 to 39,000",2 to 4,Policy Holder
Yes,Rural,36,"20,000 to 29,000",none,Policy Holder
No,Urban,38,"30,000 to 39,000",1,Policy Holder
Yes,Urban,35,"20,000 to 29,000",2 to 4,Policy Holder
No,Urban,36,"more than 69,000",2 to 4,Policy Holder
No,Urban,43,"30,000 to 39,000",2 to 4,Policy Holder
No,Urban,61,"more than 69,000",2 to 4,Third Party
No,Urban,52,"20,000 to 29,000",none,Policy Holder
No,Urban,28,"30,000 to 39,000",1,Policy Holder
No,Urban,45,"20,000 to 29,000",none,Third Party
No,Urban,28,"20,000 to 29,000",1,Policy Holder
No,Rural,53,"more than 69,000",2 to 4,Policy Holder
No,Rural,32,"20,000 to 29,000",1,Policy Holder
No,Urban,51,"20,000 to 29,000",2 to 4,Policy Holder
No,Urban,38,"20,000 to 29,000",1,Policy Holder
No,Urban,55,"20,000 to 29,000",2 to 4,Third Party
No,Urban,32,"20,000 to 29,000",2 to 4,Policy Holder
No,Urban,0,"more than 69,000",none,Third Party
No,Urban,38,"20,000 to 29,000",none,Third Party
No,Urban,33,"more than 69,000",none,Policy Holder
No,Urban,32,"30,000 to 39,000",1,Policy Holder
No,Urban,34,"20,000 to 29,000",2 to 4,Policy Holder
No,Urban,41,"more than 69,000",2 to 4,Policy Holder
No,Urban,43,"20,000 to 29,000",none,Policy Holder
No,Urban,34,"20,000 to 29,000",none,Third Party
No,Urban,36,"more than 69,000",none,Policy Holder
No,Urban,20,"20,000 to 29,000",2 to 4,Policy Holder
No,Urban,26,"20,000 to 29,000",2 to 4,Third Party
No,Urban,58,"20,000 to 29,000",1,Policy Holder
No,Rural,40,"30,000 to 39,000",2 to 4,Policy Holder
No,Urban,47,"40,000 to 59,000",none,Third Party
No,Urban,27,"30,000 to 39,000",1,Policy Holder
No,Urban,57,"20,000 to 29,000",1,Policy Holder
Yes,Urban,0,"more than 69,000",none,Policy Holder
No,Urban,30,"20,000 to 29,000",2 to 4,Policy Holder
No,Rural,50,"20,000 to 29,000",2 to 4,Policy Holder
No,Urban,34,"30,000 to 39,000",2 to 4,Third Party
No,Urban,79,"30,000 to 39,000",2 to 4,Policy Holder
No,Urban,36,"more than 69,000",none,Policy Holder
No,Urban,31,"20,000 to 29,000",none,Third Party
No,Urban,52,"more than 69,000",2 to 4,Third Party
No,Rural,39,"30,000 to 39,000",2 to 4,Policy Holder
No,Urban,27,"20,000 to 29,000",none,Third Party
No,Rural,34,"more than 69,000",none,Policy Holder
No,Urban,20,"20,000 to 29,000",none,Third Party
No,Urban,34,"20,000 to 29,000",2 to 4,Policy Holder
No,Urban,51,"20,000 to 29,000",more than 4,Policy Holder
Yes,Urban,40,"more than 69,000",1,Policy Holder
No,Urban,38,"20,000 to 29,000",more than 4,Policy Holder
No,Urban,28,"30,000 to 39,000",2 to 4,Policy Holder
No,Rural,27,"20,000 to 29,000",none,Third Party
No,Urban,54,"30,000 to 39,000",none,Policy Holder
Yes,Urban,45,"40,000 to 59,000",2 to 4,Policy Holder
Yes,Urban,63,"30,000 to 39,000",1,Policy Holder
No,Urban,50,"20,000 to 29,000",none,Policy Holder
No,Urban,28,"20,000 to 29,000",2 to 4,Policy Holder
No,Urban,33,"20,000 to 29,000",2 to 4,Third Party
No,Urban,39,"30,000 to 39,000",2 to 4,Policy Holder
No,Urban,52,"20,000 to 29,000",more than 4,Policy Holder
No,Urban,72,"less than 20,000",2 to 4,Third Party
No,Urban,23,"20,000 to 29,000",1,Policy Holder
No,Urban,25,"20,000 to 29,000",none,Third Party
No,Urban,57,"20,000 to 29,000",2 to 4,Policy Holder
No,Urban,44,"30,000 to 39,000",2 to 4,Policy Holder
No,Urban,46,"30,000 to 39,000",1,Policy Holder
No,Urban,30,"20,000 to 29,000",2 to 4,Policy Holder
No,Urban,22,"20,000 to 29,000",more than 4,Policy Holder
No,Urban,49,"more than 69,000",none,Third Party
No,Urban,30,"20,000 to 29,000",none,Third Party
No,Urban,28,"30,000 to 39,000",2 to 4,Policy Holder
Yes,Urban,49,"20,000 to 29,000",1,Policy Holder
No,Urban,26,"30,000 to 39,000",more than 4,Policy Holder
No,Urban,52,"20,000 to 29,000",1,Third Party
No,Urban,42,"20,000 to 29,000",2 to 4,Policy Holder
No,Urban,0,"more than 69,000",1,Policy Holder
No,Urban,42,"more than 69,000",none,Policy Holder
No,Urban,52,"20,000 to 29,000",none,Policy Holder
No,Urban,45,"20,000 to 29,000",1,Third Party
No,Rural,47,"20,000 to 29,000",more than 4,Third Party
No,Urban,54,"more than 69,000",2 to 4,Third Party
No,Urban,35,"30,000 to 39,000",none,Policy Holder
No,Urban,71,"60,000 to 69,000",2 to 4,Third Party
No,Urban,23,"20,000 to 29,000",2 to 4,Policy Holder
No,Rural,46,"30,000 to 39,000",none,Policy Holder
No,Urban,34,"more than 69,000",more than 4,Policy Holder
No,Urban,38,"more than 69,000",2 to 4,Policy Holder
No,Urban,33,"less than 20,000",1,Third Party
No,Urban,45,"20,000 to 29,000",more than 4,Policy Holder
No,Urban,44,"20,000 to 29,000",more than 4,Policy Holder
No,Urban,43,"20,000 to 29,000",1,Policy Holder
No,Urban,30,"20,000 to 29,000",2 to 4,Policy Holder
No,Urban,39,"20,000 to 29,000",more than 4,Policy Holder
No,Urban,41,"20,000 to 29,000",more than 4,Policy Holder
No,Urban,58,"20,000 to 29,000",2 to 4,Policy Holder
No,Urban,31,"20,000 to 29,000",2 to 4,Policy Holder
No,Urban,67,"30,000 to 39,000",none,Policy Holder
No,Urban,21,"20,000 to 29,000",1,Policy Holder
No,Urban,33,"20,000 to 29,000",2 to 4,Policy Holder
No,Urban,44,"30,000 to 39,000",more than 4,Policy Holder
No,Urban,30,"20,000 to 29,000",2 to 4,Policy Holder
No,Urban,34,"30,000 to 39,000",1,Policy Holder
No,Urban,28,"30,000 to 39,000",more than 4,Policy Holder
No,Urban,44,"40,000 to 59,000",1,Policy Holder
No,Urban,43,"20,000 to 29,000",more than 4,Policy Holder
No,Urban,65,"20,000 to 29,000",more than 4,Policy Holder
No,Urban,44,"20,000 to 29,000",2 to 4,Policy Holder
No,Urban,38,"30,000 to 39,000",2 to 4,Policy Holder
No,Urban,38,"20,000 to 29,000",2 to 4,Policy Holder
No,Urban,34,"30,000 to 39,000",none,Policy Holder
No,Rural,61,"30,000 to 39,000",none,Policy Holder
No,Urban,28,"20,000 to 29,000",more than 4,Policy Holder
Yes,Urban,0,"more than 69,000",none,Policy Holder
No,Urban,27,"30,000 to 39,000",more than 4,Policy Holder
No,Urban,29,"20,000 to 29,000",1,Third Party
No,Urban,32,"more than 69,000",2 to 4,Third Party
No,Urban,27,"20,000 to 29,000",1,Policy Holder
No,Urban,21,"20,000 to 29,000",1,Third Party
No,Urban,46,"20,000 to 29,000",2 to 4,Policy Holder
No,Urban,51,"30,000 to 39,000",none,Policy Holder
Yes,Urban,0,"more than 69,000",none,Policy Holder
No,Urban,37,"20,000 to 29,000",more than 4,Policy Holder
No,Urban,31,"20,000 to 29,000",2 to 4,Policy Holder
No,Urban,44,"40,000 to 59,000",more than 4,Policy Holder
No,Urban,34,"20,000 to 29,000",2 to 4,Policy Holder
No,Urban,36,"20,000 to 29,000",more than 4,Policy Holder
Yes,Urban,40,"30,000 to 39,000",none,Third Party
No,Urban,32,"20,000 to 29,000",2 to 4,Policy Holder
No,Rural,41,"20,000 to 29,000",2 to 4,Third Party
Yes,Rural,36,"less than 20,000",none,Policy Holder
No,Urban,34,"20,000 to 29,000",1,Third Party
No,Urban,51,"30,000 to 39,000",1,Third Party
No,Urban,41,"30,000 to 39,000",more than 4,Policy Holder
No,Urban,45,"more than 69,000",2 to 4,Policy Holder
No,Urban,35,"20,000 to 29,000",1,Policy Holder
No,Urban,46,"30,000 to 39,000",more than 4,Policy Holder
No,Urban,46,"30,000 to 39,000",2 to 4,Policy Holder
Yes,Urban,31,"20,000 to 29,000",more than 4,Policy Holder
No,Urban,26,"more than 69,000",1,Policy Holder
No,Urban,52,"30,000 to 39,000",none,Third Party
No,Urban,54,"20,000 to 29,000",2 to 4,Policy Holder
No,Urban,54,"20,000 to 29,000",2 to 4,Third Party
No,Urban,39,"30,000 to 39,000",2 to 4,Policy Holder
No,Rural,27,"20,000 to 29,000",1,Policy Holder
No,Urban,31,"20,000 to 29,000",2 to 4,Policy Holder
No,Urban,28,"20,000 to 29,000",1,Policy Holder
No,Urban,42,"more than 69,000",1,Policy Holder
No,Urban,52,"60,000 to 69,000",2 to 4,Policy Holder
No,Urban,50,"20,000 to 29,000",1,Policy Holder
No,Urban,42,"30,000 to 39,000",none,Third Party
No,Urban,39,"20,000 to 29,000",none,Policy Holder
No,Urban,41,"20,000 to 29,000",2 to 4,Policy Holder
No,Urban,51,"20,000 to 29,000",2 to 4,Third Party
No,Urban,41,"20,000 to 29,000",2 to 4,Third Party
No,Urban,39,"30,000 to 39,000",none,Policy Holder
No,Urban,26,"30,000 to 39,000",2 to 4,Third Party
No,Urban,31,"20,000 to 29,000",2 to 4,Policy Holder
No,Urban,46,"20,000 to 29,000",none,Policy Holder
No,Urban,57,"20,000 to 29,000",more than 4,Policy Holder
Yes,Urban,46,"20,000 to 29,000",1,Policy Holder
No,Urban,33,"20,000 to 29,000",none,Policy Holder
No,Urban,63,"30,000 to 39,000",2 to 4,Policy Holder
No,Urban,47,"30,000 to 39,000",none,Policy Holder
No,Urban,45,"20,000 to 29,000",2 to 4,Policy Holder
No,Urban,35,"20,000 to 29,000",1,Third Party
No,Urban,55,"20,000 to 29,000",1,Policy Holder
No,Urban,33,"20,000 to 29,000",more than 4,Policy Holder
No,Urban,47,"more than 69,000",1,Policy Holder
No,Urban,23,"20,000 to 29,000",none,Policy Holder
No,Urban,50,"30,000 to 39,000",1,Policy Holder
No,Urban,26,"20,000 to 29,000",1,Third Party
No,Urban,41,"20,000 to 29,000",none,Policy Holder
No,Urban,80,"more than 69,000",none,Third Party
No,Urban,55,"more than 69,000",none,Policy Holder
No,Urban,22,"20,000 to 29,000",2 to 4,Third Party
No,Urban,57,"20,000 to 29,000",2 to 4,Policy Holder
No,Urban,21,"less than 20,000",2 to 4,Policy Holder
No,Urban,46,"20,000 to 29,000",1,Policy Holder
No,Urban,42,"20,000 to 29,000",2 to 4,Third Party
No,Urban,24,"20,000 to 29,000",2 to 4,Policy Holder
No,Urban,48,"30,000 to 39,000",more than 4,Policy Holder
No,Rural,35,"30,000 to 39,000",more than 4,Policy Holder
No,Urban,35,"more than 69,000",2 to 4,Policy Holder
No,Urban,44,"30,000 to 39,000",2 to 4,Third Party
No,Urban,28,"30,000 to 39,000",2 to 4,Third Party
No,Urban,27,"30,000 to 39,000",more than 4,Policy Holder
No,Urban,27,"30,000 to 39,000",more than 4,Third Party
No,Urban,64,"30,000 to 39,000",2 to 4,Policy Holder
No,Urban,61,"more than 69,000",2 to 4,Third Party
No,Urban,62,"20,000 to 29,000",more than 4,Policy Holder
No,Urban,42,"more than 69,000",2 to 4,Policy Holder
No,Urban,26,"20,000 to 29,000",1,Policy Holder
No,Urban,35,"30,000 to 39,000",1,Policy Holder
No,Urban,33,"20,000 to 29,000",2 to 4,Policy Holder
No,Rural,31,"20,000 to 29,000",2 to 4,Third Party
No,Urban,49,"20,000 to 29,000",2 to 4,Third Party
Yes,Urban,20,"more than 69,000",none,Policy Holder
No,Urban,29,"20,000 to 29,000",more than 4,Policy Holder
No,Urban,60,"less than 20,000",none,Policy Holder
No,Rural,76,"30,000 to 39,000",1,Third Party
No,Urban,57,"20,000 to 29,000",2 to 4,Policy Holder
No,Urban,34,"20,000 to 29,000",1,Policy Holder
No,Urban,34,"more than 69,000",none,Third Party
No,Urban,31,"20,000 to 29,000",2 to 4,Policy Holder
No,Urban,45,"30,000 to 39,000",none,Policy Holder
No,Urban,30,"20,000 to 29,000",1,Policy Holder
No,Urban,44,"20,000 to 29,000",more than 4,Third Party
No,Rural,55,"30,000 to 39,000",none,Third Party
No,Urban,55,"less than 20,000",1,Third Party
No,Urban,26,"20,000 to 29,000",1,Policy Holder
No,Urban,0,"more than 69,000",2 to 4,Policy Holder
No,Urban,31,"more than 69,000",1,Policy Holder
No,Urban,31,"20,000 to 29,000",1,Policy Holder
No,Urban,53,"30,000 to 39,000",1,Policy Holder
No,Urban,37,"20,000 to 29,000",more than 4,Policy Holder
No,Urban,64,"30,000 to 39,000",2 to 4,Third Party
No,Urban,27,"less than 20,000",more than 4,Third Party
No,Urban,68,"20,000 to 29,000",none,Policy Holder
No,Urban,46,"20,000 to 29,000",none,Third Party
No,Urban,29,"20,000 to 29,000",none,Policy Holder
No,Urban,34,"20,000 to 29,000",2 to 4,Policy Holder
No,Rural,38,"30,000 to 39,000",1,Third Party
No,Urban,34,"20,000 to 29,000",none,Policy Holder
No,Urban,27,"20,000 to 29,000",none,Policy Holder
No,Rural,26,"less than 20,000",none,Third Party
No,Urban,59,"30,000 to 39,000",none,Third Party
No,Urban,38,"30,000 to 39,000",2 to 4,Policy Holder
No,Urban,38,"more than 69,000",none,Third Party
No,Urban,34,"20,000 to 29,000",2 to 4,Policy Holder
No,Urban,41,"30,000 to 39,000",2 to 4,Policy Holder
No,Urban,32,"20,000 to 29,000",none,Policy Holder
No,Urban,35,"20,000 to 29,000",2 to 4,Third Party
No,Urban,34,"20,000 to 29,000",2 to 4,Third Party
No,Urban,50,"20,000 to 29,000",more than 4,Policy Holder
No,Urban,26,"20,000 to 29,000",none,Policy Holder
No,Urban,32,"20,000 to 29,000",more than 4,Policy Holder
No,Urban,33,"20,000 to 29,000",1,Policy Holder
No,Urban,28,"20,000 to 29,000",1,Policy Holder
No,Urban,41,"more than 69,000",none,Policy Holder
No,Urban,32,"30,000 to 39,000",1,Third Party
No,Urban,21,"20,000 to 29,000",2 to 4,Third Party
No,Urban,39,"20,000 to 29,000",2 to 4,Policy Holder
No,Urban,39,"20,000 to 29,000",none,Third Party
No,Urban,26,"more than 69,000",2 to 4,Third Party
No,Urban,31,"20,000 to 29,000",more than 4,Policy Holder
No,Urban,60,"20,000 to 29,000",1,Policy Holder
No,Urban,29,"20,000 to 29,000",2 to 4,Policy Holder
No,Urban,22,"more than 69,000",2 to 4,Third Party
No,Urban,53,"20,000 to 29,000",none,Third Party
No,Urban,44,"40,000 to 59,000",1,Policy Holder
No,Urban,24,"20,000 to 29,000",1,Third Party
No,Urban,24,"20,000 to 29,000",2 to 4,Third Party
No,Rural,44,"20,000 to 29,000",1,Third Party
No,Rural,33,"more than 69,000",1,Policy Holder
No,Urban,41,"30,000 to 39,000",more than 4,Policy Holder
No,Urban,35,"more than 69,000",2 to 4,Third Party
No,Urban,27,"20,000 to 29,000",none,Third Party
No,Urban,55,"20,000 to 29,000",none,Policy Holder
No,Urban,34,"30,000 to 39,000",2 to 4,Policy Holder
No,Rural,61,"20,000 to 29,000",1,Policy Holder
No,Urban,62,"20,000 to 29,000",1,Policy Holder
No,Urban,40,"20,000 to 29,000",none,Policy Holder
No,Urban,36,"20,000 to 29,000",1,Third Party
No,Urban,65,"30,000 to 39,000",2 to 4,Policy Holder
No,Urban,47,"20,000 to 29,000",1,Policy Holder
No,Urban,27,"more than 69,000",none,Policy Holder
No,Urban,25,"less than 20,000",1,Policy Holder
No,Urban,36,"more than 69,000",more than 4,Third Party
Yes,Urban,39,"less than 20,000",none,Policy Holder
Yes,Urban,51,"20,000 to 29,000",none,Policy Holder
No,Rural,36,"more than 69,000",none,Third Party
No,Urban,35,"20,000 to 29,000",1,Policy Holder
No,Urban,40,"30,000 to 39,000",none,Policy Holder
No,Urban,31,"30,000 to 39,000",2 to 4,Policy Holder
No,Rural,40,"more than 69,000",2 to 4,Policy Holder
No,Urban,27,"20,000 to 29,000",none,Policy Holder
No,Urban,29,"20,000 to 29,000",none,Policy Holder
No,Urban,37,"30,000 to 39,000",2 to 4,Policy Holder
No,Urban,29,"20,000 to 29,000",more than 4,Policy Holder
No,Urban,33,"20,000 to 29,000",none,Policy Holder
No,Rural,34,"20,000 to 29,000",none,Policy Holder
No,Rural,28,"less than 20,000",2 to 4,Policy Holder
No,Urban,53,"30,000 to 39,000",none,Policy Holder
Yes,Urban,33,"20,000 to 29,000",1,Policy Holder
Yes,Urban,30,"30,000 to 39,000",2 to 4,Policy Holder
No,Urban,62,"less than 20,000",1,Policy Holder
No,Urban,45,"30,000 to 39,000",1,Policy Holder
No,Urban,69,"20,000 to 29,000",2 to 4,Third Party
No,Urban,27,"20,000 to 29,000",1,Policy Holder
No,Urban,28,"20,000 to 29,000",2 to 4,Policy Holder
No,Urban,61,"20,000 to 29,000",1,Policy Holder
No,Urban,39,"more than 69,000",2 to 4,Third Party
No,Urban,49,"20,000 to 29,000",2 to 4,Policy Holder
No,Urban,63,"20,000 to 29,000",2 to 4,Third Party
No,Urban,45,"more than 69,000",more than 4,Policy Holder
No,Urban,38,"20,000 to 29,000",2 to 4,Third Party
No,Rural,60,"30,000 to 39,000",none,Policy Holder
No,Urban,55,"20,000 to 29,000",1,Policy Holder
No,Urban,44,"20,000 to 29,000",2 to 4,Policy Holder
No,Urban,53,"20,000 to 29,000",2 to 4,Policy Holder
No,Urban,41,"20,000 to 29,000",2 to 4,Policy Holder
No,Urban,22,"20,000 to 29,000",more than 4,Third Party
No,Urban,24,"less than 20,000",1,Policy Holder
No,Urban,28,"more than 69,000",none,Third Party
No,Urban,39,"less than 20,000",none,Policy Holder
Yes,Urban,26,"20,000 to 29,000",none,Policy Holder
No,Urban,32,"30,000 to 39,000",1,Third Party
No,Urban,21,"30,000 to 39,000",2 to 4,Third Party
No,Urban,35,"20,000 to 29,000",none,Policy Holder
No,Urban,43,"less than 20,000",none,Policy Holder
No,Urban,24,"20,000 to 29,000",more than 4,Policy Holder
No,Urban,18,"less than 20,000",1,Policy Holder
No,Urban,37,"more than 69,000",2 to 4,Policy Holder
No,Urban,59,"20,000 to 29,000",more than 4,Policy Holder
No,Urban,31,"more than 69,000",none,Third Party
No,Urban,42,"more than 69,000",2 to 4,Policy Holder
No,Urban,36,"20,000 to 29,000",more than 4,Policy Holder
No,Urban,32,"20,000 to 29,000",1,Policy Holder
Yes,Rural,29,"20,000 to 29,000",1,Policy Holder
No,Urban,49,"more than 69,000",2 to 4,Policy Holder
No,Urban,41,"20,000 to 29,000",1,Third Party
No,Urban,46,"20,000 to 29,000",1,Policy Holder
Yes,Urban,21,"30,000 to 39,000",1,Policy Holder
No,Urban,51,"20,000 to 29,000",1,Policy Holder
Yes,Urban,28,"30,000 to 39,000",2 to 4,Policy Holder
No,Urban,36,"20,000 to 29,000",none,Policy Holder
No,Rural,58,"30,000 to 39,000",none,Third Party
No,Urban,31,"30,000 to 39,000",more than 4,Policy Holder
No,Rural,71,"20,000 to 29,000",none,Third Party
No,Urban,37,"20,000 to 29,000",more than 4,Policy Holder
No,Urban,35,"20,000 to 29,000",2 to 4,Policy Holder
No,Urban,37,"20,000 to 29,000",none,Policy Holder
No,Urban,40,"30,000 to 39,000",none,Policy Holder
No,Rural,80,"less than 20,000",1,Policy Holder
No,Urban,37,"less than 20,000",none,Policy Holder
No,Urban,18,"20,000 to 29,000",2 to 4,Policy Holder
No,Urban,27,"more than 69,000",2 to 4,Policy Holder
No,Urban,39,"less than 20,000",none,Policy Holder
No,Urban,52,"30,000 to 39,000",none,Third Party
No,Urban,28,"less than 20,000",2 to 4,Policy Holder
No,Urban,28,"20,000 to 29,000",1,Third Party
No,Urban,54,"20,000 to 29,000",none,Policy Holder
No,Urban,27,"less than 20,000",more than 4,Policy Holder
No,Urban,49,"30,000 to 39,000",2 to 4,Third Party
No,Urban,34,"20,000 to 29,000",1,Third Party
No,Urban,32,"20,000 to 29,000",more than 4,Policy Holder
No,Urban,30,"30,000 to 39,000",1,Policy Holder
No,Urban,38,"30,000 to 39,000",more than 4,Policy Holder
No,Urban,52,"30,000 to 39,000",1,Policy Holder
No,Urban,64,"20,000 to 29,000",1,Third Party
No,Urban,20,"20,000 to 29,000",1,Policy Holder
No,Urban,26,"20,000 to 29,000",2 to 4,Policy Holder
No,Urban,27,"30,000 to 39,000",1,Policy Holder
No,Urban,37,"30,000 to 39,000",more than 4,Policy Holder
Yes,Urban,48,"less than 20,000",none,Policy Holder
No,Urban,57,"20,000 to 29,000",none,Policy Holder
No,Rural,34,"20,000 to 29,000",1,Policy Holder
No,Urban,49,"20,000 to 29,000",none,Third Party
No,Urban,28,"more than 69,000",2 to 4,Policy Holder
No,Urban,26,"30,000 to 39,000",more than 4,Policy Holder
No,Urban,50,"more than 69,000",1,Third Party
No,Urban,60,"30,000 to 39,000",2 to 4,Third Party
No,Urban,31,"20,000 to 29,000",2 to 4,Policy Holder
Yes,Rural,35,"more than 69,000",2 to 4,Policy Holder
No,Urban,54,"20,000 to 29,000",none,Third Party
No,Urban,54,"20,000 to 29,000",1,Policy Holder
No,Urban,60,"20,000 to 29,000",2 to 4,Third Party
No,Urban,38,"30,000 to 39,000",2 to 4,Policy Holder
No,Urban,28,"20,000 to 29,000",none,Policy Holder
No,Rural,26,"30,000 to 39,000",2 to 4,Policy Holder
No,Urban,25,"more than 69,000",2 to 4,Policy Holder
No,Rural,50,"20,000 to 29,000",1,Third Party
No,Urban,29,"30,000 to 39,000",1,Policy Holder
No,Rural,34,"less than 20,000",2 to 4,Third Party
No,Urban,60,"30,000 to 39,000",2 to 4,Policy Holder
No,Rural,51,"20,000 to 29,000",none,Third Party
No,Urban,42,"30,000 to 39,000",2 to 4,Policy Holder
No,Urban,28,"20,000 to 29,000",1,Policy Holder
No,Urban,33,"20,000 to 29,000",none,Policy Holder
No,Urban,73,"20,000 to 29,000",2 to 4,Policy Holder
No,Urban,28,"30,000 to 39,000",2 to 4,Policy Holder
Yes,Urban,33,"more than 69,000",none,Third Party
No,Urban,42,"less than 20,000",none,Third Party
No,Urban,47,"more than 69,000",1,Policy Holder
No,Urban,39,"20,000 to 29,000",none,Policy Holder
No,Urban,52,"20,000 to 29,000",none,Policy Holder
No,Urban,48,"more than 69,000",none,Third Party
No,Urban,41,"20,000 to 29,000",2 to 4,Policy Holder
No,Urban,39,"30,000 to 39,000",2 to 4,Third Party
No,Urban,32,"30,000 to 39,000",1,Policy Holder
No,Rural,41,"20,000 to 29,000",none,Policy Holder
No,Urban,60,"40,000 to 59,000",1,Policy Holder
No,Urban,28,"less than 20,000",2 to 4,Policy Holder
No,Urban,45,"more than 69,000",none,Policy Holder
No,Urban,32,"20,000 to 29,000",more than 4,Policy Holder
No,Urban,58,"20,000 to 29,000",2 to 4,Third Party
No,Urban,58,"20,000 to 29,000",1,Policy Holder
No,Urban,24,"20,000 to 29,000",2 to 4,Third Party
No,Urban,29,"more than 69,000",2 to 4,Policy Holder
No,Urban,53,"60,000 to 69,000",2 to 4,Policy Holder
No,Urban,18,"20,000 to 29,000",none,Policy Holder
No,Urban,61,"20,000 to 29,000",1,Third Party
No,Urban,26,"40,000 to 59,000",more than 4,Policy Holder
No,Urban,34,"more than 69,000",2 to 4,Policy Holder
No,Urban,37,"less than 20,000",2 to 4,Third Party
No,Urban,0,"more than 69,000",none,Policy Holder
No,Urban,0,"more than 69,000",2 to 4,Policy Holder
No,Rural,33,"30,000 to 39,000",1,Policy Holder
No,Urban,40,"more than 69,000",2 to 4,Third Party
No,Urban,40,"20,000 to 29,000",more than 4,Policy Holder
No,Urban,65,"20,000 to 29,000",2 to 4,Policy Holder
Yes,Urban,37,"20,000 to 29,000",2 to 4,Policy Holder
No,Urban,43,"60,000 to 69,000",none,Policy Holder
No,Urban,35,"20,000 to 29,000",none,Third Party
No,Urban,30,"30,000 to 39,000",2 to 4,Policy Holder
No,Urban,31,"40,000 to 59,000",2 to 4,Policy Holder
No,Urban,50,"20,000 to 29,000",2 to 4,Policy Holder
Yes,Urban,48,"20,000 to 29,000",none,Policy Holder
Yes,Rural,41,"less than 20,000",2 to 4,Policy Holder
No,Urban,61,"40,000 to 59,000",none,Policy Holder
No,Urban,26,"less than 20,000",1,Policy Holder
No,Urban,35,"40,000 to 59,000",2 to 4,Policy Holder
No,Urban,44,"40,000 to 59,000",1,Policy Holder
No,Rural,27,"20,000 to 29,000",1,Policy Holder
No,Urban,66,"30,000 to 39,000",none,Third Party
No,Urban,68,"less than 20,000",none,Policy Holder
No,Urban,28,"less than 20,000",1,Policy Holder
No,Urban,43,"more than 69,000",1,Third Party
No,Urban,36,"20,000 to 29,000",none,Policy Holder
No,Urban,47,"20,000 to 29,000",more than 4,Policy Holder
No,Urban,28,"20,000 to 29,000",2 to 4,Policy Holder
Yes,Rural,72,"20,000 to 29,000",none,Policy Holder
No,Urban,26,"20,000 to 29,000",none,Third Party
No,Urban,32,"20,000 to 29,000",2 to 4,Policy Holder
No,Rural,31,"30,000 to 39,000",more than 4,Policy Holder
No,Urban,30,"20,000 to 29,000",none,Third Party
No,Urban,55,"20,000 to 29,000",more than 4,Policy Holder
No,Urban,43,"30,000 to 39,000",2 to 4,Policy Holder
No,Urban,42,"20,000 to 29,000",none,Policy Holder
No,Urban,44,"20,000 to 29,000",2 to 4,Policy Holder
No,Urban,44,"20,000 to 29,000",2 to 4,Policy Holder
Yes,Urban,38,"20,000 to 29,000",1,Policy Holder
No,Urban,65,"20,000 to 29,000",none,Policy Holder
No,Urban,45,"20,000 to 29,000",2 to 4,Policy Holder
No,Rural,34,"20,000 to 29,000",1,Policy Holder
No,Rural,49,"30,000 to 39,000",none,Policy Holder
No,Urban,76,"30,000 to 39,000",2 to 4,Policy Holder
Yes,Urban,60,"more than 69,000",none,Policy Holder
No,Urban,44,"20,000 to 29,000",2 to 4,Third Party
No,Urban,0,"more than 69,000",1,Policy Holder
Yes,Rural,27,"20,000 to 29,000",none,Policy Holder
No,Urban,33,"30,000 to 39,000",none,Third Party
No,Urban,48,"20,000 to 29,000",none,Policy Holder
No,Urban,52,"20,000 to 29,000",2 to 4,Policy Holder
No,Urban,28,"20,000 to 29,000",more than 4,Policy Holder
No,Urban,45,"20,000 to 29,000",1,Policy Holder
No,Urban,48,"20,000 to 29,000",none,Policy Holder
No,Urban,35,"20,000 to 29,000",2 to 4,Third Party
No,Urban,29,"20,000 to 29,000",2 to 4,Policy Holder
No,Urban,40,"more than 69,000",more than 4,Policy Holder
Yes,Urban,39,"less than 20,000",2 to 4,Policy Holder
No,Urban,52,"30,000 to 39,000",2 to 4,Policy Holder
No,Rural,27,"20,000 to 29,000",1,Policy Holder
No,Urban,59,"20,000 to 29,000",2 to 4,Policy Holder
No,Urban,53,"20,000 to 29,000",none,Third Party
No,Urban,40,"30,000 to 39,000",more than 4,Policy Holder
No,Urban,59,"20,000 to 29,000",2 to 4,Third Party
No,Urban,48,"less than 20,000",1,Policy Holder
No,Urban,40,"less than 20,000",2 to 4,Third Party
No,Urban,65,"30,000 to 39,000",1,Policy Holder
No,Urban,41,"20,000 to 29,000",none,Policy Holder
No,Urban,0,"more than 69,000",more than 4,Policy Holder
No,Urban,32,"20,000 to 29,000",more than 4,Policy Holder
No,Urban,33,"20,000 to 29,000",none,Policy Holder
No,Urban,28,"more than 69,000",2 to 4,Policy Holder
Yes,Urban,50,"20,000 to 29,000",none,Policy Holder
No,Urban,33,"more than 69,000",2 to 4,Policy Holder
No,Urban,59,"20,000 to 29,000",2 to 4,Policy Holder
No,Rural,34,"20,000 to 29,000",none,Policy Holder
No,Urban,48,"30,000 to 39,000",none,Third Party
No,Urban,45,"30,000 to 39,000",2 to 4,Policy Holder
No,Urban,42,"20,000 to 29,000",2 to 4,Third Party
No,Urban,35,"more than 69,000",1,Policy Holder
No,Urban,29,"20,000 to 29,000",2 to 4,Policy Holder
No,Rural,50,"20,000 to 29,000",1,Policy Holder
No,Urban,41,"more than 69,000",none,Third Party
No,Urban,36,"30,000 to 39,000",1,Policy Holder
No,Urban,45,"20,000 to 29,000",1,Third Party
No,Urban,50,"30,000 to 39,000",1,Policy Holder
No,Urban,31,"less than 20,000",1,Policy Holder
No,Urban,44,"20,000 to 29,000",2 to 4,Third Party
No,Urban,35,"20,000 to 29,000",1,Policy Holder
No,Urban,60,"20,000 to 29,000",2 to 4,Policy Holder
No,Rural,42,"30,000 to 39,000",none,Policy Holder
No,Urban,38,"20,000 to 29,000",2 to 4,Third Party
No,Urban,32,"20,000 to 29,000",2 to 4,Third Party
No,Urban,30,"20,000 to 29,000",1,Policy Holder
No,Urban,34,"more than 69,000",1,Policy Holder
No,Urban,46,"30,000 to 39,000",2 to 4,Third Party
No,Urban,31,"30,000 to 39,000",more than 4,Policy Holder
No,Urban,29,"20,000 to 29,000",2 to 4,Third Party
No,Rural,38,"less than 20,000",none,Policy Holder
No,Urban,35,"20,000 to 29,000",1,Policy Holder
No,Urban,33,"20,000 to 29,000",more than 4,Policy Holder
No,Urban,16,"more than 69,000",1,Third Party
No,Urban,50,"more than 69,000",1,Policy Holder
No,Urban,50,"20,000 to 29,000",2 to 4,Policy Holder
No,Urban,30,"20,000 to 29,000",1,Third Party
No,Urban,0,"more than 69,000",2 to 4,Policy Holder
No,Urban,37,"20,000 to 29,000",2 to 4,Policy Holder
No,Urban,22,"more than 69,000",none,Third Party
Yes,Rural,31,"30,000 to 39,000",2 to 4,Policy Holder
No,Urban,26,"more than 69,000",2 to 4,Policy Holder
No,Urban,35,"20,000 to 29,000",2 to 4,Policy Holder
No,Urban,28,"20,000 to 29,000",1,Policy Holder
No,Urban,34,"20,000 to 29,000",none,Policy Holder
No,Urban,30,"more than 69,000",2 to 4,Policy Holder
No,Urban,43,"more than 69,000",none,Policy Holder
No,Urban,36,"more than 69,000",none,Policy Holder
No,Urban,44,"20,000 to 29,000",1,Policy Holder
No,Urban,39,"more than 69,000",none,Policy Holder
No,Urban,38,"20,000 to 29,000",none,Third Party
No,Urban,34,"more than 69,000",none,Policy Holder
No,Rural,38,"60,000 to 69,000",none,Third Party
No,Urban,51,"20,000 to 29,000",more than 4,Third Party
No,Urban,49,"less than 20,000",1,Policy Holder
No,Urban,42,"more than 69,000",more than 4,Policy Holder
No,Urban,50,"20,000 to 29,000",2 to 4,Policy Holder
No,Urban,45,"30,000 to 39,000",2 to 4,Policy Holder
No,Urban,71,"20,000 to 29,000",2 to 4,Policy Holder
No,Urban,0,"more than 69,000",1,Third Party
No,Urban,54,"30,000 to 39,000",2 to 4,Policy Holder
No,Rural,34,"more than 69,000",more than 4,Policy Holder
No,Urban,48,"30,000 to 39,000",none,Policy Holder
No,Urban,55,"20,000 to 29,000",1,Third Party
No,Rural,30,"30,000 to 39,000",1,Third Party
No,Urban,51,"30,000 to 39,000",more than 4,Policy Holder
Yes,Urban,27,"20,000 to 29,000",2 to 4,Policy Holder
No,Urban,41,"30,000 to 39,000",more than 4,Third Party
No,Urban,47,"30,000 to 39,000",none,Policy Holder
No,Urban,38,"20,000 to 29,000",2 to 4,Policy Holder
No,Urban,51,"20,000 to 29,000",2 to 4,Policy Holder
No,Urban,29,"20,000 to 29,000",2 to 4,Third Party
No,Urban,31,"20,000 to 29,000",more than 4,Policy Holder
No,Urban,28,"20,000 to 29,000",1,Policy Holder
Yes,Urban,50,"30,000 to 39,000",none,Policy Holder
No,Urban,28,"40,000 to 59,000",2 to 4,Policy Holder
No,Urban,36,"20,000 to 29,000",1,Third Party
No,Urban,39,"30,000 to 39,000",more than 4,Policy Holder
No,Urban,55,"less than 20,000",2 to 4,Policy Holder
No,Urban,36,"20,000 to 29,000",none,Third Party
No,Urban,26,"30,000 to 39,000",none,Third Party
No,Rural,30,"30,000 to 39,000",none,Policy Holder
No,Urban,35,"30,000 to 39,000",1,Policy Holder
No,Urban,34,"30,000 to 39,000",2 to 4,Third Party
Yes,Urban,25,"20,000 to 29,000",none,Policy Holder
No,Urban,27,"30,000 to 39,000",none,Third Party
No,Urban,32,"30,000 to 39,000",2 to 4,Policy Holder
No,Urban,48,"less than 20,000",none,Policy Holder
No,Rural,29,"more than 69,000",2 to 4,Policy Holder
No,Urban,28,"20,000 to 29,000",2 to 4,Policy Holder
No,Urban,35,"20,000 to 29,000",none,Policy Holder
No,Urban,43,"20,000 to 29,000",more than 4,Policy Holder
No,Urban,47,"less than 20,000",none,Policy Holder
No,Urban,38,"30,000 to 39,000",none,Policy Holder
No,Urban,26,"less than 20,000",2 to 4,Third Party
No,Urban,35,"20,000 to 29,000",2 to 4,Policy Holder
No,Urban,39,"40,000 to 59,000",none,Policy Holder
No,Rural,34,"20,000 to 29,000",none,Third Party
No,Urban,51,"20,000 to 29,000",1,Third Party
No,Urban,43,"more than 69,000",2 to 4,Policy Holder
No,Urban,27,"20,000 to 29,000",2 to 4,Policy Holder
No,Urban,30,"20,000 to 29,000",1,Third Party
No,Urban,26,"less than 20,000",1,Policy Holder
No,Urban,38,"more than 69,000",2 to 4,Policy Holder
No,Urban,38,"20,000 to 29,000",1,Policy Holder
No,Rural,32,"less than 20,000",2 to 4,Third Party
No,Urban,43,"20,000 to 29,000",1,Third Party
No,Urban,54,"20,000 to 29,000",1,Policy Holder
No,Urban,46,"20,000 to 29,000",more than 4,Policy Holder
No,Urban,35,"20,000 to 29,000",2 to 4,Policy Holder
No,Urban,46,"20,000 to 29,000",none,Policy Holder
No,Urban,28,"20,000 to 29,000",none,Policy Holder
No,Urban,42,"30,000 to 39,000",1,Policy Holder
No,Urban,26,"30,000 to 39,000",2 to 4,Policy Holder
No,Urban,40,"30,000 to 39,000",more than 4,Policy Holder
Yes,Urban,30,"20,000 to 29,000",none,Policy Holder
Yes,Urban,66,"less than 20,000",1,Policy Holder
No,Urban,39,"30,000 to 39,000",more than 4,Policy Holder
No,Rural,35,"20,000 to 29,000",2 to 4,Policy Holder
No,Urban,42,"30,000 to 39,000",none,Policy Holder
No,Urban,27,"20,000 to 29,000",1,Third Party
No,Urban,59,"less than 20,000",none,Policy Holder
No,Urban,26,"less than 20,000",none,Policy Holder
No,Urban,55,"20,000 to 29,000",1,Third Party
No,Rural,31,"20,000 to 29,000",none,Third Party
No,Urban,38,"20,000 to 29,000",none,Policy Holder
No,Urban,29,"20,000 to 29,000",2 to 4,Policy Holder
No,Urban,63,"more than 69,000",none,Policy Holder
No,Rural,33,"more than 69,000",2 to 4,Policy Holder
No,Rural,26,"20,000 to 29,000",more than 4,Policy Holder
No,Urban,80,"30,000 to 39,000",1,Policy Holder
Yes,Urban,40,"30,000 to 39,000",2 to 4,Policy Holder
No,Urban,51,"30,000 to 39,000",2 to 4,Third Party
No,Urban,49,"20,000 to 29,000",1,Policy Holder
No,Urban,36,"more than 69,000",2 to 4,Policy Holder
No,Urban,24,"30,000 to 39,000",2 to 4,Policy Holder
No,Urban,25,"20,000 to 29,000",1,Policy Holder
No,Urban,50,"more than 69,000",none,Third Party
No,Urban,26,"20,000 to 29,000",2 to 4,Policy Holder
No,Urban,48,"less than 20,000",more than 4,Policy Holder
No,Urban,53,"30,000 to 39,000",1,Policy Holder
No,Urban,40,"20,000 to 29,000",2 to 4,Policy Holder
No,Urban,31,"20,000 to 29,000",2 to 4,Policy Holder
No,Urban,32,"30,000 to 39,000",none,Policy Holder
No,Urban,41,"more than 69,000",2 to 4,Policy Holder
No,Urban,36,"20,000 to 29,000",more than 4,Policy Holder
No,Urban,55,"30,000 to 39,000",1,Third Party
No,Urban,65,"20,000 to 29,000",none,Policy Holder
No,Urban,34,"20,000 to 29,000",2 to 4,Third Party
No,Urban,18,"30,000 to 39,000",2 to 4,Policy Holder
No,Urban,63,"more than 69,000",2 to 4,Policy Holder
No,Urban,44,"20,000 to 29,000",2 to 4,Policy Holder
No,Rural,64,"20,000 to 29,000",2 to 4,Policy Holder
No,Urban,35,"20,000 to 29,000",more than 4,Policy Holder
No,Rural,32,"20,000 to 29,000",2 to 4,Third Party
No,Urban,33,"20,000 to 29,000",2 to 4,Policy Holder
No,Urban,40,"20,000 to 29,000",none,Third Party
No,Rural,51,"30,000 to 39,000",none,Policy Holder
No,Urban,47,"20,000 to 29,000",none,Policy Holder
No,Urban,52,"less than 20,000",2 to 4,Third Party
No,Urban,45,"20,000 to 29,000",1,Policy Holder
No,Urban,28,"20,000 to 29,000",more than 4,Policy Holder
No,Urban,35,"20,000 to 29,000",2 to 4,Third Party
Yes,Urban,42,"40,000 to 59,000",2 to 4,Policy Holder
No,Urban,42,"30,000 to 39,000",1,Policy Holder
No,Urban,27,"20,000 to 29,000",none,Policy Holder
No,Urban,33,"20,000 to 29,000",none,Third Party
No,Urban,30,"20,000 to 29,000",none,Third Party
Yes,Urban,55,"more than 69,000",1,Policy Holder
No,Rural,50,"30,000 to 39,000",2 to 4,Policy Holder
No,Urban,32,"more than 69,000",2 to 4,Policy Holder
No,Urban,21,"30,000 to 39,000",1,Third Party
No,Urban,33,"20,000 to 29,000",2 to 4,Policy Holder
No,Urban,61,"30,000 to 39,000",1,Policy Holder
No,Urban,31,"20,000 to 29,000",none,Policy Holder
No,Urban,29,"20,000 to 29,000",more than 4,Policy Holder
Yes,Rural,67,"30,000 to 39,000",1,Policy Holder
No,Urban,35,"30,000 to 39,000",more than 4,Policy Holder
No,Urban,56,"more than 69,000",2 to 4,Policy Holder
No,Urban,50,"30,000 to 39,000",1,Policy Holder
No,Rural,27,"20,000 to 29,000",none,Policy Holder
No,Rural,32,"20,000 to 29,000",2 to 4,Policy Holder
No,Rural,39,"30,000 to 39,000",2 to 4,Policy Holder
No,Urban,31,"20,000 to 29,000",none,Third Party
No,Urban,29,"20,000 to 29,000",1,Policy Holder
No,Urban,49,"20,000 to 29,000",1,Third Party
No,Urban,45,"more than 69,000",2 to 4,Third Party
No,Urban,34,"30,000 to 39,000",none,Policy Holder
No,Urban,58,"20,000 to 29,000",1,Policy Holder
No,Urban,37,"20,000 to 29,000",more than 4,Policy Holder
No,Urban,58,"30,000 to 39,000",1,Policy Holder
Yes,Urban,26,"20,000 to 29,000",2 to 4,Policy Holder
No,Urban,53,"30,000 to 39,000",more than 4,Third Party
No,Urban,37,"20,000 to 29,000",2 to 4,Third Party
No,Urban,29,"20,000 to 29,000",1,Policy Holder
No,Urban,47,"20,000 to 29,000",none,Third Party
No,Urban,29,"20,000 to 29,000",none,Third Party
No,Urban,36,"20,000 to 29,000",2 to 4,Policy Holder
No,Urban,45,"30,000 to 39,000",2 to 4,Policy Holder
No,Urban,28,"20,000 to 29,000",2 to 4,Policy Holder
No,Urban,53,"60,000 to 69,000",none,Third Party
No,Rural,23,"20,000 to 29,000",2 to 4,Third Party
No,Urban,45,"30,000 to 39,000",2 to 4,Third Party
No,Urban,45,"20,000 to 29,000",none,Policy Holder
No,Urban,47,"less than 20,000",2 to 4,Policy Holder
No,Urban,32,"20,000 to 29,000",1,Policy Holder
No,Urban,69,"30,000 to 39,000",2 to 4,Third Party
No,Urban,47,"20,000 to 29,000",none,Third Party
No,Urban,34,"more than 69,000",none,Policy Holder
No,Rural,33,"30,000 to 39,000",1,Policy Holder
Yes,Urban,34,"20,000 to 29,000",none,Policy Holder
No,Urban,27,"20,000 to 29,000",2 to 4,Third Party
No,Urban,72,"20,000 to 29,000",none,Policy Holder
No,Urban,31,"20,000 to 29,000",1,Policy Holder
No,Urban,26,"20,000 to 29,000",2 to 4,Policy Holder
No,Urban,39,"20,000 to 29,000",none,Policy Holder
No,Urban,42,"20,000 to 29,000",1,Policy Holder
No,Urban,39,"30,000 to 39,000",none,Policy Holder
No,Urban,31,"20,000 to 29,000",more than 4,Policy Holder
No,Urban,80,"less than 20,000",2 to 4,Third Party
No,Urban,43,"30,000 to 39,000",2 to 4,Third Party
No,Urban,27,"30,000 to 39,000",none,Policy Holder
No,Urban,45,"30,000 to 39,000",more than 4,Policy Holder
No,Urban,43,"more than 69,000",1,Policy Holder
Yes,Urban,66,"20,000 to 29,000",1,Policy Holder
No,Urban,58,"30,000 to 39,000",none,Policy Holder
No,Rural,62,"20,000 to 29,000",none,Policy Holder
No,Urban,39,"30,000 to 39,000",2 to 4,Policy Holder
No,Urban,52,"20,000 to 29,000",1,Third Party
No,Urban,27,"20,000 to 29,000",none,Third Party
No,Urban,35,"20,000 to 29,000",2 to 4,Policy Holder
No,Urban,37,"more than 69,000",1,Third Party
No,Urban,44,"30,000 to 39,000",more than 4,Policy Holder
No,Rural,33,"20,000 to 29,000",none,Policy Holder
No,Urban,75,"less than 20,000",1,Policy Holder
No,Urban,50,"30,000 to 39,000",2 to 4,Policy Holder
No,Urban,55,"20,000 to 29,000",1,Third Party
No,Urban,40,"less than 20,000",none,Third Party
No,Rural,30,"30,000 to 39,000",2 to 4,Policy Holder
No,Urban,76,"30,000 to 39,000",2 to 4,Policy Holder
No,Urban,36,"20,000 to 29,000",more than 4,Policy Holder
No,Urban,33,"20,000 to 29,000",2 to 4,Policy Holder
No,Urban,21,"20,000 to 29,000",1,Policy Holder
No,Urban,52,"40,000 to 59,000",2 to 4,Policy Holder
No,Urban,41,"30,000 to 39,000",1,Third Party
No,Rural,37,"30,000 to 39,000",2 to 4,Third Party
No,Urban,35,"more than 69,000",none,Policy Holder
Yes,Urban,0,"more than 69,000",2 to 4,Policy Holder
No,Urban,51,"20,000 to 29,000",none,Third Party
No,Urban,25,"more than 69,000",2 to 4,Policy Holder
No,Urban,44,"20,000 to 29,000",1,Policy Holder
No,Urban,53,"30,000 to 39,000",1,Policy Holder
No,Urban,60,"30,000 to 39,000",none,Third Party
No,Urban,29,"20,000 to 29,000",2 to 4,Policy Holder
No,Urban,63,"20,000 to 29,000",1,Third Party
No,Urban,41,"20,000 to 29,000",more than 4,Policy Holder
No,Urban,64,"more than 69,000",2 to 4,Policy Holder
No,Urban,59,"less than 20,000",1,Third Party
No,Urban,47,"20,000 to 29,000",2 to 4,Policy Holder
No,Urban,35,"more than 69,000",2 to 4,Policy Holder
No,Urban,21,"30,000 to 39,000",2 to 4,Policy Holder
No,Urban,53,"20,000 to 29,000",none,Third Party
No,Urban,38,"20,000 to 29,000",none,Policy Holder
No,Rural,49,"30,000 to 39,000",none,Policy Holder
No,Urban,44,"20,000 to 29,000",1,Policy Holder
No,Urban,52,"30,000 to 39,000",1,Policy Holder
No,Urban,68,"20,000 to 29,000",more than 4,Policy Holder
No,Urban,23,"20,000 to 29,000",2 to 4,Third Party
No,Urban,48,"20,000 to 29,000",none,Policy Holder
No,Rural,37,"20,000 to 29,000",none,Policy Holder
No,Rural,30,"30,000 to 39,000",1,Policy Holder
No,Rural,48,"more than 69,000",none,Policy Holder
No,Urban,45,"20,000 to 29,000",1,Third Party
No,Rural,45,"more than 69,000",none,Third Party
No,Urban,59,"less than 20,000",none,Policy Holder
Yes,Urban,65,"20,000 to 29,000",1,Policy Holder
No,Urban,34,"20,000 to 29,000",1,Policy Holder
No,Urban,31,"20,000 to 29,000",1,Third Party
No,Urban,29,"30,000 to 39,000",1,Policy Holder
No,Urban,44,"20,000 to 29,000",none,Third Party
No,Urban,44,"20,000 to 29,000",2 to 4,Policy Holder
No,Urban,27,"30,000 to 39,000",2 to 4,Policy Holder
No,Urban,39,"30,000 to 39,000",2 to 4,Policy Holder
No,Urban,54,"more than 69,000",more than 4,Policy Holder
No,Urban,35,"30,000 to 39,000",none,Third Party
No,Urban,43,"less than 20,000",1,Policy Holder
No,Urban,44,"20,000 to 29,000",2 to 4,Policy Holder
No,Urban,26,"20,000 to 29,000",1,Policy Holder
No,Urban,45,"30,000 to 39,000",none,Third Party
No,Rural,0,"more than 69,000",1,Policy Holder
No,Urban,51,"more than 69,000",2 to 4,Policy Holder
No,Urban,45,"30,000 to 39,000",2 to 4,Third Party
No,Urban,34,"more than 69,000",1,Policy Holder
No,Urban,21,"20,000 to 29,000",1,Third Party
No,Urban,42,"30,000 to 39,000",none,Third Party
No,Rural,34,"more than 69,000",2 to 4,Policy Holder
No,Urban,31,"20,000 to 29,000",more than 4,Policy Holder
No,Urban,30,"20,000 to 29,000",more than 4,Policy Holder
No,Urban,28,"more than 69,000",none,Third Party
No,Urban,39,"30,000 to 39,000",1,Policy Holder
No,Urban,33,"20,000 to 29,000",2 to 4,Policy Holder
No,Urban,34,"30,000 to 39,000",none,Policy Holder
No,Urban,74,"30,000 to 39,000",2 to 4,Policy Holder
No,Urban,41,"20,000 to 29,000",1,Policy Holder
No,Urban,57,"30,000 to 39,000",1,Policy Holder
No,Urban,55,"30,000 to 39,000",none,Policy Holder
No,Urban,64,"60,000 to 69,000",2 to 4,Policy Holder
No,Urban,40,"less than 20,000",1,Policy Holder
No,Urban,41,"more than 69,000",1,Third Party
No,Urban,57,"30,000 to 39,000",more than 4,Policy Holder
No,Urban,31,"more than 69,000",more than 4,Policy Holder
No,Urban,35,"30,000 to 39,000",none,Third Party
No,Urban,31,"30,000 to 39,000",2 to 4,Policy Holder
No,Urban,45,"40,000 to 59,000",more than 4,Policy Holder
No,Urban,27,"20,000 to 29,000",none,Third Party
No,Rural,51,"more than 69,000",none,Third Party
No,Urban,48,"30,000 to 39,000",2 to 4,Policy Holder
Yes,Urban,32,"20,000 to 29,000",2 to 4,Policy Holder
No,Urban,48,"more than 69,000",more than 4,Policy Holder
No,Urban,33,"20,000 to 29,000",1,Policy Holder
No,Urban,19,"more than 69,000",none,Third Party
No,Rural,41,"30,000 to 39,000",none,Third Party
No,Urban,36,"30,000 to 39,000",2 to 4,Policy Holder
No,Rural,57,"less than 20,000",none,Third Party
No,Urban,43,"20,000 to 29,000",1,Third Party
No,Urban,52,"more than 69,000",2 to 4,Policy Holder
No,Urban,41,"more than 69,000",2 to 4,Policy Holder
No,Urban,37,"20,000 to 29,000",2 to 4,Policy Holder
No,Urban,34,"less than 20,000",2 to 4,Third Party
No,Urban,34,"30,000 to 39,000",none,Policy Holder
Yes,Urban,45,"40,000 to 59,000",2 to 4,Policy Holder
No,Urban,33,"20,000 to 29,000",1,Policy Holder
No,Urban,46,"more than 69,000",2 to 4,Policy Holder
No,Urban,33,"20,000 to 29,000",2 to 4,Policy Holder
No,Urban,52,"less than 20,000",1,Policy Holder
No,Urban,27,"20,000 to 29,000",1,Policy Holder
No,Urban,28,"20,000 to 29,000",2 to 4,Policy Holder
Yes,Urban,40,"30,000 to 39,000",1,Policy Holder
No,Urban,27,"30,000 to 39,000",1,Policy Holder
No,Urban,27,"20,000 to 29,000",1,Policy Holder
No,Urban,0,"more than 69,000",none,Policy Holder
No,Rural,47,"20,000 to 29,000",2 to 4,Third Party
No,Urban,47,"20,000 to 29,000",more than 4,Third Party
No,Urban,36,"20,000 to 29,000",none,Policy Holder
No,Urban,35,"20,000 to 29,000",1,Third Party
No,Urban,45,"more than 69,000",2 to 4,Third Party
No,Urban,33,"20,000 to 29,000",2 to 4,Policy Holder
No,Urban,46,"20,000 to 29,000",none,Policy Holder
No,Urban,28,"more than 69,000",2 to 4,Third Party
No,Urban,29,"30,000 to 39,000",2 to 4,Policy Holder
No,Urban,56,"20,000 to 29,000",2 to 4,Third Party
No,Urban,45,"30,000 to 39,000",more than 4,Policy Holder
No,Urban,55,"20,000 to 29,000",2 to 4,Policy Holder
No,Urban,27,"20,000 to 29,000",2 to 4,Third Party
No,Urban,39,"20,000 to 29,000",more than 4,Policy Holder
No,Urban,27,"more than 69,000",none,Policy Holder
No,Urban,29,"more than 69,000",1,Policy Holder
No,Urban,51,"20,000 to 29,000",2 to 4,Policy Holder
No,Urban,52,"20,000 to 29,000",1,Policy Holder
No,Urban,24,"20,000 to 29,000",more than 4,Policy Holder
No,Urban,27,"20,000 to 29,000",none,Third Party
No,Urban,38,"more than 69,000",2 to 4,Third Party
No,Urban,30,"20,000 to 29,000",2 to 4,Policy Holder
No,Urban,0,"more than 69,000",1,Third Party
No,Urban,29,"more than 69,000",2 to 4,Policy Holder
No,Urban,47,"20,000 to 29,000",none,Policy Holder
No,Urban,39,"more than 69,000",2 to 4,Policy Holder
No,Urban,28,"30,000 to 39,000",1,Policy Holder
No,Urban,33,"20,000 to 29,000",2 to 4,Policy Holder
Yes,Urban,26,"more than 69,000",none,Third Party
No,Urban,35,"20,000 to 29,000",none,Third Party
No,Urban,33,"30,000 to 39,000",more than 4,Third Party
No,Urban,34,"30,000 to 39,000",2 to 4,Policy Holder
No,Urban,0,"more than 69,000",more than 4,Policy Holder
No,Urban,64,"more than 69,000",none,Policy Holder
No,Urban,30,"20,000 to 29,000",more than 4,Policy Holder
No,Urban,37,"30,000 to 39,000",2 to 4,Policy Holder
No,Urban,40,"20,000 to 29,000",none,Policy Holder
No,Urban,34,"20,000 to 29,000",1,Policy Holder
No,Urban,41,"20,000 to 29,000",more than 4,Policy Holder
No,Urban,34,"30,000 to 39,000",2 to 4,Policy Holder
No,Urban,26,"30,000 to 39,000",none,Policy Holder
No,Urban,76,"less than 20,000",none,Policy Holder
No,Urban,36,"30,000 to 39,000",2 to 4,Policy Holder
No,Urban,50,"20,000 to 29,000",none,Policy Holder
Yes,Urban,22,"less than 20,000",1,Policy Holder
No,Urban,50,"30,000 to 39,000",2 to 4,Policy Holder
No,Urban,49,"20,000 to 29,000",2 to 4,Policy Holder
No,Urban,28,"20,000 to 29,000",2 to 4,Policy Holder
No,Urban,43,"20,000 to 29,000",more than 4,Policy Holder
No,Urban,80,"40,000 to 59,000",more than 4,Third Party
No,Urban,33,"20,000 to 29,000",2 to 4,Policy Holder
No,Urban,39,"20,000 to 29,000",2 to 4,Policy Holder
No,Urban,31,"20,000 to 29,000",1,Third Party
No,Urban,27,"20,000 to 29,000",more than 4,Third Party
No,Urban,42,"30,000 to 39,000",1,Third Party
No,Urban,37,"20,000 to 29,000",2 to 4,Policy Holder
No,Urban,30,"40,000 to 59,000",more than 4,Policy Holder
No,Rural,35,"20,000 to 29,000",2 to 4,Policy Holder
No,Urban,42,"20,000 to 29,000",none,Third Party
No,Urban,35,"20,000 to 29,000",2 to 4,Third Party
No,Urban,78,"more than 69,000",none,Policy Holder
No,Urban,46,"30,000 to 39,000",1,Policy Holder
No,Urban,31,"30,000 to 39,000",none,Third Party
No,Urban,32,"20,000 to 29,000",1,Third Party
No,Rural,33,"less than 20,000",none,Policy Holder
No,Urban,36,"more than 69,000",more than 4,Policy Holder
No,Urban,39,"30,000 to 39,000",1,Policy Holder
No,Urban,53,"30,000 to 39,000",2 to 4,Third Party
No,Urban,32,"20,000 to 29,000",none,Policy Holder
No,Urban,35,"20,000 to 29,000",2 to 4,Policy Holder
No,Urban,38,"30,000 to 39,000",1,Third Party
No,Urban,39,"20,000 to 29,000",more than 4,Policy Holder
No,Rural,49,"more than 69,000",1,Policy Holder
No,Urban,26,"less than 20,000",2 to 4,Policy Holder
No,Urban,39,"20,000 to 29,000",1,Policy Holder
No,Urban,64,"30,000 to 39,000",1,Policy Holder
No,Urban,34,"more than 69,000",2 to 4,Policy Holder
No,Urban,0,"more than 69,000",none,Policy Holder
No,Urban,49,"20,000 to 29,000",none,Third Party
Yes,Urban,40,"30,000 to 39,000",2 to 4,Policy Holder
No,Urban,58,"20,000 to 29,000",2 to 4,Policy Holder
No,Rural,37,"20,000 to 29,000",1,Third Party
No,Urban,44,"30,000 to 39,000",none,Policy Holder
No,Urban,26,"more than 69,000",2 to 4,Policy Holder
No,Urban,34,"more than 69,000",1,Third Party
No,Urban,30,"more than 69,000",2 to 4,Policy Holder
No,Urban,30,"20,000 to 29,000",2 to 4,Third Party
No,Urban,26,"more than 69,000",1,Policy Holder
No,Urban,56,"20,000 to 29,000",none,Policy Holder
No,Urban,36,"20,000 to 29,000",1,Third Party
No,Urban,50,"30,000 to 39,000",2 to 4,Third Party
No,Urban,27,"30,000 to 39,000",2 to 4,Policy Holder
No,Urban,29,"20,000 to 29,000",1,Third Party
No,Urban,43,"less than 20,000",none,Policy Holder
No,Urban,45,"30,000 to 39,000",none,Policy Holder
No,Urban,27,"30,000 to 39,000",2 to 4,Policy Holder
No,Rural,31,"less than 20,000",2 to 4,Third Party
No,Rural,39,"30,000 to 39,000",2 to 4,Policy Holder
No,Urban,22,"more than 69,000",1,Policy Holder
No,Urban,80,"more than 69,000",2 to 4,Policy Holder
No,Urban,31,"20,000 to 29,000",more than 4,Policy Holder
No,Urban,41,"30,000 to 39,000",1,Policy Holder
No,Urban,36,"20,000 to 29,000",1,Policy Holder
No,Urban,40,"30,000 to 39,000",more than 4,Policy Holder
No,Rural,37,"20,000 to 29,000",none,Policy Holder
No,Rural,56,"20,000 to 29,000",none,Policy Holder
No,Urban,69,"60,000 to 69,000",more than 4,Third Party
No,Urban,45,"more than 69,000",none,Policy Holder
No,Urban,28,"20,000 to 29,000",more than 4,Policy Holder
No,Urban,35,"30,000 to 39,000",none,Policy Holder
No,Urban,41,"20,000 to 29,000",1,Third Party
No,Urban,39,"20,000 to 29,000",none,Third Party
No,Urban,61,"30,000 to 39,000",1,Policy Holder
No,Urban,32,"more than 69,000",1,Policy Holder
No,Rural,43,"20,000 to 29,000",none,Policy Holder
No,Urban,44,"more than 69,000",1,Policy Holder
No,Urban,63,"40,000 to 59,000",2 to 4,Third Party
No,Rural,64,"30,000 to 39,000",more than 4,Policy Holder
No,Urban,27,"20,000 to 29,000",none,Policy Holder
No,Urban,31,"20,000 to 29,000",2 to 4,Policy Holder
No,Rural,35,"20,000 to 29,000",none,Policy Holder
No,Urban,61,"30,000 to 39,000",1,Policy Holder
No,Urban,25,"20,000 to 29,000",1,Third Party
No,Urban,46,"20,000 to 29,000",2 to 4,Policy Holder
No,Urban,38,"20,000 to 29,000",1,Policy Holder
No,Urban,33,"20,000 to 29,000",1,Policy Holder
No,Rural,62,"20,000 to 29,000",2 to 4,Policy Holder
No,Urban,26,"20,000 to 29,000",1,Third Party
No,Urban,53,"20,000 to 29,000",none,Third Party
No,Urban,36,"20,000 to 29,000",1,Policy Holder
No,Urban,60,"20,000 to 29,000",1,Third Party
No,Urban,28,"20,000 to 29,000",none,Policy Holder
No,Urban,31,"30,000 to 39,000",2 to 4,Policy Holder
No,Urban,35,"less than 20,000",2 to 4,Policy Holder
No,Urban,50,"20,000 to 29,000",none,Policy Holder
No,Urban,42,"20,000 to 29,000",more than 4,Policy Holder
No,Rural,29,"less than 20,000",2 to 4,Policy Holder
Yes,Rural,35,"20,000 to 29,000",none,Policy Holder
Yes,Urban,34,"20,000 to 29,000",1,Policy Holder
No,Urban,53,"less than 20,000",none,Policy Holder
No,Urban,37,"30,000 to 39,000",2 to 4,Policy Holder
No,Urban,32,"30,000 to 39,000",2 to 4,Policy Holder
No,Urban,21,"20,000 to 29,000",more than 4,Policy Holder
No,Urban,51,"20,000 to 29,000",1,Third Party
Yes,Urban,37,"more than 69,000",2 to 4,Policy Holder
No,Urban,46,"20,000 to 29,000",none,Third Party
No,Urban,33,"more than 69,000",none,Policy Holder
No,Urban,26,"less than 20,000",none,Third Party
No,Rural,41,"20,000 to 29,000",2 to 4,Policy Holder
No,Rural,65,"more than 69,000",none,Policy Holder
No,Urban,43,"30,000 to 39,000",more than 4,Policy Holder
No,Urban,54,"30,000 to 39,000",none,Third Party
Yes,Urban,39,"30,000 to 39,000",2 to 4,Policy Holder
No,Urban,55,"more than 69,000",none,Policy Holder
No,Urban,55,"20,000 to 29,000",none,Policy Holder
No,Urban,26,"20,000 to 29,000",1,Policy Holder
No,Urban,38,"30,000 to 39,000",2 to 4,Third Party
No,Urban,61,"20,000 to 29,000",2 to 4,Policy Holder
No,Urban,22,"more than 69,000",2 to 4,Third Party
No,Urban,30,"more than 69,000",2 to 4,Policy Holder
No,Urban,41,"20,000 to 29,000",none,Policy Holder
No,Urban,22,"20,000 to 29,000",none,Third Party
No,Urban,30,"30,000 to 39,000",2 to 4,Policy Holder
No,Urban,26,"20,000 to 29,000",1,Policy Holder
No,Rural,31,"20,000 to 29,000",2 to 4,Policy Holder
No,Urban,58,"30,000 to 39,000",2 to 4,Policy Holder
No,Urban,58,"more than 69,000",more than 4,Policy Holder
No,Urban,32,"20,000 to 29,000",none,Third Party
No,Urban,33,"less than 20,000",1,Third Party
No,Urban,48,"more than 69,000",2 to 4,Policy Holder
No,Urban,60,"more than 69,000",none,Third Party
No,Urban,36,"more than 69,000",2 to 4,Policy Holder
No,Urban,29,"20,000 to 29,000",2 to 4,Policy Holder
No,Urban,26,"20,000 to 29,000",1,Policy Holder
No,Urban,29,"20,000 to 29,000",2 to 4,Policy Holder
No,Urban,30,"more than 69,000",1,Third Party
No,Rural,41,"30,000 to 39,000",2 to 4,Policy Holder
No,Urban,49,"20,000 to 29,000",none,Policy Holder
No,Urban,56,"30,000 to 39,000",2 to 4,Policy Holder
No,Urban,60,"20,000 to 29,000",none,Policy Holder
No,Urban,28,"20,000 to 29,000",2 to 4,Policy Holder
No,Rural,33,"20,000 to 29,000",none,Policy Holder
No,Urban,28,"20,000 to 29,000",2 to 4,Policy Holder
No,Urban,28,"20,000 to 29,000",none,Policy Holder
No,Urban,45,"20,000 to 29,000",2 to 4,Third Party
No,Urban,31,"20,000 to 29,000",none,Policy Holder
No,Urban,34,"20,000 to 29,000",1,Policy Holder
No,Urban,47,"40,000 to 59,000",2 to 4,Policy Holder
No,Urban,38,"more than 69,000",2 to 4,Policy Holder
No,Urban,45,"20,000 to 29,000",2 to 4,Policy Holder
No,Urban,49,"30,000 to 39,000",2 to 4,Third Party
No,Urban,39,"30,000 to 39,000",1,Policy Holder
No,Urban,52,"20,000 to 29,000",more than 4,Policy Holder
No,Urban,31,"20,000 to 29,000",none,Policy Holder
No,Urban,53,"30,000 to 39,000",1,Policy Holder
Yes,Urban,43,"40,000 to 59,000",1,Policy Holder
No,Urban,43,"20,000 to 29,000",2 to 4,Third Party
No,Urban,47,"20,000 to 29,000",1,Policy Holder
No,Urban,52,"20,000 to 29,000",1,Policy Holder
No,Urban,29,"20,000 to 29,000",1,Policy Holder
No,Urban,30,"20,000 to 29,000",none,Policy Holder
No,Urban,25,"20,000 to 29,000",2 to 4,Policy Holder
No,Urban,45,"20,000 to 29,000",1,Policy Holder
No,Urban,39,"20,000 to 29,000",1,Policy Holder
No,Urban,30,"30,000 to 39,000",more than 4,Policy Holder
No,Urban,38,"more than 69,000",2 to 4,Policy Holder
No,Urban,42,"30,000 to 39,000",2 to 4,Policy Holder
No,Urban,63,"20,000 to 29,000",1,Third Party
Yes,Urban,30,"more than 69,000",2 to 4,Policy Holder
No,Urban,27,"20,000 to 29,000",1,Policy Holder
No,Urban,31,"30,000 to 39,000",none,Third Party
No,Rural,51,"20,000 to 29,000",1,Policy Holder
No,Rural,38,"40,000 to 59,000",2 to 4,Policy Holder
No,Urban,34,"20,000 to 29,000",1,Policy Holder
Yes,Rural,67,"40,000 to 59,000",2 to 4,Policy Holder
No,Urban,56,"40,000 to 59,000",2 to 4,Third Party
No,Urban,24,"20,000 to 29,000",2 to 4,Policy Holder
No,Urban,57,"30,000 to 39,000",1,Policy Holder
No,Urban,37,"more than 69,000",2 to 4,Policy Holder
No,Urban,65,"20,000 to 29,000",1,Policy Holder
No,Urban,35,"30,000 to 39,000",2 to 4,Policy Holder
No,Urban,28,"less than 20,000",none,Policy Holder
Yes,Urban,37,"more than 69,000",2 to 4,Policy Holder
No,Urban,41,"20,000 to 29,000",2 to 4,Policy Holder
No,Urban,27,"20,000 to 29,000",none,Third Party
Yes,Urban,32,"20,000 to 29,000",none,Policy Holder
No,Urban,30,"20,000 to 29,000",none,Policy Holder
No,Urban,42,"more than 69,000",2 to 4,Policy Holder
No,Rural,37,"30,000 to 39,000",1,Policy Holder
No,Urban,56,"30,000 to 39,000",2 to 4,Policy Holder
No,Urban,28,"20,000 to 29,000",none,Policy Holder
No,Rural,35,"20,000 to 29,000",1,Policy Holder
No,Urban,37,"30,000 to 39,000",2 to 4,Policy Holder
No,Urban,29,"30,000 to 39,000",1,Third Party
No,Urban,35,"20,000 to 29,000",2 to 4,Policy Holder
No,Urban,65,"less than 20,000",1,Policy Holder
No,Urban,21,"20,000 to 29,000",2 to 4,Third Party
No,Urban,31,"20,000 to 29,000",2 to 4,Policy Holder
No,Urban,54,"more than 69,000",2 to 4,Policy Holder
No,Urban,33,"20,000 to 29,000",1,Third Party
No,Urban,21,"30,000 to 39,000",2 to 4,Third Party
No,Urban,29,"30,000 to 39,000",2 to 4,Policy Holder
No,Urban,29,"20,000 to 29,000",more than 4,Policy Holder
No,Urban,42,"20,000 to 29,000",more than 4,Policy Holder
No,Urban,27,"30,000 to 39,000",2 to 4,Policy Holder
No,Urban,32,"20,000 to 29,000",2 to 4,Third Party
No,Urban,29,"30,000 to 39,000",none,Policy Holder
No,Urban,76,"20,000 to 29,000",none,Policy Holder
No,Rural,59,"20,000 to 29,000",1,Policy Holder
No,Urban,29,"20,000 to 29,000",more than 4,Policy Holder
No,Urban,34,"20,000 to 29,000",none,Policy Holder
No,Rural,42,"20,000 to 29,000",none,Policy Holder
Yes,Urban,53,"more than 69,000",2 to 4,Policy Holder
No,Urban,33,"20,000 to 29,000",none,Policy Holder
No,Urban,41,"40,000 to 59,000",1,Policy Holder
No,Urban,47,"20,000 to 29,000",none,Third Party
No,Urban,36,"30,000 to 39,000",none,Policy Holder
No,Urban,66,"20,000 to 29,000",none,Policy Holder
No,Urban,49,"20,000 to 29,000",none,Third Party
No,Urban,27,"30,000 to 39,000",1,Policy Holder
No,Urban,37,"20,000 to 29,000",none,Third Party
No,Urban,35,"20,000 to 29,000",none,Policy Holder
No,Rural,48,"20,000 to 29,000",1,Third Party
No,Urban,34,"20,000 to 29,000",1,Policy Holder
No,Urban,32,"more than 69,000",none,Policy Holder
No,Urban,36,"20,000 to 29,000",2 to 4,Policy Holder
No,Urban,47,"more than 69,000",1,Third Party
No,Urban,31,"20,000 to 29,000",none,Third Party
No,Urban,47,"more than 69,000",2 to 4,Policy Holder
No,Urban,70,"30,000 to 39,000",none,Third Party
No,Urban,35,"20,000 to 29,000",none,Policy Holder
No,Rural,26,"20,000 to 29,000",1,Third Party
Yes,Urban,0,"more than 69,000",none,Policy Holder
No,Urban,45,"20,000 to 29,000",2 to 4,Third Party
No,Urban,45,"20,000 to 29,000",more than 4,Policy Holder
No,Urban,40,"30,000 to 39,000",2 to 4,Third Party
No,Urban,36,"20,000 to 29,000",none,Policy Holder
No,Urban,46,"20,000 to 29,000",2 to 4,Policy Holder
Yes,Urban,80,"more than 69,000",none,Policy Holder
No,Urban,40,"20,000 to 29,000",2 to 4,Third Party
No,Urban,21,"20,000 to 29,000",2 to 4,Third Party
No,Urban,33,"20,000 to 29,000",2 to 4,Third Party
No,Urban,29,"30,000 to 39,000",more than 4,Policy Holder
No,Urban,26,"20,000 to 29,000",2 to 4,Policy Holder
No,Urban,65,"40,000 to 59,000",2 to 4,Third Party
No,Urban,58,"20,000 to 29,000",none,Third Party
No,Urban,31,"20,000 to 29,000",more than 4,Policy Holder
No,Urban,51,"less than 20,000",none,Policy Holder
No,Urban,44,"20,000 to 29,000",1,Policy Holder
No,Rural,45,"30,000 to 39,000",none,Policy Holder
No,Urban,20,"30,000 to 39,000",1,Policy Holder
No,Urban,22,"20,000 to 29,000",none,Policy Holder
No,Urban,35,"20,000 to 29,000",2 to 4,Policy Holder
No,Urban,26,"20,000 to 29,000",none,Policy Holder
No,Urban,34,"20,000 to 29,000",2 to 4,Policy Holder
No,Urban,27,"20,000 to 29,000",more than 4,Policy Holder
No,Urban,29,"20,000 to 29,000",more than 4,Policy Holder
No,Urban,53,"more than 69,000",none,Policy Holder
No,Urban,23,"less than 20,000",2 to 4,Policy Holder
No,Urban,32,"30,000 to 39,000",1,Policy Holder
No,Urban,33,"20,000 to 29,000",2 to 4,Policy Holder
No,Urban,54,"more than 69,000",more than 4,Policy Holder
No,Urban,57,"20,000 to 29,000",1,Policy Holder
No,Urban,65,"30,000 to 39,000",1,Policy Holder
No,Urban,28,"more than 69,000",2 to 4,Policy Holder
No,Urban,46,"30,000 to 39,000",2 to 4,Policy Holder
No,Urban,27,"20,000 to 29,000",2 to 4,Policy Holder
No,Rural,28,"20,000 to 29,000",none,Policy Holder
No,Urban,45,"20,000 to 29,000",1,Third Party
No,Urban,34,"20,000 to 29,000",more than 4,Policy Holder
No,Urban,42,"more than 69,000",2 to 4,Policy Holder
No,Rural,31,"more than 69,000",1,Policy Holder
No,Urban,28,"20,000 to 29,000",2 to 4,Policy Holder
No,Urban,24,"20,000 to 29,000",2 to 4,Policy Holder
No,Urban,32,"20,000 to 29,000",1,Third Party
No,Urban,44,"20,000 to 29,000",2 to 4,Policy Holder
Yes,Urban,26,"30,000 to 39,000",2 to 4,Policy Holder
No,Urban,40,"30,000 to 39,000",1,Policy Holder
No,Urban,41,"20,000 to 29,000",1,Policy Holder
No,Urban,30,"20,000 to 29,000",2 to 4,Policy Holder
No,Rural,31,"20,000 to 29,000",none,Third Party
No,Rural,45,"20,000 to 29,000",none,Third Party
No,Urban,49,"20,000 to 29,000",none,Policy Holder
No,Urban,21,"20,000 to 29,000",2 to 4,Policy Holder
No,Urban,23,"less than 20,000",1,Policy Holder
Yes,Rural,41,"20,000 to 29,000",2 to 4,Policy Holder
No,Urban,21,"20,000 to 29,000",2 to 4,Third Party
No,Urban,29,"20,000 to 29,000",more than 4,Policy Holder
No,Urban,27,"20,000 to 29,000",more than 4,Policy Holder
No,Urban,34,"20,000 to 29,000",2 to 4,Policy Holder
No,Rural,50,"more than 69,000",1,Policy Holder
No,Urban,24,"20,000 to 29,000",more than 4,Policy Holder
No,Urban,16,"more than 69,000",none,Third Party
No,Urban,33,"20,000 to 29,000",more than 4,Third Party
No,Rural,64,"20,000 to 29,000",1,Policy Holder
No,Urban,51,"20,000 to 29,000",more than 4,Policy Holder
No,Urban,42,"20,000 to 29,000",2 to 4,Policy Holder
Yes,Rural,28,"less than 20,000",1,Policy Holder
No,Urban,48,"40,000 to 59,000",1,Policy Holder
No,Rural,41,"30,000 to 39,000",none,Policy Holder
No,Rural,54,"30,000 to 39,000",none,Policy Holder
No,Urban,46,"30,000 to 39,000",none,Policy Holder
No,Urban,60,"20,000 to 29,000",2 to 4,Third Party
No,Urban,44,"20,000 to 29,000",more than 4,Policy Holder
No,Urban,36,"20,000 to 29,000",more than 4,Policy Holder
No,Urban,34,"30,000 to 39,000",2 to 4,Policy Holder
No,Urban,48,"less than 20,000",none,Policy Holder
No,Urban,43,"20,000 to 29,000",none,Third Party
No,Urban,20,"more than 69,000",none,Policy Holder
No,Urban,36,"20,000 to 29,000",2 to 4,Policy Holder
No,Urban,37,"20,000 to 29,000",none,Third Party
No,Urban,35,"20,000 to 29,000",2 to 4,Policy Holder
No,Urban,40,"20,000 to 29,000",none,Third Party
No,Urban,28,"20,000 to 29,000",2 to 4,Third Party
No,Urban,57,"more than 69,000",none,Policy Holder
No,Urban,45,"30,000 to 39,000",none,Third Party
No,Urban,38,"20,000 to 29,000",1,Policy Holder
No,Urban,71,"30,000 to 39,000",2 to 4,Policy Holder
Yes,Urban,43,"less than 20,000",1,Policy Holder
No,Urban,57,"20,000 to 29,000",none,Policy Holder
No,Urban,35,"20,000 to 29,000",more than 4,Policy Holder
No,Urban,44,"20,000 to 29,000",2 to 4,Policy Holder
No,Rural,44,"more than 69,000",2 to 4,Third Party
No,Urban,39,"more than 69,000",more than 4,Policy Holder
Yes,Urban,31,"less than 20,000",1,Policy Holder
No,Urban,38,"20,000 to 29,000",none,Third Party
Yes,Rural,30,"30,000 to 39,000",2 to 4,Policy Holder
No,Urban,71,"20,000 to 29,000",2 to 4,Third Party
No,Urban,54,"30,000 to 39,000",2 to 4,Policy Holder
No,Urban,37,"30,000 to 39,000",1,Third Party
No,Urban,55,"20,000 to 29,000",1,Policy Holder
No,Urban,33,"20,000 to 29,000",2 to 4,Policy Holder
No,Urban,32,"20,000 to 29,000",2 to 4,Policy Holder
No,Urban,39,"20,000 to 29,000",1,Policy Holder
No,Urban,44,"30,000 to 39,000",2 to 4,Third Party
No,Urban,57,"less than 20,000",2 to 4,Policy Holder
No,Urban,60,"more than 69,000",2 to 4,Policy Holder
No,Urban,23,"20,000 to 29,000",2 to 4,Third Party
No,Urban,50,"20,000 to 29,000",more than 4,Policy Holder
No,Urban,27,"20,000 to 29,000",none,Policy Holder
No,Urban,23,"20,000 to 29,000",2 to 4,Third Party
No,Urban,29,"20,000 to 29,000",none,Policy Holder
No,Urban,34,"more than 69,000",none,Policy Holder
No,Urban,48,"30,000 to 39,000",2 to 4,Policy Holder
Yes,Urban,40,"20,000 to 29,000",1,Policy Holder
No,Urban,30,"20,000 to 29,000",none,Policy Holder
No,Urban,31,"20,000 to 29,000",more than 4,Policy Holder
Yes,Urban,61,"less than 20,000",1,Policy Holder
No,Rural,46,"20,000 to 29,000",more than 4,Third Party
No,Urban,29,"20,000 to 29,000",2 to 4,Third Party
No,Urban,57,"20,000 to 29,000",2 to 4,Policy Holder
No,Rural,33,"30,000 to 39,000",2 to 4,Policy Holder
No,Urban,25,"20,000 to 29,000",2 to 4,Policy Holder
No,Urban,30,"30,000 to 39,000",none,Policy Holder
No,Urban,33,"30,000 to 39,000",2 to 4,Policy Holder
No,Urban,62,"20,000 to 29,000",1,Policy Holder
No,Urban,33,"20,000 to 29,000",2 to 4,Policy Holder
Yes,Urban,32,"less than 20,000",none,Policy Holder
No,Urban,42,"less than 20,000",more than 4,Policy Holder
No,Urban,30,"20,000 to 29,000",2 to 4,Policy Holder
No,Urban,39,"20,000 to 29,000",2 to 4,Policy Holder
No,Urban,37,"30,000 to 39,000",2 to 4,Policy Holder
No,Urban,42,"20,000 to 29,000",none,Third Party
No,Urban,30,"20,000 to 29,000",none,Policy Holder
No,Urban,26,"20,000 to 29,000",2 to 4,Policy Holder
Yes,Urban,30,"30,000 to 39,000",2 to 4,Policy Holder
No,Urban,56,"20,000 to 29,000",2 to 4,Policy Holder
No,Urban,47,"30,000 to 39,000",1,Policy Holder
No,Rural,42,"more than 69,000",1,Policy Holder
No,Urban,24,"20,000 to 29,000",2 to 4,Third Party
Yes,Rural,63,"20,000 to 29,000",none,Policy Holder
No,Urban,29,"20,000 to 29,000",1,Policy Holder
No,Urban,43,"30,000 to 39,000",none,Policy Holder
No,Urban,67,"less than 20,000",1,Policy Holder
No,Urban,60,"30,000 to 39,000",1,Third Party
No,Urban,30,"30,000 to 39,000",none,Policy Holder
No,Urban,62,"less than 20,000",1,Policy Holder
No,Urban,30,"30,000 to 39,000",1,Policy Holder
No,Urban,60,"20,000 to 29,000",2 to 4,Policy Holder
No,Urban,31,"20,000 to 29,000",more than 4,Policy Holder
No,Urban,45,"20,000 to 29,000",2 to 4,Policy Holder
No,Urban,31,"20,000 to 29,000",1,Third Party
No,Urban,40,"more than 69,000",2 to 4,Policy Holder
No,Urban,36,"20,000 to 29,000",2 to 4,Policy Holder
No,Rural,27,"20,000 to 29,000",none,Policy Holder
Yes,Urban,45,"20,000 to 29,000",1,Policy Holder
No,Urban,32,"less than 20,000",none,Third Party
Yes,Rural,52,"20,000 to 29,000",2 to 4,Policy Holder
No,Urban,47,"20,000 to 29,000",1,Policy Holder
No,Urban,29,"20,000 to 29,000",1,Policy Holder
No,Urban,0,"more than 69,000",2 to 4,Policy Holder
No,Urban,46,"20,000 to 29,000",2 to 4,Policy Holder
No,Urban,27,"20,000 to 29,000",none,Third Party
No,Urban,53,"20,000 to 29,000",none,Policy Holder
No,Urban,26,"20,000 to 29,000",1,Third Party
No,Urban,22,"20,000 to 29,000",1,Policy Holder
No,Urban,29,"30,000 to 39,000",1,Policy Holder
No,Urban,29,"20,000 to 29,000",none,Policy Holder
No,Urban,32,"less than 20,000",1,Third Party
No,Urban,59,"20,000 to 29,000",2 to 4,Policy Holder
No,Urban,53,"20,000 to 29,000",none,Policy Holder
No,Urban,27,"20,000 to 29,000",none,Third Party
No,Urban,34,"30,000 to 39,000",1,Policy Holder
No,Urban,26,"less than 20,000",none,Policy Holder
No,Rural,42,"20,000 to 29,000",more than 4,Policy Holder
Yes,Urban,34,"20,000 to 29,000",2 to 4,Policy Holder
No,Urban,50,"30,000 to 39,000",none,Policy Holder
Yes,Urban,35,"20,000 to 29,000",1,Policy Holder
No,Urban,55,"30,000 to 39,000",none,Policy Holder
No,Rural,41,"20,000 to 29,000",1,Policy Holder
No,Urban,41,"40,000 to 59,000",1,Policy Holder
No,Urban,43,"30,000 to 39,000",1,Third Party
No,Urban,38,"more than 69,000",2 to 4,Policy Holder
No,Urban,49,"20,000 to 29,000",2 to 4,Policy Holder
No,Urban,40,"30,000 to 39,000",none,Policy Holder
No,Urban,59,"20,000 to 29,000",more than 4,Policy Holder
No,Urban,0,"more than 69,000",2 to 4,Third Party
No,Urban,29,"20,000 to 29,000",more than 4,Policy Holder
No,Urban,0,"more than 69,000",more than 4,Policy Holder
No,Urban,60,"20,000 to 29,000",none,Third Party
No,Urban,34,"20,000 to 29,000",more than 4,Policy Holder
No,Urban,44,"20,000 to 29,000",1,Policy Holder
No,Urban,33,"more than 69,000",more than 4,Policy Holder
No,Urban,37,"30,000 to 39,000",2 to 4,Policy Holder
No,Rural,21,"20,000 to 29,000",2 to 4,Policy Holder
No,Urban,62,"30,000 to 39,000",2 to 4,Third Party
No,Urban,62,"more than 69,000",2 to 4,Policy Holder
No,Urban,27,"20,000 to 29,000",1,Third Party
No,Urban,34,"20,000 to 29,000",2 to 4,Policy Holder
No,Urban,47,"30,000 to 39,000",2 to 4,Third Party
No,Urban,41,"less than 20,000",none,Policy Holder
No,Urban,41,"20,000 to 29,000",2 to 4,Third Party
No,Urban,61,"more than 69,000",1,Third Party
No,Urban,33,"more than 69,000",more than 4,Policy Holder
No,Urban,32,"more than 69,000",1,Policy Holder
No,Urban,35,"30,000 to 39,000",2 to 4,Policy Holder
No,Urban,64,"30,000 to 39,000",more than 4,Policy Holder
No,Urban,55,"30,000 to 39,000",2 to 4,Third Party
No,Urban,29,"20,000 to 29,000",2 to 4,Policy Holder
No,Urban,40,"20,000 to 29,000",2 to 4,Third Party
No,Urban,55,"20,000 to 29,000",none,Policy Holder
No,Urban,23,"20,000 to 29,000",2 to 4,Policy Holder
No,Urban,50,"30,000 to 39,000",none,Policy Holder
No,Urban,41,"30,000 to 39,000",2 to 4,Third Party
No,Urban,48,"20,000 to 29,000",none,Policy Holder
No,Urban,24,"20,000 to 29,000",none,Third Party
No,Urban,64,"more than 69,000",1,Policy Holder
No,Urban,56,"more than 69,000",none,Policy Holder
No,Urban,61,"20,000 to 29,000",none,Third Party
No,Urban,33,"30,000 to 39,000",2 to 4,Policy Holder
No,Urban,45,"30,000 to 39,000",2 to 4,Policy Holder
No,Urban,29,"30,000 to 39,000",none,Policy Holder
No,Urban,50,"20,000 to 29,000",none,Policy Holder
No,Urban,51,"20,000 to 29,000",1,Policy Holder
No,Urban,34,"20,000 to 29,000",1,Policy Holder
No,Urban,35,"less than 20,000",1,Policy Holder
No,Urban,56,"more than 69,000",more than 4,Policy Holder
No,Urban,20,"30,000 to 39,000",more than 4,Third Party
Yes,Urban,29,"30,000 to 39,000",2 to 4,Policy Holder
No,Urban,63,"20,000 to 29,000",2 to 4,Policy Holder
No,Urban,40,"20,000 to 29,000",1,Third Party
No,Urban,27,"20,000 to 29,000",1,Third Party
No,Urban,42,"less than 20,000",none,Third Party
No,Urban,45,"30,000 to 39,000",2 to 4,Policy Holder
No,Urban,35,"20,000 to 29,000",1,Policy Holder
No,Urban,36,"40,000 to 59,000",none,Policy Holder
No,Urban,43,"less than 20,000",none,Policy Holder
No,Rural,27,"20,000 to 29,000",1,Policy Holder
No,Urban,44,"30,000 to 39,000",none,Policy Holder
No,Urban,30,"30,000 to 39,000",more than 4,Third Party
No,Urban,51,"40,000 to 59,000",2 to 4,Third Party
No,Urban,54,"20,000 to 29,000",none,Policy Holder
Yes,Urban,54,"20,000 to 29,000",1,Policy Holder
No,Urban,34,"less than 20,000",1,Policy Holder
No,Urban,30,"30,000 to 39,000",1,Third Party
No,Urban,54,"more than 69,000",2 to 4,Policy Holder
No,Urban,32,"20,000 to 29,000",none,Third Party
Yes,Urban,37,"less than 20,000",2 to 4,Policy Holder
Yes,Urban,64,"more than 69,000",1,Policy Holder
No,Urban,35,"30,000 to 39,000",none,Policy Holder
No,Urban,24,"20,000 to 29,000",2 to 4,Policy Holder
No,Urban,31,"30,000 to 39,000",1,Policy Holder
No,Urban,63,"20,000 to 29,000",none,Policy Holder
No,Urban,29,"20,000 to 29,000",2 to 4,Policy Holder
No,Rural,43,"30,000 to 39,000",1,Policy Holder
No,Urban,54,"20,000 to 29,000",2 to 4,Policy Holder
No,Urban,33,"30,000 to 39,000",2 to 4,Policy Holder
No,Urban,40,"20,000 to 29,000",none,Policy Holder
No,Urban,27,"20,000 to 29,000",none,Policy Holder
No,Urban,48,"30,000 to 39,000",2 to 4,Policy Holder
No,Urban,42,"20,000 to 29,000",none,Third Party
No,Urban,34,"less than 20,000",none,Policy Holder
No,Urban,30,"20,000 to 29,000",2 to 4,Third Party
No,Urban,80,"30,000 to 39,000",2 to 4,Policy Holder
No,Urban,34,"20,000 to 29,000",none,Third Party
No,Urban,40,"20,000 to 29,000",2 to 4,Policy Holder
No,Urban,52,"60,000 to 69,000",2 to 4,Policy Holder
No,Urban,48,"less than 20,000",none,Policy Holder
No,Urban,37,"30,000 to 39,000",1,Policy Holder
No,Urban,26,"20,000 to 29,000",none,Third Party
No,Urban,34,"more than 69,000",2 to 4,Policy Holder
No,Urban,34,"20,000 to 29,000",2 to 4,Policy Holder
No,Urban,65,"more than 69,000",2 to 4,Policy Holder
No,Urban,33,"30,000 to 39,000",1,Policy Holder
No,Urban,35,"20,000 to 29,000",1,Policy Holder
No,Urban,43,"30,000 to 39,000",1,Policy Holder
No,Urban,27,"20,000 to 29,000",1,Policy Holder
No,Urban,30,"30,000 to 39,000",2 to 4,Policy Holder
No,Urban,34,"20,000 to 29,000",none,Third Party
No,Urban,27,"less than 20,000",none,Policy Holder
No,Urban,27,"more than 69,000",none,Third Party
No,Urban,41,"20,000 to 29,000",none,Policy Holder
No,Urban,39,"30,000 to 39,000",none,Policy Holder
No,Urban,32,"20,000 to 29,000",1,Third Party
No,Urban,57,"20,000 to 29,000",none,Policy Holder
No,Urban,30,"20,000 to 29,000",2 to 4,Policy Holder
No,Urban,40,"40,000 to 59,000",1,Policy Holder
No,Urban,38,"more than 69,000",more than 4,Policy Holder
No,Urban,42,"30,000 to 39,000",more than 4,Policy Holder
No,Urban,44,"30,000 to 39,000",2 to 4,Third Party
No,Urban,28,"20,000 to 29,000",2 to 4,Third Party
No,Urban,57,"20,000 to 29,000",none,Third Party
No,Urban,44,"30,000 to 39,000",2 to 4,Policy Holder
No,Urban,68,"more than 69,000",none,Third Party
No,Rural,32,"20,000 to 29,000",1,Policy Holder
No,Urban,23,"20,000 to 29,000",more than 4,Policy Holder
No,Urban,27,"20,000 to 29,000",none,Policy Holder
No,Urban,39,"20,000 to 29,000",more than 4,Policy Holder
No,Rural,35,"more than 69,000",2 to 4,Third Party
No,Urban,44,"30,000 to 39,000",2 to 4,Policy Holder
No,Urban,41,"30,000 to 39,000",2 to 4,Policy Holder
No,Urban,69,"20,000 to 29,000",2 to 4,Third Party
No,Rural,26,"30,000 to 39,000",1,Policy Holder
No,Rural,57,"20,000 to 29,000",none,Third Party
No,Urban,30,"20,000 to 29,000",none,Policy Holder
No,Urban,41,"40,000 to 59,000",2 to 4,Policy Holder
No,Urban,26,"20,000 to 29,000",none,Third Party
No,Urban,26,"20,000 to 29,000",none,Third Party
No,Urban,33,"less than 20,000",2 to 4,Third Party
No,Urban,26,"20,000 to 29,000",1,Policy Holder
No,Urban,28,"20,000 to 29,000",2 to 4,Policy Holder
No,Urban,31,"less than 20,000",more than 4,Policy Holder
No,Urban,35,"20,000 to 29,000",more than 4,Policy Holder
No,Urban,40,"20,000 to 29,000",none,Policy Holder
No,Urban,30,"20,000 to 29,000",1,Policy Holder
No,Urban,43,"20,000 to 29,000",2 to 4,Policy Holder
No,Urban,30,"20,000 to 29,000",none,Policy Holder
No,Urban,33,"20,000 to 29,000",1,Policy Holder
No,Urban,30,"30,000 to 39,000",none,Third Party
No,Urban,71,"20,000 to 29,000",1,Policy Holder
No,Rural,34,"20,000 to 29,000",2 to 4,Policy Holder
Yes,Urban,55,"30,000 to 39,000",1,Policy Holder
No,Urban,32,"20,000 to 29,000",2 to 4,Third Party
No,Urban,35,"20,000 to 29,000",more than 4,Policy Holder
No,Urban,74,"20,000 to 29,000",more than 4,Third Party
Yes,Rural,20,"20,000 to 29,000",more than 4,Policy Holder
No,Rural,38,"less than 20,000",none,Policy Holder
No,Urban,38,"30,000 to 39,000",2 to 4,Policy Holder
No,Urban,52,"30,000 to 39,000",2 to 4,Third Party
No,Urban,40,"20,000 to 29,000",none,Policy Holder
Yes,Urban,51,"more than 69,000",1,Policy Holder
No,Urban,42,"more than 69,000",more than 4,Policy Holder
No,Urban,47,"20,000 to 29,000",more than 4,Policy Holder
Yes,Urban,41,"more than 69,000",1,Policy Holder
No,Urban,31,"20,000 to 29,000",2 to 4,Third Party
No,Urban,34,"30,000 to 39,000",none,Policy Holder
No,Urban,64,"more than 69,000",2 to 4,Policy Holder
No,Rural,33,"more than 69,000",1,Third Party
No,Urban,72,"less than 20,000",none,Third Party
No,Urban,29,"30,000 to 39,000",2 to 4,Third Party
No,Urban,58,"more than 69,000",none,Third Party
Yes,Urban,35,"more than 69,000",none,Policy Holder
No,Urban,46,"more than 69,000",1,Policy Holder
No,Urban,30,"20,000 to 29,000",1,Policy Holder
No,Urban,38,"30,000 to 39,000",1,Policy Holder
No,Urban,42,"30,000 to 39,000",2 to 4,Policy Holder
No,Urban,42,"20,000 to 29,000",none,Third Party
No,Rural,42,"20,000 to 29,000",1,Policy Holder
No,Urban,31,"20,000 to 29,000",2 to 4,Third Party
No,Urban,32,"20,000 to 29,000",none,Policy Holder
No,Urban,38,"20,000 to 29,000",more than 4,Third Party
No,Urban,43,"30,000 to 39,000",more than 4,Third Party
No,Urban,29,"30,000 to 39,000",1,Policy Holder
No,Urban,45,"30,000 to 39,000",1,Third Party
No,Urban,64,"20,000 to 29,000",none,Policy Holder
No,Urban,48,"20,000 to 29,000",none,Policy Holder
No,Urban,56,"30,000 to 39,000",more than 4,Third Party
No,Urban,61,"20,000 to 29,000",2 to 4,Policy Holder
Yes,Urban,28,"20,000 to 29,000",2 to 4,Policy Holder
No,Urban,36,"20,000 to 29,000",2 to 4,Policy Holder
No,Urban,47,"40,000 to 59,000",more than 4,Policy Holder
No,Urban,40,"30,000 to 39,000",more than 4,Policy Holder
No,Rural,26,"30,000 to 39,000",2 to 4,Policy Holder
No,Urban,57,"20,000 to 29,000",2 to 4,Third Party
No,Urban,27,"20,000 to 29,000",1,Policy Holder
No,Urban,38,"20,000 to 29,000",none,Policy Holder
No,Urban,26,"20,000 to 29,000",2 to 4,Third Party
No,Urban,40,"20,000 to 29,000",1,Policy Holder
No,Urban,41,"30,000 to 39,000",2 to 4,Policy Holder
Yes,Urban,40,"20,000 to 29,000",2 to 4,Policy Holder
No,Urban,36,"30,000 to 39,000",1,Policy Holder
No,Urban,43,"20,000 to 29,000",none,Policy Holder
No,Urban,34,"20,000 to 29,000",2 to 4,Policy Holder
No,Urban,64,"20,000 to 29,000",2 to 4,Third Party
No,Urban,37,"30,000 to 39,000",2 to 4,Policy Holder
No,Urban,31,"20,000 to 29,000",2 to 4,Policy Holder
Yes,Urban,44,"20,000 to 29,000",2 to 4,Policy Holder
No,Urban,44,"20,000 to 29,000",more than 4,Policy Holder
No,Urban,40,"20,000 to 29,000",none,Policy Holder
No,Urban,43,"20,000 to 29,000",2 to 4,Policy Holder
No,Urban,42,"20,000 to 29,000",2 to 4,Policy Holder
No,Urban,39,"20,000 to 29,000",none,Policy Holder
No,Urban,30,"20,000 to 29,000",2 to 4,Policy Holder
No,Urban,34,"20,000 to 29,000",2 to 4,Third Party
Yes,Urban,44,"30,000 to 39,000",2 to 4,Policy Holder
Yes,Urban,26,"20,000 to 29,000",2 to 4,Policy Holder
No,Urban,53,"20,000 to 29,000",2 to 4,Policy Holder
No,Urban,38,"30,000 to 39,000",2 to 4,Policy Holder
No,Urban,39,"less than 20,000",more than 4,Policy Holder
No,Rural,38,"20,000 to 29,000",1,Third Party
No,Urban,41,"20,000 to 29,000",none,Policy Holder
No,Urban,35,"20,000 to 29,000",none,Policy Holder
No,Urban,39,"20,000 to 29,000",2 to 4,Policy Holder
No,Rural,34,"20,000 to 29,000",none,Policy Holder
No,Urban,40,"20,000 to 29,000",2 to 4,Policy Holder
No,Urban,36,"30,000 to 39,000",2 to 4,Policy Holder
No,Urban,57,"20,000 to 29,000",2 to 4,Policy Holder
No,Urban,39,"20,000 to 29,000",1,Third Party
No,Urban,26,"20,000 to 29,000",2 to 4,Third Party
No,Urban,47,"30,000 to 39,000",1,Third Party
No,Urban,52,"30,000 to 39,000",2 to 4,Policy Holder
No,Urban,41,"30,000 to 39,000",more than 4,Third Party
No,Rural,55,"60,000 to 69,000",none,Policy Holder
No,Urban,51,"20,000 to 29,000",none,Policy Holder
No,Urban,42,"20,000 to 29,000",1,Third Party
No,Urban,37,"20,000 to 29,000",2 to 4,Policy Holder
No,Urban,51,"more than 69,000",2 to 4,Policy Holder
No,Rural,32,"20,000 to 29,000",2 to 4,Third Party
No,Urban,58,"20,000 to 29,000",none,Policy Holder
No,Urban,52,"20,000 to 29,000",2 to 4,Policy Holder
No,Urban,32,"40,000 to 59,000",2 to 4,Policy Holder
No,Urban,26,"20,000 to 29,000",none,Policy Holder
No,Urban,29,"20,000 to 29,000",2 to 4,Third Party
No,Urban,34,"20,000 to 29,000",2 to 4,Policy Holder
No,Urban,48,"20,000 to 29,000",1,Policy Holder
No,Rural,56,"40,000 to 59,000",more than 4,Third Party
No,Rural,30,"20,000 to 29,000",more than 4,Policy Holder
No,Urban,28,"20,000 to 29,000",2 to 4,Third Party
No,Urban,29,"30,000 to 39,000",more than 4,Policy Holder
No,Urban,37,"20,000 to 29,000",none,Third Party
No,Urban,49,"30,000 to 39,000",1,Policy Holder
No,Rural,50,"30,000 to 39,000",2 to 4,Third Party
No,Urban,49,"20,000 to 29,000",none,Policy Holder
No,Urban,35,"20,000 to 29,000",2 to 4,Policy Holder
No,Urban,23,"20,000 to 29,000",2 to 4,Policy Holder
No,Urban,29,"less than 20,000",none,Third Party
No,Urban,34,"20,000 to 29,000",1,Policy Holder
No,Urban,59,"30,000 to 39,000",more than 4,Policy Holder
No,Urban,37,"20,000 to 29,000",none,Third Party
Yes,Urban,34,"20,000 to 29,000",none,Policy Holder
No,Urban,26,"30,000 to 39,000",more than 4,Policy Holder
No,Urban,27,"30,000 to 39,000",2 to 4,Third Party
No,Urban,44,"30,000 to 39,000",2 to 4,Policy Holder
No,Urban,54,"20,000 to 29,000",none,Policy Holder
No,Urban,49,"30,000 to 39,000",2 to 4,Policy Holder
Yes,Urban,0,"more than 69,000",none,Policy Holder
No,Urban,38,"30,000 to 39,000",none,Policy Holder
No,Urban,35,"30,000 to 39,000",2 to 4,Policy Holder
No,Urban,57,"more than 69,000",2 to 4,Policy Holder
No,Urban,44,"more than 69,000",1,Policy Holder
Yes,Urban,26,"20,000 to 29,000",none,Policy Holder
No,Urban,40,"20,000 to 29,000",1,Policy Holder
No,Urban,28,"20,000 to 29,000",1,Policy Holder
No,Urban,26,"20,000 to 29,000",2 to 4,Policy Holder
No,Urban,34,"40,000 to 59,000",none,Third Party
No,Urban,22,"20,000 to 29,000",none,Policy Holder
Yes,Urban,39,"20,000 to 29,000",1,Policy Holder
No,Urban,50,"20,000 to 29,000",2 to 4,Policy Holder
No,Urban,33,"20,000 to 29,000",more than 4,Policy Holder
No,Urban,76,"30,000 to 39,000",1,Policy Holder
No,Urban,27,"30,000 to 39,000",more than 4,Policy Holder
No,Urban,47,"30,000 to 39,000",more than 4,Policy Holder
No,Urban,50,"20,000 to 29,000",none,Policy Holder
No,Urban,39,"more than 69,000",2 to 4,Policy Holder
No,Urban,0,"more than 69,000",2 to 4,Policy Holder
No,Urban,33,"30,000 to 39,000",1,Third Party
No,Urban,61,"30,000 to 39,000",more than 4,Policy Holder
No,Urban,35,"more than 69,000",none,Policy Holder
No,Urban,76,"more than 69,000",none,Policy Holder
No,Rural,29,"less than 20,000",more than 4,Third Party
No,Urban,21,"20,000 to 29,000",none,Policy Holder
No,Urban,59,"20,000 to 29,000",none,Policy Holder
No,Urban,54,"more than 69,000",none,Third Party
No,Urban,25,"30,000 to 39,000",more than 4,Policy Holder
No,Urban,26,"30,000 to 39,000",2 to 4,Policy Holder
No,Urban,28,"20,000 to 29,000",2 to 4,Policy Holder
No,Urban,26,"20,000 to 29,000",none,Third Party
No,Urban,33,"more than 69,000",2 to 4,Policy Holder
No,Urban,33,"30,000 to 39,000",2 to 4,Third Party
No,Urban,26,"20,000 to 29,000",1,Third Party
No,Urban,51,"30,000 to 39,000",none,Third Party
No,Urban,48,"30,000 to 39,000",none,Policy Holder
No,Urban,39,"20,000 to 29,000",none,Policy Holder
No,Urban,29,"20,000 to 29,000",2 to 4,Policy Holder
No,Urban,34,"more than 69,000",none,Third Party
No,Rural,27,"30,000 to 39,000",none,Policy Holder
No,Urban,43,"20,000 to 29,000",1,Third Party
No,Urban,52,"20,000 to 29,000",2 to 4,Policy Holder
No,Urban,64,"40,000 to 59,000",none,Third Party
No,Urban,51,"20,000 to 29,000",1,Policy Holder
No,Urban,48,"30,000 to 39,000",none,Policy Holder
No,Urban,43,"20,000 to 29,000",none,Third Party
No,Urban,58,"less than 20,000",1,Policy Holder
No,Urban,36,"20,000 to 29,000",1,Policy Holder
No,Urban,59,"less than 20,000",none,Policy Holder
No,Urban,35,"20,000 to 29,000",2 to 4,Policy Holder
No,Urban,58,"20,000 to 29,000",none,Third Party
No,Urban,55,"30,000 to 39,000",1,Policy Holder
No,Urban,35,"more than 69,000",2 to 4,Policy Holder
No,Urban,34,"30,000 to 39,000",more than 4,Policy Holder
No,Urban,51,"30,000 to 39,000",more than 4,Policy Holder
No,Urban,25,"30,000 to 39,000",none,Policy Holder
No,Urban,35,"20,000 to 29,000",none,Policy Holder
No,Urban,35,"more than 69,000",more than 4,Policy Holder
No,Urban,41,"20,000 to 29,000",2 to 4,Policy Holder
No,Urban,33,"20,000 to 29,000",none,Policy Holder
Yes,Urban,40,"more than 69,000",2 to 4,Policy Holder
No,Urban,28,"20,000 to 29,000",1,Policy Holder
No,Urban,33,"20,000 to 29,000",2 to 4,Policy Holder
No,Urban,57,"20,000 to 29,000",2 to 4,Third Party
No,Urban,70,"20,000 to 29,000",none,Policy Holder
No,Urban,43,"20,000 to 29,000",1,Policy Holder
No,Urban,27,"20,000 to 29,000",1,Policy Holder
No,Urban,24,"20,000 to 29,000",none,Policy Holder
No,Urban,29,"20,000 to 29,000",2 to 4,Third Party
No,Urban,48,"20,000 to 29,000",none,Third Party
Yes,Urban,41,"less than 20,000",none,Policy Holder
No,Rural,70,"20,000 to 29,000",none,Policy Holder
No,Urban,29,"20,000 to 29,000",2 to 4,Third Party
No,Urban,44,"30,000 to 39,000",2 to 4,Third Party
No,Urban,49,"more than 69,000",none,Policy Holder
No,Urban,34,"20,000 to 29,000",none,Third Party
Yes,Urban,28,"30,000 to 39,000",2 to 4,Policy Holder
No,Urban,46,"60,000 to 69,000",1,Policy Holder
No,Urban,28,"30,000 to 39,000",1,Policy Holder
No,Urban,32,"30,000 to 39,000",1,Third Party
No,Urban,31,"20,000 to 29,000",2 to 4,Policy Holder
No,Urban,42,"20,000 to 29,000",more than 4,Policy Holder
No,Urban,64,"more than 69,000",more than 4,Policy Holder
No,Urban,32,"20,000 to 29,000",none,Third Party
No,Urban,53,"more than 69,000",1,Policy Holder
No,Urban,59,"20,000 to 29,000",2 to 4,Policy Holder
No,Urban,25,"30,000 to 39,000",2 to 4,Third Party
No,Urban,29,"20,000 to 29,000",more than 4,Policy Holder
No,Urban,33,"20,000 to 29,000",none,Policy Holder
No,Urban,35,"20,000 to 29,000",2 to 4,Policy Holder
No,Urban,31,"20,000 to 29,000",1,Policy Holder
No,Urban,63,"20,000 to 29,000",more than 4,Policy Holder
No,Urban,58,"more than 69,000",none,Policy Holder
No,Urban,32,"20,000 to 29,000",2 to 4,Third Party
No,Urban,50,"30,000 to 39,000",2 to 4,Policy Holder
No,Urban,43,"20,000 to 29,000",1,Third Party
No,Urban,57,"less than 20,000",none,Policy Holder
No,Rural,50,"20,000 to 29,000",2 to 4,Policy Holder
No,Urban,42,"more than 69,000",none,Third Party
No,Urban,46,"20,000 to 29,000",2 to 4,Policy Holder
No,Urban,58,"20,000 to 29,000",2 to 4,Policy Holder
No,Urban,44,"more than 69,000",more than 4,Policy Holder
No,Urban,52,"20,000 to 29,000",1,Policy Holder
No,Urban,39,"20,000 to 29,000",2 to 4,Policy Holder
No,Urban,47,"20,000 to 29,000",2 to 4,Policy Holder
No,Urban,37,"20,000 to 29,000",none,Policy Holder
No,Urban,54,"20,000 to 29,000",2 to 4,Third Party
No,Rural,46,"30,000 to 39,000",2 to 4,Policy Holder
No,Urban,43,"30,000 to 39,000",2 to 4,Policy Holder
No,Urban,44,"20,000 to 29,000",more than 4,Policy Holder
No,Urban,0,"more than 69,000",more than 4,Policy Holder
No,Urban,45,"30,000 to 39,000",2 to 4,Policy Holder
No,Urban,39,"more than 69,000",2 to 4,Policy Holder
No,Urban,34,"less than 20,000",1,Third Party
No,Urban,53,"20,000 to 29,000",2 to 4,Policy Holder
No,Rural,42,"20,000 to 29,000",1,Policy Holder
No,Urban,45,"more than 69,000",more than 4,Policy Holder
No,Urban,32,"20,000 to 29,000",none,Policy Holder
No,Urban,27,"30,000 to 39,000",more than 4,Policy Holder
Yes,Urban,49,"20,000 to 29,000",none,Policy Holder
No,Urban,31,"20,000 to 29,000",2 to 4,Policy Holder
No,Urban,54,"30,000 to 39,000",more than 4,Policy Holder
No,Urban,31,"20,000 to 29,000",2 to 4,Policy Holder
No,Urban,31,"20,000 to 29,000",2 to 4,Policy Holder
No,Urban,33,"20,000 to 29,000",more than 4,Policy Holder
No,Urban,36,"less than 20,000",1,Policy Holder
No,Urban,31,"20,000 to 29,000",2 to 4,Third Party
No,Urban,38,"40,000 to 59,000",none,Policy Holder
No,Urban,44,"20,000 to 29,000",none,Policy Holder
No,Urban,41,"20,000 to 29,000",more than 4,Policy Holder
No,Urban,33,"30,000 to 39,000",more than 4,Policy Holder
No,Rural,40,"30,000 to 39,000",none,Policy Holder
No,Urban,61,"20,000 to 29,000",none,Policy Holder
No,Urban,61,"30,000 to 39,000",more than 4,Policy Holder
No,Urban,30,"20,000 to 29,000",none,Policy Holder
No,Urban,49,"more than 69,000",none,Policy Holder
No,Urban,27,"20,000 to 29,000",none,Policy Holder
No,Urban,27,"20,000 to 29,000",2 to 4,Policy Holder
Yes,Urban,32,"20,000 to 29,000",2 to 4,Third Party
No,Urban,45,"20,000 to 29,000",2 to 4,Policy Holder
No,Urban,28,"20,000 to 29,000",1,Third Party
No,Urban,55,"more than 69,000",2 to 4,Policy Holder
No,Urban,43,"20,000 to 29,000",none,Policy Holder
No,Urban,49,"20,000 to 29,000",none,Policy Holder
No,Urban,27,"20,000 to 29,000",2 to 4,Policy Holder
No,Rural,59,"20,000 to 29,000",none,Policy Holder
No,Urban,48,"30,000 to 39,000",2 to 4,Policy Holder
No,Urban,29,"20,000 to 29,000",more than 4,Policy Holder
No,Urban,38,"more than 69,000",2 to 4,Policy Holder
No,Urban,26,"20,000 to 29,000",1,Third Party
No,Urban,36,"20,000 to 29,000",2 to 4,Third Party
No,Urban,31,"20,000 to 29,000",more than 4,Policy Holder
No,Urban,62,"30,000 to 39,000",more than 4,Policy Holder
No,Urban,38,"20,000 to 29,000",2 to 4,Policy Holder
No,Urban,47,"20,000 to 29,000",none,Third Party
Yes,Urban,47,"40,000 to 59,000",none,Policy Holder
No,Urban,0,"more than 69,000",none,Policy Holder
No,Urban,34,"20,000 to 29,000",2 to 4,Policy Holder
No,Urban,30,"more than 69,000",2 to 4,Policy Holder
No,Urban,30,"more than 69,000",2 to 4,Third Party
No,Urban,49,"40,000 to 59,000",none,Third Party
Yes,Urban,50,"30,000 to 39,000",1,Policy Holder
No,Rural,27,"more than 69,000",2 to 4,Policy Holder
No,Urban,30,"more than 69,000",more than 4,Policy Holder
No,Urban,44,"20,000 to 29,000",none,Policy Holder
No,Urban,61,"20,000 to 29,000",1,Third Party
No,Urban,21,"more than 69,000",1,Third Party
No,Urban,31,"20,000 to 29,000",2 to 4,Policy Holder
No,Urban,42,"less than 20,000",2 to 4,Policy Holder
No,Rural,50,"20,000 to 29,000",1,Third Party
No,Urban,33,"20,000 to 29,000",more than 4,Policy Holder
No,Urban,63,"20,000 to 29,000",2 to 4,Policy Holder
No,Urban,60,"more than 69,000",none,Policy Holder
No,Urban,29,"20,000 to 29,000",2 to 4,Policy Holder
No,Rural,30,"40,000 to 59,000",none,Policy Holder
Yes,Urban,40,"more than 69,000",none,Policy Holder
No,Urban,28,"more than 69,000",none,Third Party
No,Urban,27,"20,000 to 29,000",2 to 4,Policy Holder
No,Urban,45,"20,000 to 29,000",2 to 4,Third Party
No,Urban,57,"20,000 to 29,000",1,Policy Holder
No,Urban,52,"30,000 to 39,000",2 to 4,Policy Holder
No,Urban,40,"30,000 to 39,000",more than 4,Third Party
No,Urban,32,"30,000 to 39,000",2 to 4,Policy Holder
No,Urban,44,"30,000 to 39,000",2 to 4,Policy Holder
No,Urban,36,"more than 69,000",2 to 4,Policy Holder
No,Urban,35,"20,000 to 29,000",1,Policy Holder
No,Rural,26,"20,000 to 29,000",1,Policy Holder
No,Rural,22,"20,000 to 29,000",2 to 4,Policy Holder
No,Urban,27,"20,000 to 29,000",1,Third Party
Yes,Urban,43,"less than 20,000",none,Policy Holder
No,Urban,40,"30,000 to 39,000",2 to 4,Policy Holder
No,Urban,28,"20,000 to 29,000",more than 4,Third Party
No,Urban,37,"20,000 to 29,000",2 to 4,Third Party
No,Urban,40,"20,000 to 29,000",none,Third Party
No,Urban,33,"30,000 to 39,000",2 to 4,Policy Holder
No,Urban,35,"20,000 to 29,000",1,Third Party
No,Urban,35,"20,000 to 29,000",more than 4,Policy Holder
No,Urban,23,"more than 69,000",none,Third Party
No,Urban,47,"30,000 to 39,000",1,Policy Holder
No,Urban,37,"more than 69,000",1,Policy Holder
No,Urban,34,"20,000 to 29,000",1,Policy Holder
No,Urban,56,"more than 69,000",2 to 4,Policy Holder
No,Urban,40,"30,000 to 39,000",none,Policy Holder
No,Urban,44,"less than 20,000",none,Policy Holder
No,Urban,21,"less than 20,000",none,Policy Holder
No,Urban,36,"30,000 to 39,000",none,Third Party
No,Rural,40,"20,000 to 29,000",none,Policy Holder
No,Urban,38,"30,000 to 39,000",none,Policy Holder
No,Urban,31,"less than 20,000",none,Third Party
No,Urban,35,"30,000 to 39,000",2 to 4,Third Party
No,Urban,19,"20,000 to 29,000",2 to 4,Policy Holder
No,Urban,47,"20,000 to 29,000",none,Policy Holder
No,Urban,56,"60,000 to 69,000",2 to 4,Third Party
No,Urban,54,"20,000 to 29,000",none,Third Party
No,Urban,35,"20,000 to 29,000",none,Policy Holder
No,Urban,27,"30,000 to 39,000",2 to 4,Policy Holder
No,Rural,48,"30,000 to 39,000",2 to 4,Policy Holder
No,Urban,29,"20,000 to 29,000",2 to 4,Third Party
No,Urban,41,"more than 69,000",1,Third Party
No,Urban,34,"30,000 to 39,000",more than 4,Policy Holder
No,Rural,42,"20,000 to 29,000",2 to 4,Policy Holder
No,Urban,60,"30,000 to 39,000",1,Policy Holder
No,Urban,57,"20,000 to 29,000",2 to 4,Policy Holder
No,Urban,49,"less than 20,000",1,Third Party
No,Urban,48,"20,000 to 29,000",1,Policy Holder
No,Urban,39,"20,000 to 29,000",none,Policy Holder
No,Rural,24,"20,000 to 29,000",1,Third Party
No,Rural,33,"30,000 to 39,000",none,Third Party
No,Urban,22,"30,000 to 39,000",2 to 4,Third Party
No,Urban,35,"20,000 to 29,000",1,Policy Holder
No,Urban,33,"40,000 to 59,000",2 to 4,Policy Holder
No,Rural,34,"30,000 to 39,000",2 to 4,Third Party
No,Urban,29,"20,000 to 29,000",more than 4,Policy Holder
No,Urban,37,"30,000 to 39,000",1,Policy Holder
No,Urban,35,"20,000 to 29,000",none,Third Party
No,Urban,31,"less than 20,000",none,Policy Holder
No,Rural,46,"30,000 to 39,000",none,Policy Holder
No,Urban,31,"more than 69,000",more than 4,Policy Holder
No,Urban,31,"more than 69,000",more than 4,Policy Holder
No,Urban,37,"30,000 to 39,000",1,Third Party
Yes,Urban,41,"20,000 to 29,000",2 to 4,Third Party
No,Urban,36,"more than 69,000",2 to 4,Policy Holder
Yes,Urban,29,"less than 20,000",none,Policy Holder
No,Urban,26,"20,000 to 29,000",2 to 4,Policy Holder
No,Urban,48,"20,000 to 29,000",more than 4,Policy Holder
No,Urban,60,"20,000 to 29,000",1,Policy Holder
No,Urban,63,"more than 69,000",2 to 4,Policy Holder
No,Urban,22,"20,000 to 29,000",none,Third Party
No,Rural,47,"40,000 to 59,000",none,Policy Holder
No,Urban,34,"20,000 to 29,000",2 to 4,Third Party
No,Urban,30,"less than 20,000",2 to 4,Third Party
No,Urban,22,"20,000 to 29,000",none,Policy Holder
No,Urban,30,"30,000 to 39,000",2 to 4,Policy Holder
Yes,Urban,35,"20,000 to 29,000",none,Policy Holder
No,Urban,36,"20,000 to 29,000",none,Third Party
No,Urban,50,"more than 69,000",more than 4,Policy Holder
No,Rural,24,"less than 20,000",2 to 4,Policy Holder
No,Rural,60,"40,000 to 59,000",none,Policy Holder
No,Urban,30,"20,000 to 29,000",none,Third Party
No,Urban,32,"30,000 to 39,000",2 to 4,Policy Holder
No,Urban,48,"30,000 to 39,000",more than 4,Policy Holder
No,Urban,55,"20,000 to 29,000",1,Policy Holder
No,Urban,32,"more than 69,000",1,Policy Holder
No,Rural,32,"30,000 to 39,000",none,Policy Holder
No,Urban,44,"20,000 to 29,000",2 to 4,Policy Holder
No,Urban,42,"20,000 to 29,000",2 to 4,Policy Holder
No,Urban,35,"less than 20,000",2 to 4,Policy Holder
No,Urban,26,"30,000 to 39,000",none,Policy Holder
No,Urban,30,"20,000 to 29,000",more than 4,Third Party
No,Urban,28,"20,000 to 29,000",1,Policy Holder
No,Urban,25,"20,000 to 29,000",1,Policy Holder
No,Urban,41,"20,000 to 29,000",1,Third Party
No,Urban,55,"30,000 to 39,000",1,Third Party
No,Urban,30,"30,000 to 39,000",2 to 4,Policy Holder
No,Urban,50,"20,000 to 29,000",none,Policy Holder
No,Urban,31,"20,000 to 29,000",1,Policy Holder
No,Urban,59,"30,000 to 39,000",2 to 4,Policy Holder
No,Urban,50,"more than 69,000",2 to 4,Policy Holder
No,Rural,37,"20,000 to 29,000",1,Policy Holder
No,Urban,34,"20,000 to 29,000",2 to 4,Policy Holder
No,Urban,28,"30,000 to 39,000",none,Third Party
No,Urban,33,"30,000 to 39,000",1,Third Party
No,Urban,55,"30,000 to 39,000",more than 4,Policy Holder
No,Urban,47,"30,000 to 39,000",more than 4,Policy Holder
No,Urban,48,"more than 69,000",none,Policy Holder
No,Urban,49,"30,000 to 39,000",none,Policy Holder
No,Urban,29,"less than 20,000",1,Third Party
Yes,Urban,40,"more than 69,000",2 to 4,Policy Holder
No,Urban,30,"20,000 to 29,000",1,Policy Holder
No,Urban,26,"30,000 to 39,000",2 to 4,Third Party
No,Urban,38,"less than 20,000",1,Policy Holder
No,Rural,30,"30,000 to 39,000",2 to 4,Policy Holder
No,Urban,44,"40,000 to 59,000",2 to 4,Policy Holder
No,Urban,46,"60,000 to 69,000",2 to 4,Policy Holder
No,Urban,24,"20,000 to 29,000",2 to 4,Policy Holder
No,Urban,28,"20,000 to 29,000",2 to 4,Policy Holder
No,Urban,32,"20,000 to 29,000",2 to 4,Policy Holder
No,Urban,50,"more than 69,000",1,Policy Holder
No,Urban,22,"30,000 to 39,000",none,Third Party
No,Urban,57,"20,000 to 29,000",1,Policy Holder
No,Urban,26,"30,000 to 39,000",2 to 4,Policy Holder
No,Urban,59,"30,000 to 39,000",none,Policy Holder
No,Urban,32,"20,000 to 29,000",1,Policy Holder
No,Urban,33,"20,000 to 29,000",more than 4,Policy Holder
No,Urban,32,"less than 20,000",2 to 4,Third Party
No,Urban,28,"more than 69,000",more than 4,Policy Holder
No,Urban,32,"20,000 to 29,000",more than 4,Policy Holder
No,Urban,29,"20,000 to 29,000",none,Third Party
No,Urban,27,"20,000 to 29,000",2 to 4,Third Party
No,Rural,35,"more than 69,000",none,Third Party
No,Urban,28,"less than 20,000",2 to 4,Policy Holder
No,Urban,39,"20,000 to 29,000",2 to 4,Third Party
Yes,Urban,39,"20,000 to 29,000",none,Policy Holder
No,Urban,46,"30,000 to 39,000",none,Third Party
No,Urban,47,"20,000 to 29,000",1,Policy Holder
No,Rural,35,"30,000 to 39,000",none,Policy Holder
No,Urban,34,"30,000 to 39,000",more than 4,Third Party
No,Urban,32,"30,000 to 39,000",more than 4,Policy Holder
No,Urban,35,"20,000 to 29,000",more than 4,Policy Holder
No,Rural,46,"more than 69,000",none,Policy Holder
No,Urban,31,"more than 69,000",2 to 4,Policy Holder
No,Urban,45,"20,000 to 29,000",none,Policy Holder
No,Urban,30,"20,000 to 29,000",none,Policy Holder
No,Urban,40,"30,000 to 39,000",2 to 4,Policy Holder
No,Urban,49,"40,000 to 59,000",2 to 4,Policy Holder
No,Urban,62,"20,000 to 29,000",2 to 4,Policy Holder
No,Urban,62,"20,000 to 29,000",1,Policy Holder
No,Urban,41,"20,000 to 29,000",2 to 4,Policy Holder
No,Urban,37,"30,000 to 39,000",more than 4,Policy Holder
No,Urban,60,"20,000 to 29,000",none,Third Party
No,Urban,54,"20,000 to 29,000",2 to 4,Third Party
No,Urban,33,"30,000 to 39,000",1,Policy Holder
No,Urban,30,"20,000 to 29,000",none,Third Party
No,Rural,36,"30,000 to 39,000",more than 4,Third Party
No,Urban,30,"less than 20,000",1,Policy Holder
No,Urban,61,"20,000 to 29,000",1,Policy Holder
No,Urban,70,"60,000 to 69,000",none,Policy Holder
No,Urban,51,"20,000 to 29,000",1,Policy Holder
No,Rural,29,"20,000 to 29,000",2 to 4,Policy Holder
No,Urban,41,"20,000 to 29,000",none,Policy Holder
No,Urban,27,"20,000 to 29,000",2 to 4,Policy Holder
No,Urban,21,"20,000 to 29,000",2 to 4,Third Party
No,Urban,37,"30,000 to 39,000",more than 4,Policy Holder
No,Urban,54,"30,000 to 39,000",none,Policy Holder
No,Urban,61,"30,000 to 39,000",none,Third Party
No,Urban,28,"30,000 to 39,000",1,Policy Holder
No,Urban,42,"20,000 to 29,000",2 to 4,Policy Holder
No,Urban,45,"20,000 to 29,000",2 to 4,Policy Holder
No,Urban,42,"more than 69,000",2 to 4,Policy Holder
No,Urban,32,"20,000 to 29,000",2 to 4,Policy Holder
No,Urban,51,"30,000 to 39,000",none,Policy Holder
No,Urban,59,"20,000 to 29,000",2 to 4,Policy Holder
No,Urban,61,"30,000 to 39,000",more than 4,Policy Holder
No,Urban,63,"more than 69,000",more than 4,Third Party
No,Rural,29,"20,000 to 29,000",none,Policy Holder
No,Urban,39,"20,000 to 29,000",2 to 4,Policy Holder
No,Urban,36,"20,000 to 29,000",1,Policy Holder
No,Urban,65,"20,000 to 29,000",2 to 4,Policy Holder
No,Urban,60,"20,000 to 29,000",2 to 4,Third Party
No,Urban,28,"30,000 to 39,000",2 to 4,Policy Holder
No,Urban,38,"20,000 to 29,000",2 to 4,Policy Holder
No,Rural,64,"less than 20,000",none,Policy Holder
Yes,Urban,46,"more than 69,000",none,Policy Holder
No,Urban,44,"20,000 to 29,000",none,Policy Holder
No,Urban,48,"30,000 to 39,000",2 to 4,Policy Holder
No,Urban,40,"20,000 to 29,000",2 to 4,Third Party
No,Urban,78,"20,000 to 29,000",none,Policy Holder
No,Urban,29,"20,000 to 29,000",2 to 4,Policy Holder
No,Urban,56,"20,000 to 29,000",1,Policy Holder
No,Urban,32,"20,000 to 29,000",more than 4,Third Party
No,Urban,40,"30,000 to 39,000",more than 4,Policy Holder
No,Urban,32,"20,000 to 29,000",more than 4,Third Party
No,Urban,62,"more than 69,000",2 to 4,Policy Holder
No,Urban,33,"20,000 to 29,000",none,Third Party
No,Urban,34,"more than 69,000",more than 4,Third Party
No,Urban,65,"more than 69,000",2 to 4,Policy Holder
No,Urban,31,"more than 69,000",1,Policy Holder
No,Urban,30,"20,000 to 29,000",none,Policy Holder
No,Urban,45,"20,000 to 29,000",1,Policy Holder
No,Urban,30,"20,000 to 29,000",1,Third Party
No,Urban,29,"20,000 to 29,000",2 to 4,Third Party
No,Urban,23,"20,000 to 29,000",none,Policy Holder
No,Urban,45,"40,000 to 59,000",1,Policy Holder
No,Urban,27,"20,000 to 29,000",1,Third Party
No,Urban,47,"30,000 to 39,000",2 to 4,Third Party
No,Rural,55,"less than 20,000",1,Policy Holder
No,Urban,55,"more than 69,000",1,Policy Holder
No,Urban,45,"40,000 to 59,000",2 to 4,Policy Holder
No,Rural,41,"less than 20,000",1,Third Party
No,Urban,39,"30,000 to 39,000",2 to 4,Policy Holder
No,Urban,66,"40,000 to 59,000",more than 4,Policy Holder
No,Urban,42,"20,000 to 29,000",2 to 4,Third Party
No,Rural,48,"20,000 to 29,000",none,Policy Holder
Yes,Urban,40,"20,000 to 29,000",1,Third Party
No,Urban,45,"20,000 to 29,000",more than 4,Policy Holder
No,Urban,56,"more than 69,000",more than 4,Policy Holder
No,Urban,55,"20,000 to 29,000",none,Third Party
No,Urban,21,"20,000 to 29,000",2 to 4,Third Party
No,Urban,50,"30,000 to 39,000",1,Third Party
No,Urban,29,"20,000 to 29,000",none,Policy Holder
No,Rural,50,"30,000 to 39,000",none,Policy Holder
No,Urban,47,"30,000 to 39,000",2 to 4,Policy Holder
No,Urban,24,"20,000 to 29,000",2 to 4,Third Party
No,Urban,24,"20,000 to 29,000",2 to 4,Policy Holder
Yes,Urban,0,"more than 69,000",2 to 4,Policy Holder
No,Urban,55,"20,000 to 29,000",none,Policy Holder
No,Urban,42,"more than 69,000",none,Policy Holder
No,Urban,39,"40,000 to 59,000",2 to 4,Policy Holder
No,Rural,47,"20,000 to 29,000",none,Policy Holder
No,Urban,39,"20,000 to 29,000",1,Policy Holder
No,Urban,33,"20,000 to 29,000",1,Policy Holder
No,Urban,35,"20,000 to 29,000",2 to 4,Policy Holder
No,Urban,0,"more than 69,000",more than 4,Policy Holder
No,Urban,35,"20,000 to 29,000",1,Third Party
No,Urban,21,"30,000 to 39,000",1,Policy Holder
No,Urban,41,"20,000 to 29,000",1,Third Party
No,Urban,61,"less than 20,000",none,Third Party
No,Urban,40,"20,000 to 29,000",none,Policy Holder
No,Urban,39,"30,000 to 39,000",1,Policy Holder
No,Urban,32,"20,000 to 29,000",2 to 4,Policy Holder
No,Urban,52,"60,000 to 69,000",2 to 4,Policy Holder
No,Urban,51,"20,000 to 29,000",more than 4,Policy Holder
No,Urban,40,"30,000 to 39,000",1,Third Party
Yes,Rural,48,"20,000 to 29,000",none,Policy Holder
No,Urban,51,"30,000 to 39,000",more than 4,Third Party
No,Urban,28,"20,000 to 29,000",1,Policy Holder
No,Urban,29,"30,000 to 39,000",1,Third Party
Yes,Urban,31,"20,000 to 29,000",2 to 4,Policy Holder
No,Urban,65,"40,000 to 59,000",more than 4,Policy Holder
No,Rural,36,"30,000 to 39,000",none,Third Party
No,Urban,26,"30,000 to 39,000",none,Policy Holder
No,Urban,44,"40,000 to 59,000",more than 4,Policy Holder
No,Rural,42,"40,000 to 59,000",1,Third Party
No,Urban,35,"20,000 to 29,000",2 to 4,Third Party
No,Urban,58,"20,000 to 29,000",2 to 4,Third Party
No,Urban,46,"20,000 to 29,000",1,Third Party
Yes,Rural,52,"less than 20,000",none,Policy Holder
No,Urban,41,"20,000 to 29,000",2 to 4,Policy Holder
No,Urban,34,"less than 20,000",none,Policy Holder
No,Urban,48,"20,000 to 29,000",1,Policy Holder
No,Rural,45,"20,000 to 29,000",1,Policy Holder
No,Urban,73,"20,000 to 29,000",none,Policy Holder
No,Urban,28,"40,000 to 59,000",none,Policy Holder
No,Urban,44,"30,000 to 39,000",1,Policy Holder
No,Urban,71,"30,000 to 39,000",2 to 4,Policy Holder
Yes,Urban,26,"20,000 to 29,000",2 to 4,Policy Holder
No,Urban,52,"20,000 to 29,000",1,Policy Holder
No,Rural,34,"30,000 to 39,000",2 to 4,Policy Holder
No,Urban,55,"more than 69,000",1,Policy Holder
No,Urban,46,"20,000 to 29,000",1,Policy Holder
No,Urban,37,"20,000 to 29,000",1,Policy Holder
No,Urban,27,"20,000 to 29,000",1,Policy Holder
No,Urban,73,"less than 20,000",1,Policy Holder
No,Urban,32,"30,000 to 39,000",more than 4,Policy Holder
No,Urban,0,"more than 69,000",2 to 4,Policy Holder
No,Urban,39,"20,000 to 29,000",1,Policy Holder
Yes,Urban,27,"less than 20,000",1,Policy Holder
No,Urban,29,"20,000 to 29,000",more than 4,Policy Holder
No,Urban,0,"more than 69,000",2 to 4,Third Party
No,Urban,43,"30,000 to 39,000",1,Third Party
No,Urban,32,"20,000 to 29,000",2 to 4,Policy Holder
No,Urban,39,"20,000 to 29,000",none,Policy Holder
No,Rural,29,"20,000 to 29,000",2 to 4,Third Party
No,Rural,41,"less than 20,000",none,Third Party
No,Rural,35,"less than 20,000",1,Policy Holder
No,Urban,69,"20,000 to 29,000",1,Policy Holder
No,Urban,48,"20,000 to 29,000",1,Third Party
No,Urban,35,"20,000 to 29,000",1,Policy Holder
No,Urban,27,"20,000 to 29,000",none,Policy Holder
No,Urban,41,"20,000 to 29,000",none,Policy Holder
No,Urban,35,"20,000 to 29,000",1,Third Party
No,Urban,35,"30,000 to 39,000",1,Third Party
No,Urban,21,"less than 20,000",2 to 4,Policy Holder
No,Urban,51,"30,000 to 39,000",none,Third Party
No,Urban,0,"more than 69,000",2 to 4,Third Party
No,Rural,30,"20,000 to 29,000",none,Policy Holder
No,Urban,35,"20,000 to 29,000",none,Third Party
No,Urban,27,"30,000 to 39,000",more than 4,Policy Holder
No,Rural,39,"30,000 to 39,000",2 to 4,Policy Holder
No,Urban,28,"20,000 to 29,000",more than 4,Policy Holder
No,Urban,73,"20,000 to 29,000",1,Policy Holder
No,Urban,51,"20,000 to 29,000",more than 4,Policy Holder
No,Rural,29,"20,000 to 29,000",2 to 4,Policy Holder
No,Urban,23,"less than 20,000",none,Policy Holder
No,Urban,49,"30,000 to 39,000",2 to 4,Policy Holder
No,Rural,49,"more than 69,000",1,Policy Holder
No,Urban,61,"30,000 to 39,000",2 to 4,Policy Holder
No,Urban,51,"20,000 to 29,000",2 to 4,Third Party
No,Urban,62,"20,000 to 29,000",1,Policy Holder
No,Urban,27,"30,000 to 39,000",none,Policy Holder
No,Urban,36,"20,000 to 29,000",none,Third Party
No,Rural,27,"20,000 to 29,000",2 to 4,Policy Holder
No,Urban,33,"more than 69,000",more than 4,Policy Holder
No,Rural,51,"30,000 to 39,000",none,Third Party
No,Urban,51,"20,000 to 29,000",2 to 4,Third Party
No,Urban,20,"30,000 to 39,000",none,Policy Holder
No,Urban,41,"20,000 to 29,000",2 to 4,Policy Holder
No,Urban,29,"30,000 to 39,000",1,Policy Holder
No,Rural,42,"less than 20,000",none,Third Party
No,Urban,65,"more than 69,000",none,Third Party
No,Urban,47,"40,000 to 59,000",1,Third Party
No,Urban,30,"20,000 to 29,000",more than 4,Policy Holder
No,Rural,57,"20,000 to 29,000",none,Policy Holder
No,Urban,70,"30,000 to 39,000",more than 4,Policy Holder
No,Urban,30,"30,000 to 39,000",2 to 4,Policy Holder
No,Urban,28,"20,000 to 29,000",none,Third Party
No,Urban,38,"20,000 to 29,000",2 to 4,Policy Holder
No,Urban,31,"20,000 to 29,000",none,Policy Holder
No,Urban,41,"20,000 to 29,000",2 to 4,Third Party
No,Urban,42,"20,000 to 29,000",2 to 4,Third Party
Yes,Urban,61,"30,000 to 39,000",none,Policy Holder
No,Urban,64,"20,000 to 29,000",none,Policy Holder
No,Urban,34,"more than 69,000",2 to 4,Policy Holder
No,Urban,31,"20,000 to 29,000",1,Policy Holder
No,Urban,48,"30,000 to 39,000",none,Policy Holder
No,Urban,28,"20,000 to 29,000",1,Policy Holder
No,Urban,44,"20,000 to 29,000",none,Policy Holder
No,Urban,51,"less than 20,000",1,Third Party
No,Rural,43,"20,000 to 29,000",none,Policy Holder
No,Urban,39,"40,000 to 59,000",2 to 4,Policy Holder
No,Urban,39,"20,000 to 29,000",1,Policy Holder
Yes,Urban,37,"less than 20,000",none,Policy Holder
No,Urban,27,"20,000 to 29,000",1,Policy Holder
No,Urban,30,"20,000 to 29,000",none,Policy Holder
Yes,Urban,28,"30,000 to 39,000",more than 4,Policy Holder
No,Urban,54,"20,000 to 29,000",none,Third Party
No,Urban,30,"20,000 to 29,000",1,Third Party
No,Urban,42,"20,000 to 29,000",1,Policy Holder
No,Urban,48,"20,000 to 29,000",2 to 4,Policy Holder
No,Urban,33,"30,000 to 39,000",2 to 4,Policy Holder
No,Rural,40,"20,000 to 29,000",2 to 4,Policy Holder
No,Urban,52,"20,000 to 29,000",none,Third Party
No,Urban,63,"20,000 to 29,000",1,Third Party
No,Urban,41,"20,000 to 29,000",2 to 4,Policy Holder
No,Urban,53,"less than 20,000",none,Third Party
No,Rural,37,"20,000 to 29,000",2 to 4,Policy Holder
No,Urban,60,"20,000 to 29,000",none,Policy Holder
No,Urban,54,"30,000 to 39,000",more than 4,Policy Holder
No,Urban,27,"20,000 to 29,000",none,Policy Holder
No,Rural,36,"30,000 to 39,000",1,Policy Holder
No,Urban,45,"30,000 to 39,000",2 to 4,Policy Holder
No,Urban,45,"20,000 to 29,000",2 to 4,Policy Holder
No,Urban,42,"less than 20,000",1,Policy Holder
No,Urban,44,"20,000 to 29,000",2 to 4,Third Party
No,Urban,35,"20,000 to 29,000",none,Third Party
No,Urban,27,"30,000 to 39,000",more than 4,Policy Holder
No,Urban,54,"30,000 to 39,000",1,Policy Holder
No,Urban,39,"40,000 to 59,000",more than 4,Policy Holder
No,Urban,40,"less than 20,000",1,Policy Holder
No,Urban,48,"20,000 to 29,000",2 to 4,Policy Holder
No,Urban,59,"20,000 to 29,000",2 to 4,Policy Holder
No,Urban,60,"20,000 to 29,000",more than 4,Policy Holder
No,Urban,38,"20,000 to 29,000",2 to 4,Policy Holder
No,Urban,47,"20,000 to 29,000",2 to 4,Third Party
No,Urban,31,"20,000 to 29,000",1,Policy Holder
No,Urban,35,"20,000 to 29,000",more than 4,Policy Holder
No,Urban,63,"30,000 to 39,000",more than 4,Policy Holder
No,Urban,27,"20,000 to 29,000",1,Policy Holder
No,Urban,31,"less than 20,000",none,Third Party
No,Urban,43,"20,000 to 29,000",1,Policy Holder
No,Urban,50,"more than 69,000",2 to 4,Policy Holder
No,Urban,35,"20,000 to 29,000",none,Policy Holder
No,Urban,26,"20,000 to 29,000",2 to 4,Policy Holder
Yes,Urban,36,"more than 69,000",none,Policy Holder
No,Urban,37,"20,000 to 29,000",1,Third Party
No,Urban,29,"20,000 to 29,000",2 to 4,Policy Holder
No,Urban,23,"20,000 to 29,000",2 to 4,Policy Holder
No,Urban,53,"20,000 to 29,000",1,Policy Holder
No,Urban,41,"20,000 to 29,000",none,Policy Holder
No,Urban,67,"20,000 to 29,000",1,Third Party
No,Urban,49,"20,000 to 29,000",1,Policy Holder
No,Urban,33,"less than 20,000",none,Policy Holder
Yes,Rural,33,"20,000 to 29,000",none,Policy Holder
No,Urban,33,"30,000 to 39,000",2 to 4,Policy Holder
No,Urban,29,"20,000 to 29,000",more than 4,Policy Holder
No,Urban,40,"30,000 to 39,000",2 to 4,Policy Holder
Yes,Urban,36,"20,000 to 29,000",1,Policy Holder
No,Urban,28,"20,000 to 29,000",none,Policy Holder
No,Urban,47,"20,000 to 29,000",2 to 4,Policy Holder
No,Urban,31,"20,000 to 29,000",none,Policy Holder
No,Urban,40,"20,000 to 29,000",2 to 4,Policy Holder
No,Urban,37,"20,000 to 29,000",1,Policy Holder
No,Urban,54,"40,000 to 59,000",none,Policy Holder
No,Rural,36,"30,000 to 39,000",none,Policy Holder
No,Urban,40,"less than 20,000",none,Third Party
No,Urban,33,"60,000 to 69,000",2 to 4,Policy Holder
No,Urban,54,"20,000 to 29,000",none,Third Party
No,Urban,55,"20,000 to 29,000",2 to 4,Third Party
No,Urban,39,"30,000 to 39,000",none,Third Party
No,Urban,49,"more than 69,000",none,Policy Holder
No,Urban,49,"more than 69,000",2 to 4,Policy Holder
No,Urban,48,"20,000 to 29,000",1,Policy Holder
No,Urban,27,"less than 20,000",none,Third Party
No,Urban,37,"20,000 to 29,000",none,Policy Holder
No,Rural,0,"more than 69,000",none,Policy Holder
No,Urban,26,"30,000 to 39,000",1,Policy Holder
No,Urban,30,"20,000 to 29,000",1,Third Party
No,Urban,38,"20,000 to 29,000",none,Third Party
No,Urban,0,"more than 69,000",1,Policy Holder
No,Rural,35,"30,000 to 39,000",more than 4,Policy Holder
No,Urban,30,"20,000 to 29,000",more than 4,Third Party
No,Urban,51,"30,000 to 39,000",none,Third Party
No,Urban,35,"less than 20,000",2 to 4,Third Party
No,Urban,45,"20,000 to 29,000",none,Policy Holder
No,Urban,29,"30,000 to 39,000",2 to 4,Policy Holder
No,Urban,28,"20,000 to 29,000",more than 4,Policy Holder
No,Urban,39,"20,000 to 29,000",2 to 4,Policy Holder
No,Urban,30,"20,000 to 29,000",none,Policy Holder
No,Urban,34,"20,000 to 29,000",2 to 4,Policy Holder
No,Urban,41,"more than 69,000",none,Third Party
No,Urban,54,"20,000 to 29,000",1,Policy Holder
No,Urban,29,"20,000 to 29,000",2 to 4,Third Party
Yes,Rural,35,"20,000 to 29,000",2 to 4,Policy Holder
No,Urban,45,"20,000 to 29,000",none,Third Party
No,Urban,73,"20,000 to 29,000",2 to 4,Third Party
No,Urban,70,"40,000 to 59,000",2 to 4,Policy Holder
No,Rural,33,"30,000 to 39,000",more than 4,Policy Holder
Yes,Urban,55,"30,000 to 39,000",2 to 4,Policy Holder
No,Rural,31,"30,000 to 39,000",none,Policy Holder
No,Urban,30,"more than 69,000",2 to 4,Third Party
No,Urban,41,"20,000 to 29,000",more than 4,Policy Holder
No,Urban,47,"20,000 to 29,000",2 to 4,Policy Holder
No,Rural,61,"20,000 to 29,000",more than 4,Policy Holder
No,Urban,32,"less than 20,000",1,Policy Holder
No,Urban,51,"more than 69,000",2 to 4,Policy Holder
No,Urban,40,"20,000 to 29,000",2 to 4,Third Party
No,Urban,0,"more than 69,000",1,Third Party
No,Urban,28,"20,000 to 29,000",more than 4,Policy Holder
No,Urban,51,"20,000 to 29,000",1,Third Party
No,Urban,41,"20,000 to 29,000",none,Policy Holder
No,Urban,31,"more than 69,000",2 to 4,Third Party
No,Urban,47,"20,000 to 29,000",1,Policy Holder
No,Urban,38,"30,000 to 39,000",1,Policy Holder
Yes,Urban,51,"20,000 to 29,000",none,Policy Holder
No,Urban,34,"40,000 to 59,000",more than 4,Policy Holder
No,Urban,48,"20,000 to 29,000",2 to 4,Third Party
No,Urban,41,"less than 20,000",none,Policy Holder
No,Urban,50,"20,000 to 29,000",2 to 4,Policy Holder
Yes,Urban,19,"more than 69,000",none,Policy Holder
No,Urban,45,"more than 69,000",2 to 4,Third Party
No,Urban,0,"more than 69,000",more than 4,Policy Holder
No,Urban,51,"20,000 to 29,000",more than 4,Policy Holder
No,Urban,33,"more than 69,000",1,Third Party
No,Urban,44,"more than 69,000",1,Policy Holder
No,Urban,29,"20,000 to 29,000",2 to 4,Policy Holder
No,Rural,55,"30,000 to 39,000",1,Policy Holder
Yes,Urban,44,"30,000 to 39,000",1,Policy Holder
No,Urban,34,"20,000 to 29,000",2 to 4,Policy Holder
Yes,Rural,42,"20,000 to 29,000",none,Third Party
No,Rural,28,"30,000 to 39,000",none,Policy Holder
No,Urban,31,"20,000 to 29,000",2 to 4,Policy Holder
No,Urban,50,"60,000 to 69,000",none,Policy Holder
No,Urban,42,"20,000 to 29,000",none,Policy Holder
No,Urban,27,"20,000 to 29,000",none,Policy Holder
No,Urban,34,"20,000 to 29,000",1,Third Party
No,Rural,0,"more than 69,000",none,Policy Holder
No,Urban,34,"more than 69,000",none,Policy Holder
No,Urban,31,"20,000 to 29,000",more than 4,Policy Holder
No,Urban,0,"more than 69,000",1,Third Party
No,Urban,0,"more than 69,000",more than 4,Policy Holder
No,Rural,60,"40,000 to 59,000",1,Third Party
No,Urban,51,"20,000 to 29,000",more than 4,Policy Holder
No,Urban,37,"20,000 to 29,000",more than 4,Policy Holder
No,Urban,52,"20,000 to 29,000",none,Policy Holder
No,Urban,23,"20,000 to 29,000",more than 4,Third Party
No,Urban,30,"20,000 to 29,000",none,Policy Holder
No,Urban,27,"more than 69,000",none,Policy Holder
No,Urban,46,"less than 20,000",none,Policy Holder
No,Urban,79,"20,000 to 29,000",1,Policy Holder
No,Urban,54,"20,000 to 29,000",2 to 4,Policy Holder
No,Urban,35,"30,000 to 39,000",more than 4,Policy Holder
No,Urban,30,"20,000 to 29,000",2 to 4,Policy Holder
No,Urban,46,"20,000 to 29,000",1,Policy Holder
No,Urban,36,"20,000 to 29,000",1,Policy Holder
Yes,Urban,44,"20,000 to 29,000",1,Policy Holder
No,Urban,0,"more than 69,000",more than 4,Policy Holder
No,Rural,40,"30,000 to 39,000",none,Third Party
No,Urban,79,"20,000 to 29,000",1,Policy Holder
No,Rural,41,"more than 69,000",2 to 4,Policy Holder
No,Urban,48,"20,000 to 29,000",1,Policy Holder
No,Urban,45,"more than 69,000",2 to 4,Policy Holder
No,Urban,42,"20,000 to 29,000",1,Policy Holder
No,Urban,56,"20,000 to 29,000",none,Policy Holder
No,Urban,43,"20,000 to 29,000",none,Third Party
No,Urban,39,"20,000 to 29,000",2 to 4,Policy Holder
No,Urban,54,"30,000 to 39,000",2 to 4,Policy Holder
No,Urban,47,"20,000 to 29,000",none,Policy Holder
No,Urban,29,"20,000 to 29,000",1,Policy Holder
No,Urban,27,"20,000 to 29,000",1,Policy Holder
No,Urban,42,"more than 69,000",2 to 4,Policy Holder
No,Rural,34,"30,000 to 39,000",2 to 4,Policy Holder
No,Urban,31,"less than 20,000",2 to 4,Policy Holder
No,Urban,52,"20,000 to 29,000",none,Third Party
No,Rural,30,"more than 69,000",more than 4,Policy Holder
No,Urban,26,"30,000 to 39,000",1,Policy Holder
No,Urban,21,"30,000 to 39,000",none,Policy Holder
No,Urban,60,"20,000 to 29,000",1,Policy Holder
No,Urban,26,"20,000 to 29,000",2 to 4,Policy Holder
No,Urban,29,"20,000 to 29,000",none,Policy Holder
Yes,Urban,43,"more than 69,000",1,Third Party
No,Urban,33,"20,000 to 29,000",none,Third Party
No,Urban,25,"20,000 to 29,000",more than 4,Policy Holder
No,Urban,48,"40,000 to 59,000",none,Third Party
No,Urban,41,"20,000 to 29,000",1,Policy Holder
Yes,Urban,32,"30,000 to 39,000",none,Policy Holder
No,Urban,38,"20,000 to 29,000",none,Third Party
Yes,Urban,54,"20,000 to 29,000",2 to 4,Policy Holder
No,Urban,31,"20,000 to 29,000",none,Third Party
No,Urban,45,"more than 69,000",1,Policy Holder
No,Urban,60,"30,000 to 39,000",more than 4,Third Party
No,Urban,46,"20,000 to 29,000",more than 4,Policy Holder
No,Urban,43,"20,000 to 29,000",1,Third Party
No,Urban,35,"more than 69,000",2 to 4,Policy Holder
No,Urban,27,"20,000 to 29,000",none,Policy Holder
No,Urban,44,"30,000 to 39,000",2 to 4,Policy Holder
No,Urban,38,"40,000 to 59,000",1,Third Party
No,Urban,66,"20,000 to 29,000",none,Policy Holder
No,Urban,0,"more than 69,000",2 to 4,Policy Holder
No,Urban,43,"more than 69,000",none,Policy Holder
No,Urban,60,"less than 20,000",1,Policy Holder
No,Urban,28,"more than 69,000",more than 4,Policy Holder
No,Urban,77,"more than 69,000",more than 4,Policy Holder
No,Urban,50,"more than 69,000",none,Policy Holder
No,Urban,36,"30,000 to 39,000",none,Policy Holder
No,Urban,48,"30,000 to 39,000",none,Policy Holder
No,Urban,37,"more than 69,000",none,Policy Holder
No,Urban,28,"20,000 to 29,000",more than 4,Policy Holder
No,Urban,28,"20,000 to 29,000",1,Third Party
No,Urban,39,"20,000 to 29,000",more than 4,Policy Holder
No,Urban,35,"20,000 to 29,000",2 to 4,Third Party
No,Urban,43,"more than 69,000",1,Policy Holder
No,Urban,31,"30,000 to 39,000",1,Policy Holder
No,Urban,53,"20,000 to 29,000",none,Policy Holder
No,Urban,27,"30,000 to 39,000",2 to 4,Policy Holder
No,Urban,50,"more than 69,000",none,Policy Holder
No,Urban,44,"30,000 to 39,000",2 to 4,Policy Holder
No,Urban,30,"20,000 to 29,000",2 to 4,Policy Holder
No,Urban,0,"more than 69,000",2 to 4,Policy Holder
No,Urban,21,"less than 20,000",2 to 4,Third Party
No,Urban,49,"20,000 to 29,000",2 to 4,Policy Holder
No,Urban,42,"30,000 to 39,000",more than 4,Policy Holder
No,Urban,53,"20,000 to 29,000",2 to 4,Policy Holder
No,Urban,38,"20,000 to 29,000",1,Third Party
No,Rural,39,"more than 69,000",1,Policy Holder
No,Rural,0,"more than 69,000",none,Policy Holder
No,Urban,59,"more than 69,000",1,Third Party
No,Urban,43,"20,000 to 29,000",2 to 4,Policy Holder
No,Urban,29,"30,000 to 39,000",2 to 4,Policy Holder
No,Urban,55,"20,000 to 29,000",2 to 4,Policy Holder
No,Urban,37,"20,000 to 29,000",2 to 4,Policy Holder
No,Urban,53,"20,000 to 29,000",2 to 4,Policy Holder
No,Urban,49,"30,000 to 39,000",2 to 4,Policy Holder
No,Urban,26,"30,000 to 39,000",2 to 4,Policy Holder
No,Urban,50,"20,000 to 29,000",none,Policy Holder
No,Urban,41,"20,000 to 29,000",more than 4,Policy Holder
Yes,Urban,34,"20,000 to 29,000",1,Policy Holder
No,Urban,41,"40,000 to 59,000",more than 4,Policy Holder
No,Urban,49,"20,000 to 29,000",none,Policy Holder
No,Urban,59,"20,000 to 29,000",none,Policy Holder
No,Urban,39,"20,000 to 29,000",more than 4,Policy Holder
No,Urban,0,"more than 69,000",none,Policy Holder
No,Urban,31,"20,000 to 29,000",1,Policy Holder
No,Rural,45,"20,000 to 29,000",none,Third Party
No,Urban,36,"20,000 to 29,000",more than 4,Policy Holder
No,Urban,48,"20,000 to 29,000",none,Policy Holder
No,Urban,36,"20,000 to 29,000",none,Policy Holder
No,Urban,29,"30,000 to 39,000",1,Third Party
No,Urban,39,"20,000 to 29,000",none,Third Party
No,Urban,19,"less than 20,000",1,Policy Holder
No,Urban,57,"more than 69,000",none,Third Party
No,Urban,35,"20,000 to 29,000",2 to 4,Third Party
No,Rural,32,"20,000 to 29,000",2 to 4,Third Party
No,Urban,37,"20,000 to 29,000",none,Third Party
No,Urban,0,"more than 69,000",none,Policy Holder
No,Urban,50,"less than 20,000",2 to 4,Policy Holder
No,Urban,52,"20,000 to 29,000",2 to 4,Third Party
No,Urban,31,"more than 69,000",more than 4,Policy Holder
No,Urban,37,"20,000 to 29,000",2 to 4,Policy Holder
Yes,Rural,48,"less than 20,000",2 to 4,Policy Holder
No,Rural,28,"20,000 to 29,000",2 to 4,Policy Holder
No,Urban,29,"20,000 to 29,000",1,Third Party
No,Urban,28,"20,000 to 29,000",1,Policy Holder
No,Urban,48,"30,000 to 39,000",none,Third Party
No,Urban,35,"20,000 to 29,000",none,Policy Holder
No,Urban,58,"20,000 to 29,000",2 to 4,Policy Holder
No,Urban,63,"20,000 to 29,000",more than 4,Policy Holder
No,Urban,37,"30,000 to 39,000",1,Third Party
No,Urban,45,"20,000 to 29,000",1,Third Party
No,Urban,59,"20,000 to 29,000",none,Third Party
No,Urban,48,"20,000 to 29,000",2 to 4,Policy Holder
No,Urban,50,"more than 69,000",none,Policy Holder
No,Urban,30,"20,000 to 29,000",1,Third Party
No,Urban,32,"20,000 to 29,000",more than 4,Policy Holder
No,Urban,52,"20,000 to 29,000",none,Third Party
Yes,Urban,28,"more than 69,000",1,Policy Holder
No,Urban,35,"20,000 to 29,000",2 to 4,Policy Holder
No,Urban,50,"20,000 to 29,000",2 to 4,Policy Holder
No,Urban,34,"20,000 to 29,000",more than 4,Policy Holder
No,Urban,40,"20,000 to 29,000",2 to 4,Policy Holder
No,Urban,38,"30,000 to 39,000",2 to 4,Policy Holder
No,Urban,42,"20,000 to 29,000",2 to 4,Third Party
Yes,Urban,26,"30,000 to 39,000",none,Policy Holder
No,Urban,25,"more than 69,000",none,Third Party
No,Urban,35,"30,000 to 39,000",2 to 4,Policy Holder
No,Urban,55,"less than 20,000",none,Third Party
No,Urban,21,"30,000 to 39,000",more than 4,Third Party
No,Urban,32,"30,000 to 39,000",none,Third Party
No,Urban,38,"20,000 to 29,000",more than 4,Policy Holder
No,Urban,49,"more than 69,000",more than 4,Policy Holder
No,Urban,29,"30,000 to 39,000",1,Policy Holder
No,Urban,68,"30,000 to 39,000",none,Third Party
No,Urban,62,"20,000 to 29,000",1,Third Party
No,Urban,51,"20,000 to 29,000",none,Third Party
No,Urban,40,"more than 69,000",1,Policy Holder
No,Rural,49,"more than 69,000",2 to 4,Policy Holder
No,Urban,43,"20,000 to 29,000",none,Third Party
No,Urban,48,"20,000 to 29,000",none,Policy Holder
Yes,Rural,37,"20,000 to 29,000",1,Policy Holder
No,Urban,48,"20,000 to 29,000",2 to 4,Policy Holder
No,Urban,56,"30,000 to 39,000",2 to 4,Policy Holder
No,Urban,51,"20,000 to 29,000",none,Policy Holder
No,Urban,51,"20,000 to 29,000",2 to 4,Policy Holder
Yes,Urban,27,"40,000 to 59,000",2 to 4,Policy Holder
No,Urban,53,"30,000 to 39,000",none,Third Party
No,Urban,48,"20,000 to 29,000",1,Third Party
No,Urban,33,"20,000 to 29,000",none,Policy Holder
No,Urban,39,"less than 20,000",none,Policy Holder
Yes,Urban,32,"more than 69,000",none,Policy Holder
No,Urban,63,"30,000 to 39,000",more than 4,Policy Holder
No,Urban,38,"more than 69,000",none,Third Party
No,Urban,40,"40,000 to 59,000",none,Third Party
No,Urban,72,"20,000 to 29,000",none,Policy Holder
No,Urban,26,"30,000 to 39,000",none,Policy Holder
No,Urban,37,"30,000 to 39,000",more than 4,Policy Holder
No,Urban,51,"20,000 to 29,000",none,Policy Holder
No,Urban,61,"20,000 to 29,000",none,Third Party
No,Urban,50,"less than 20,000",2 to 4,Third Party
No,Urban,52,"20,000 to 29,000",none,Policy Holder
Yes,Urban,38,"20,000 to 29,000",1,Policy Holder
No,Urban,44,"20,000 to 29,000",1,Policy Holder
No,Rural,54,"20,000 to 29,000",2 to 4,Third Party
Yes,Urban,40,"20,000 to 29,000",none,Policy Holder
No,Urban,42,"20,000 to 29,000",2 to 4,Third Party
No,Rural,40,"20,000 to 29,000",2 to 4,Policy Holder
No,Urban,52,"more than 69,000",more than 4,Policy Holder
No,Urban,30,"20,000 to 29,000",more than 4,Third Party
No,Urban,26,"20,000 to 29,000",2 to 4,Policy Holder
No,Rural,43,"20,000 to 29,000",more than 4,Policy Holder
No,Urban,28,"40,000 to 59,000",none,Third Party
Yes,Urban,53,"20,000 to 29,000",2 to 4,Policy Holder
No,Urban,31,"20,000 to 29,000",none,Policy Holder
No,Urban,46,"30,000 to 39,000",1,Third Party
No,Urban,47,"20,000 to 29,000",1,Policy Holder
No,Rural,74,"20,000 to 29,000",none,Policy Holder
No,Urban,30,"20,000 to 29,000",1,Third Party
No,Urban,28,"20,000 to 29,000",2 to 4,Policy Holder
Yes,Rural,47,"more than 69,000",none,Policy Holder
No,Urban,48,"20,000 to 29,000",1,Policy Holder
No,Urban,51,"30,000 to 39,000",2 to 4,Policy Holder
No,Rural,26,"30,000 to 39,000",2 to 4,Policy Holder
No,Urban,52,"20,000 to 29,000",2 to 4,Policy Holder
No,Urban,63,"20,000 to 29,000",2 to 4,Policy Holder
Yes,Urban,26,"20,000 to 29,000",none,Policy Holder
No,Urban,23,"20,000 to 29,000",2 to 4,Policy Holder
No,Rural,48,"20,000 to 29,000",1,Policy Holder
No,Rural,28,"20,000 to 29,000",1,Policy Holder
No,Urban,46,"20,000 to 29,000",more than 4,Policy Holder
No,Urban,30,"20,000 to 29,000",1,Policy Holder
No,Rural,50,"40,000 to 59,000",more than 4,Policy Holder
No,Urban,40,"20,000 to 29,000",2 to 4,Policy Holder
No,Urban,64,"30,000 to 39,000",2 to 4,Policy Holder
No,Rural,21,"30,000 to 39,000",none,Policy Holder
No,Rural,26,"30,000 to 39,000",2 to 4,Policy Holder
No,Urban,29,"20,000 to 29,000",2 to 4,Policy Holder
No,Urban,45,"30,000 to 39,000",more than 4,Policy Holder
No,Urban,52,"20,000 to 29,000",2 to 4,Policy Holder
No,Urban,45,"20,000 to 29,000",2 to 4,Policy Holder
No,Rural,58,"20,000 to 29,000",none,Policy Holder
No,Urban,30,"more than 69,000",none,Third Party
No,Urban,58,"less than 20,000",2 to 4,Third Party
No,Urban,41,"20,000 to 29,000",none,Policy Holder
No,Urban,32,"20,000 to 29,000",none,Third Party
No,Urban,39,"30,000 to 39,000",1,Third Party
Yes,Urban,38,"more than 69,000",2 to 4,Policy Holder
No,Urban,40,"more than 69,000",1,Policy Holder
Yes,Rural,36,"20,000 to 29,000",more than 4,Policy Holder
No,Urban,51,"20,000 to 29,000",none,Policy Holder
No,Urban,32,"20,000 to 29,000",2 to 4,Policy Holder
No,Urban,45,"20,000 to 29,000",2 to 4,Policy Holder
No,Urban,28,"20,000 to 29,000",none,Policy Holder
No,Urban,21,"30,000 to 39,000",2 to 4,Third Party
No,Urban,53,"30,000 to 39,000",2 to 4,Policy Holder
Yes,Urban,35,"less than 20,000",1,Policy Holder
No,Urban,44,"20,000 to 29,000",2 to 4,Policy Holder
No,Rural,37,"20,000 to 29,000",1,Policy Holder
No,Rural,43,"more than 69,000",2 to 4,Policy Holder
No,Urban,21,"20,000 to 29,000",2 to 4,Policy Holder
No,Urban,26,"20,000 to 29,000",none,Policy Holder
Yes,Urban,51,"40,000 to 59,000",1,Policy Holder
No,Urban,37,"30,000 to 39,000",2 to 4,Policy Holder
No,Urban,37,"more than 69,000",2 to 4,Policy Holder
No,Urban,34,"30,000 to 39,000",1,Policy Holder
No,Urban,30,"20,000 to 29,000",none,Third Party
No,Urban,56,"20,000 to 29,000",none,Policy Holder
No,Urban,21,"20,000 to 29,000",1,Policy Holder
No,Urban,26,"30,000 to 39,000",1,Third Party
No,Urban,38,"30,000 to 39,000",more than 4,Policy Holder
No,Urban,30,"20,000 to 29,000",2 to 4,Third Party
No,Urban,26,"20,000 to 29,000",1,Policy Holder
No,Rural,28,"30,000 to 39,000",none,Third Party
No,Urban,43,"20,000 to 29,000",none,Third Party
No,Urban,32,"20,000 to 29,000",2 to 4,Third Party
No,Urban,36,"20,000 to 29,000",none,Policy Holder
Yes,Urban,27,"more than 69,000",none,Policy Holder
No,Urban,55,"30,000 to 39,000",2 to 4,Policy Holder
No,Urban,45,"20,000 to 29,000",1,Third Party
No,Urban,36,"20,000 to 29,000",none,Third Party
No,Rural,38,"20,000 to 29,000",2 to 4,Third Party
No,Urban,42,"more than 69,000",2 to 4,Policy Holder
No,Urban,41,"30,000 to 39,000",more than 4,Policy Holder
No,Urban,28,"20,000 to 29,000",2 to 4,Policy Holder
No,Urban,34,"20,000 to 29,000",1,Policy Holder
No,Urban,0,"more than 69,000",1,Policy Holder
No,Urban,38,"more than 69,000",more than 4,Policy Holder
No,Urban,48,"20,000 to 29,000",1,Third Party
No,Urban,40,"more than 69,000",2 to 4,Policy Holder
No,Urban,42,"30,000 to 39,000",1,Policy Holder
No,Urban,22,"20,000 to 29,000",1,Third Party
No,Urban,31,"20,000 to 29,000",2 to 4,Policy Holder
No,Urban,43,"30,000 to 39,000",none,Policy Holder
No,Urban,64,"30,000 to 39,000",none,Policy Holder
Yes,Urban,34,"more than 69,000",1,Policy Holder
No,Urban,50,"20,000 to 29,000",more than 4,Policy Holder
No,Urban,47,"30,000 to 39,000",2 to 4,Policy Holder
No,Urban,50,"20,000 to 29,000",2 to 4,Policy Holder
Yes,Urban,38,"more than 69,000",none,Policy Holder
No,Urban,39,"30,000 to 39,000",2 to 4,Third Party
No,Urban,26,"20,000 to 29,000",2 to 4,Policy Holder
No,Urban,35,"20,000 to 29,000",none,Third Party
No,Urban,21,"20,000 to 29,000",1,Policy Holder
No,Urban,46,"20,000 to 29,000",more than 4,Policy Holder
No,Urban,43,"20,000 to 29,000",more than 4,Third Party
No,Urban,54,"less than 20,000",none,Third Party
No,Urban,38,"20,000 to 29,000",none,Third Party
No,Urban,56,"20,000 to 29,000",1,Policy Holder
No,Urban,34,"20,000 to 29,000",2 to 4,Policy Holder
No,Urban,54,"20,000 to 29,000",1,Third Party
No,Urban,34,"20,000 to 29,000",1,Policy Holder
No,Urban,38,"30,000 to 39,000",none,Third Party
No,Urban,27,"20,000 to 29,000",2 to 4,Policy Holder
No,Urban,28,"20,000 to 29,000",more than 4,Policy Holder
No,Rural,39,"30,000 to 39,000",none,Policy Holder
No,Urban,50,"20,000 to 29,000",2 to 4,Policy Holder
No,Urban,54,"20,000 to 29,000",2 to 4,Third Party
No,Urban,37,"30,000 to 39,000",more than 4,Policy Holder
No,Urban,35,"20,000 to 29,000",2 to 4,Policy Holder
No,Urban,30,"less than 20,000",1,Policy Holder
No,Urban,28,"30,000 to 39,000",1,Third Party
No,Urban,26,"30,000 to 39,000",none,Third Party
No,Rural,53,"30,000 to 39,000",1,Policy Holder
No,Urban,63,"20,000 to 29,000",2 to 4,Policy Holder
No,Urban,34,"30,000 to 39,000",2 to 4,Policy Holder
No,Urban,52,"30,000 to 39,000",none,Policy Holder
No,Urban,45,"30,000 to 39,000",1,Policy Holder
No,Urban,35,"30,000 to 39,000",2 to 4,Policy Holder
No,Urban,60,"20,000 to 29,000",none,Third Party
No,Urban,51,"30,000 to 39,000",1,Policy Holder
No,Urban,26,"20,000 to 29,000",more than 4,Third Party
No,Urban,57,"30,000 to 39,000",1,Policy Holder
No,Urban,27,"20,000 to 29,000",2 to 4,Third Party
No,Urban,58,"20,000 to 29,000",2 to 4,Third Party
No,Urban,43,"20,000 to 29,000",more than 4,Policy Holder
No,Urban,51,"30,000 to 39,000",2 to 4,Policy Holder
No,Urban,45,"20,000 to 29,000",2 to 4,Third Party
No,Urban,45,"20,000 to 29,000",2 to 4,Policy Holder
No,Urban,32,"20,000 to 29,000",1,Policy Holder
No,Rural,48,"more than 69,000",none,Third Party
No,Urban,42,"30,000 to 39,000",2 to 4,Policy Holder
No,Urban,31,"20,000 to 29,000",1,Policy Holder
No,Urban,38,"20,000 to 29,000",2 to 4,Policy Holder
No,Urban,38,"more than 69,000",none,Policy Holder
No,Rural,26,"30,000 to 39,000",1,Policy Holder
Yes,Urban,31,"20,000 to 29,000",none,Policy Holder
No,Urban,53,"30,000 to 39,000",2 to 4,Policy Holder
No,Urban,27,"30,000 to 39,000",none,Policy Holder
No,Urban,46,"20,000 to 29,000",more than 4,Policy Holder
No,Urban,50,"30,000 to 39,000",2 to 4,Policy Holder
No,Urban,31,"30,000 to 39,000",2 to 4,Policy Holder
No,Urban,48,"30,000 to 39,000",2 to 4,Policy Holder
No,Urban,48,"30,000 to 39,000",2 to 4,Policy Holder
No,Urban,0,"more than 69,000",2 to 4,Policy Holder
No,Urban,56,"30,000 to 39,000",2 to 4,Policy Holder
No,Rural,36,"30,000 to 39,000",none,Third Party
No,Urban,46,"20,000 to 29,000",2 to 4,Policy Holder
No,Urban,0,"more than 69,000",2 to 4,Policy Holder
No,Urban,44,"20,000 to 29,000",2 to 4,Third Party
No,Urban,38,"20,000 to 29,000",2 to 4,Policy Holder
No,Urban,49,"more than 69,000",1,Policy Holder
No,Urban,28,"20,000 to 29,000",2 to 4,Third Party
No,Urban,45,"20,000 to 29,000",none,Third Party
No,Urban,41,"20,000 to 29,000",none,Third Party
No,Urban,63,"20,000 to 29,000",more than 4,Policy Holder
No,Urban,35,"20,000 to 29,000",1,Third Party
No,Urban,44,"less than 20,000",none,Third Party
No,Rural,47,"40,000 to 59,000",2 to 4,Policy Holder
No,Urban,54,"20,000 to 29,000",2 to 4,Policy Holder
No,Urban,21,"20,000 to 29,000",2 to 4,Policy Holder
No,Urban,35,"30,000 to 39,000",none,Policy Holder
No,Urban,42,"40,000 to 59,000",2 to 4,Third Party
No,Urban,33,"20,000 to 29,000",none,Third Party
No,Urban,29,"20,000 to 29,000",2 to 4,Third Party
No,Urban,0,"more than 69,000",1,Policy Holder
No,Urban,38,"40,000 to 59,000",more than 4,Policy Holder
No,Urban,0,"more than 69,000",2 to 4,Third Party
No,Urban,54,"20,000 to 29,000",none,Third Party
No,Urban,35,"20,000 to 29,000",2 to 4,Policy Holder
No,Urban,47,"20,000 to 29,000",2 to 4,Policy Holder
No,Urban,39,"more than 69,000",none,Third Party
Yes,Rural,35,"30,000 to 39,000",2 to 4,Policy Holder
No,Urban,26,"20,000 to 29,000",1,Policy Holder
No,Urban,53,"more than 69,000",2 to 4,Third Party
No,Urban,57,"20,000 to 29,000",2 to 4,Policy Holder
No,Rural,49,"more than 69,000",none,Policy Holder
No,Urban,39,"20,000 to 29,000",2 to 4,Policy Holder
No,Urban,58,"20,000 to 29,000",2 to 4,Policy Holder
Yes,Rural,46,"30,000 to 39,000",none,Policy Holder
No,Urban,58,"20,000 to 29,000",2 to 4,Policy Holder
No,Urban,38,"20,000 to 29,000",1,Third Party
Yes,Urban,32,"20,000 to 29,000",more than 4,Policy Holder
No,Urban,33,"30,000 to 39,000",2 to 4,Policy Holder
No,Urban,32,"20,000 to 29,000",2 to 4,Policy Holder
No,Urban,29,"30,000 to 39,000",2 to 4,Third Party
Yes,Rural,35,"20,000 to 29,000",1,Policy Holder
No,Urban,46,"20,000 to 29,000",1,Policy Holder
No,Urban,27,"20,000 to 29,000",none,Policy Holder
Yes,Urban,45,"30,000 to 39,000",none,Policy Holder
No,Urban,35,"30,000 to 39,000",1,Third Party
No,Urban,54,"20,000 to 29,000",2 to 4,Policy Holder
No,Urban,35,"20,000 to 29,000",none,Policy Holder
No,Urban,51,"more than 69,000",2 to 4,Policy Holder
No,Urban,34,"20,000 to 29,000",none,Third Party
Yes,Urban,35,"30,000 to 39,000",2 to 4,Policy Holder
Yes,Urban,22,"20,000 to 29,000",1,Policy Holder
No,Urban,39,"less than 20,000",none,Policy Holder
No,Urban,45,"more than 69,000",1,Policy Holder
No,Urban,31,"20,000 to 29,000",2 to 4,Policy Holder
No,Urban,28,"30,000 to 39,000",none,Policy Holder
No,Urban,39,"20,000 to 29,000",none,Policy Holder
No,Urban,31,"30,000 to 39,000",2 to 4,Policy Holder
No,Urban,28,"20,000 to 29,000",2 to 4,Third Party
No,Urban,59,"20,000 to 29,000",none,Policy Holder
No,Urban,22,"20,000 to 29,000",1,Third Party
No,Urban,28,"20,000 to 29,000",more than 4,Policy Holder
No,Urban,34,"20,000 to 29,000",more than 4,Policy Holder
No,Urban,53,"20,000 to 29,000",none,Policy Holder
No,Urban,51,"20,000 to 29,000",2 to 4,Third Party
No,Urban,65,"less than 20,000",1,Policy Holder
No,Urban,51,"20,000 to 29,000",none,Policy Holder
No,Urban,50,"20,000 to 29,000",1,Policy Holder
No,Urban,44,"more than 69,000",more than 4,Policy Holder
No,Urban,60,"more than 69,000",1,Policy Holder
No,Urban,66,"20,000 to 29,000",1,Policy Holder
No,Urban,36,"40,000 to 59,000",more than 4,Policy Holder
No,Urban,75,"20,000 to 29,000",2 to 4,Policy Holder
No,Urban,43,"20,000 to 29,000",1,Third Party
No,Urban,28,"30,000 to 39,000",1,Third Party
No,Urban,28,"30,000 to 39,000",2 to 4,Policy Holder
No,Urban,43,"30,000 to 39,000",2 to 4,Policy Holder
No,Urban,30,"20,000 to 29,000",none,Policy Holder
No,Urban,26,"20,000 to 29,000",1,Policy Holder
No,Urban,45,"20,000 to 29,000",2 to 4,Policy Holder
Yes,Urban,44,"20,000 to 29,000",1,Policy Holder
No,Urban,50,"less than 20,000",none,Third Party
No,Rural,52,"20,000 to 29,000",none,Third Party
No,Urban,52,"30,000 to 39,000",2 to 4,Policy Holder
No,Urban,33,"20,000 to 29,000",2 to 4,Policy Holder
No,Urban,26,"30,000 to 39,000",2 to 4,Third Party
No,Urban,51,"20,000 to 29,000",none,Third Party
No,Urban,53,"20,000 to 29,000",1,Policy Holder
No,Urban,49,"20,000 to 29,000",1,Policy Holder
No,Urban,44,"20,000 to 29,000",2 to 4,Policy Holder
No,Urban,35,"30,000 to 39,000",2 to 4,Third Party
No,Urban,30,"20,000 to 29,000",none,Third Party
No,Urban,47,"more than 69,000",2 to 4,Policy Holder
No,Urban,41,"20,000 to 29,000",more than 4,Policy Holder
No,Rural,41,"30,000 to 39,000",none,Policy Holder
No,Urban,32,"30,000 to 39,000",1,Third Party
Yes,Urban,32,"20,000 to 29,000",none,Policy Holder
No,Urban,22,"30,000 to 39,000",2 to 4,Policy Holder
No,Urban,23,"20,000 to 29,000",2 to 4,Policy Holder
No,Urban,27,"20,000 to 29,000",2 to 4,Third Party
No,Urban,31,"20,000 to 29,000",none,Third Party
No,Urban,30,"20,000 to 29,000",more than 4,Policy Holder
No,Urban,62,"20,000 to 29,000",none,Policy Holder
No,Urban,44,"20,000 to 29,000",1,Policy Holder
No,Urban,38,"20,000 to 29,000",2 to 4,Policy Holder
No,Urban,63,"more than 69,000",2 to 4,Policy Holder
No,Urban,44,"20,000 to 29,000",1,Policy Holder
No,Urban,38,"more than 69,000",none,Third Party
No,Urban,29,"40,000 to 59,000",2 to 4,Policy Holder
No,Urban,21,"less than 20,000",none,Third Party
No,Urban,29,"30,000 to 39,000",1,Policy Holder
No,Urban,39,"20,000 to 29,000",2 to 4,Policy Holder
No,Urban,56,"20,000 to 29,000",2 to 4,Third Party
No,Urban,19,"20,000 to 29,000",none,Third Party
Yes,Urban,35,"20,000 to 29,000",2 to 4,Policy Holder
No,Urban,27,"20,000 to 29,000",more than 4,Third Party
No,Rural,50,"20,000 to 29,000",1,Policy Holder
No,Urban,51,"20,000 to 29,000",1,Third Party
No,Urban,78,"30,000 to 39,000",2 to 4,Third Party
Yes,Urban,36,"30,000 to 39,000",none,Policy Holder
No,Urban,35,"more than 69,000",more than 4,Policy Holder
No,Urban,47,"30,000 to 39,000",2 to 4,Policy Holder
No,Urban,50,"30,000 to 39,000",2 to 4,Third Party
No,Rural,35,"20,000 to 29,000",2 to 4,Policy Holder
No,Urban,39,"30,000 to 39,000",none,Third Party
No,Urban,36,"20,000 to 29,000",none,Policy Holder
No,Urban,29,"20,000 to 29,000",2 to 4,Policy Holder
No,Urban,34,"20,000 to 29,000",2 to 4,Policy Holder
Yes,Urban,32,"less than 20,000",1,Policy Holder
No,Rural,51,"20,000 to 29,000",2 to 4,Policy Holder
Yes,Rural,32,"more than 69,000",none,Policy Holder
No,Urban,30,"20,000 to 29,000",1,Third Party
No,Urban,30,"20,000 to 29,000",1,Third Party
Yes,Urban,31,"20,000 to 29,000",none,Policy Holder
No,Urban,67,"20,000 to 29,000",2 to 4,Policy Holder
No,Urban,17,"more than 69,000",none,Policy Holder
No,Urban,42,"20,000 to 29,000",none,Third Party
No,Urban,35,"20,000 to 29,000",2 to 4,Policy Holder
No,Rural,28,"30,000 to 39,000",more than 4,Third Party
No,Urban,41,"20,000 to 29,000",none,Policy Holder
No,Urban,37,"30,000 to 39,000",2 to 4,Third Party
No,Urban,33,"20,000 to 29,000",2 to 4,Third Party
No,Urban,37,"20,000 to 29,000",2 to 4,Policy Holder
No,Urban,28,"more than 69,000",1,Third Party
No,Urban,43,"20,000 to 29,000",more than 4,Policy Holder
No,Urban,42,"20,000 to 29,000",more than 4,Policy Holder
No,Rural,48,"30,000 to 39,000",2 to 4,Policy Holder
No,Urban,35,"20,000 to 29,000",none,Third Party
No,Urban,64,"30,000 to 39,000",2 to 4,Policy Holder
No,Urban,26,"20,000 to 29,000",1,Policy Holder
No,Urban,33,"30,000 to 39,000",2 to 4,Policy Holder
Yes,Urban,24,"30,000 to 39,000",2 to 4,Policy Holder
No,Urban,52,"more than 69,000",1,Third Party
No,Urban,34,"less than 20,000",1,Policy Holder
No,Urban,55,"more than 69,000",2 to 4,Policy Holder
No,Urban,29,"20,000 to 29,000",2 to 4,Policy Holder
No,Urban,46,"30,000 to 39,000",2 to 4,Policy Holder
No,Urban,29,"20,000 to 29,000",1,Policy Holder
No,Urban,40,"more than 69,000",2 to 4,Policy Holder
No,Urban,59,"20,000 to 29,000",more than 4,Policy Holder
No,Urban,43,"30,000 to 39,000",2 to 4,Third Party
No,Urban,27,"30,000 to 39,000",2 to 4,Policy Holder
No,Urban,29,"20,000 to 29,000",more than 4,Policy Holder
No,Urban,34,"less than 20,000",1,Policy Holder
No,Urban,43,"30,000 to 39,000",1,Policy Holder
No,Urban,38,"20,000 to 29,000",1,Policy Holder
No,Urban,57,"20,000 to 29,000",2 to 4,Third Party
No,Urban,68,"20,000 to 29,000",2 to 4,Policy Holder
No,Urban,42,"20,000 to 29,000",2 to 4,Policy Holder
No,Urban,40,"20,000 to 29,000",more than 4,Policy Holder
No,Urban,41,"30,000 to 39,000",none,Third Party
No,Urban,61,"20,000 to 29,000",none,Policy Holder
No,Urban,37,"20,000 to 29,000",2 to 4,Policy Holder
No,Urban,34,"20,000 to 29,000",1,Policy Holder
No,Urban,33,"20,000 to 29,000",2 to 4,Third Party
No,Rural,39,"20,000 to 29,000",none,Policy Holder
No,Urban,50,"less than 20,000",1,Policy Holder
No,Urban,38,"20,000 to 29,000",none,Policy Holder
No,Urban,45,"30,000 to 39,000",more than 4,Policy Holder
No,Urban,36,"30,000 to 39,000",more than 4,Policy Holder
No,Urban,23,"20,000 to 29,000",1,Policy Holder
No,Urban,24,"20,000 to 29,000",1,Policy Holder
No,Urban,0,"less than 20,000",none,Third Party
No,Urban,31,"20,000 to 29,000",1,Policy Holder
No,Urban,43,"20,000 to 29,000",2 to 4,Third Party
No,Urban,32,"20,000 to 29,000",1,Policy Holder
No,Rural,34,"30,000 to 39,000",2 to 4,Policy Holder
No,Urban,58,"20,000 to 29,000",2 to 4,Policy Holder
No,Urban,59,"more than 69,000",none,Policy Holder
No,Rural,77,"20,000 to 29,000",1,Policy Holder
No,Urban,47,"30,000 to 39,000",more than 4,Third Party
Yes,Urban,39,"30,000 to 39,000",2 to 4,Policy Holder
No,Urban,55,"less than 20,000",none,Third Party
No,Urban,51,"20,000 to 29,000",none,Policy Holder
No,Urban,25,"20,000 to 29,000",1,Third Party
No,Urban,36,"40,000 to 59,000",more than 4,Policy Holder
No,Urban,26,"20,000 to 29,000",2 to 4,Policy Holder
Yes,Urban,41,"20,000 to 29,000",1,Policy Holder
No,Rural,34,"30,000 to 39,000",2 to 4,Third Party
No,Urban,60,"20,000 to 29,000",more than 4,Third Party
No,Urban,52,"20,000 to 29,000",none,Third Party
No,Urban,30,"20,000 to 29,000",2 to 4,Third Party
No,Urban,51,"more than 69,000",more than 4,Policy Holder
No,Urban,30,"30,000 to 39,000",2 to 4,Policy Holder
No,Urban,49,"20,000 to 29,000",2 to 4,Policy Holder
No,Urban,31,"20,000 to 29,000",more than 4,Policy Holder
No,Urban,33,"20,000 to 29,000",more than 4,Policy Holder
No,Urban,30,"30,000 to 39,000",more than 4,Policy Holder
No,Urban,28,"30,000 to 39,000",more than 4,Policy Holder
Yes,Urban,30,"less than 20,000",2 to 4,Policy Holder
No,Urban,32,"20,000 to 29,000",2 to 4,Policy Holder
No,Urban,37,"30,000 to 39,000",2 to 4,Third Party
No,Urban,22,"20,000 to 29,000",1,Policy Holder
No,Urban,42,"more than 69,000",2 to 4,Third Party
No,Urban,29,"30,000 to 39,000",2 to 4,Policy Holder
No,Urban,54,"30,000 to 39,000",none,Policy Holder
Yes,Urban,72,"more than 69,000",2 to 4,Policy Holder
No,Urban,32,"20,000 to 29,000",none,Policy Holder
Yes,Urban,34,"less than 20,000",none,Third Party
No,Urban,34,"20,000 to 29,000",2 to 4,Policy Holder
No,Urban,31,"30,000 to 39,000",2 to 4,Third Party
No,Urban,48,"20,000 to 29,000",1,Policy Holder
No,Urban,40,"less than 20,000",none,Third Party
No,Urban,28,"20,000 to 29,000",more than 4,Policy Holder
No,Urban,36,"30,000 to 39,000",none,Third Party
No,Urban,34,"20,000 to 29,000",none,Policy Holder
No,Urban,50,"30,000 to 39,000",1,Policy Holder
No,Urban,41,"20,000 to 29,000",2 to 4,Third Party
No,Urban,40,"20,000 to 29,000",2 to 4,Policy Holder
No,Urban,45,"20,000 to 29,000",none,Policy Holder
No,Urban,28,"30,000 to 39,000",more than 4,Policy Holder
No,Urban,45,"30,000 to 39,000",none,Policy Holder
No,Urban,35,"30,000 to 39,000",2 to 4,Policy Holder
No,Urban,49,"30,000 to 39,000",2 to 4,Policy Holder
No,Urban,64,"30,000 to 39,000",more than 4,Policy Holder
No,Urban,40,"30,000 to 39,000",1,Third Party
No,Urban,36,"20,000 to 29,000",2 to 4,Third Party
No,Urban,28,"20,000 to 29,000",2 to 4,Policy Holder
No,Urban,44,"20,000 to 29,000",2 to 4,Policy Holder
No,Urban,35,"20,000 to 29,000",2 to 4,Third Party
No,Urban,32,"20,000 to 29,000",2 to 4,Policy Holder
No,Urban,50,"30,000 to 39,000",none,Policy Holder
No,Urban,24,"20,000 to 29,000",none,Policy Holder
No,Urban,42,"30,000 to 39,000",2 to 4,Third Party
No,Urban,48,"more than 69,000",more than 4,Policy Holder
No,Urban,35,"more than 69,000",2 to 4,Policy Holder
No,Urban,55,"30,000 to 39,000",2 to 4,Policy Holder
No,Urban,25,"20,000 to 29,000",more than 4,Third Party
No,Urban,63,"more than 69,000",more than 4,Policy Holder
Yes,Urban,58,"20,000 to 29,000",none,Policy Holder
No,Urban,30,"20,000 to 29,000",2 to 4,Third Party
No,Urban,35,"more than 69,000",none,Third Party
Yes,Urban,38,"30,000 to 39,000",1,Policy Holder
No,Rural,56,"20,000 to 29,000",none,Policy Holder
No,Urban,29,"30,000 to 39,000",1,Policy Holder
No,Urban,65,"more than 69,000",none,Policy Holder
No,Urban,35,"less than 20,000",1,Third Party
No,Urban,30,"30,000 to 39,000",2 to 4,Third Party
No,Rural,32,"30,000 to 39,000",more than 4,Policy Holder
No,Urban,27,"20,000 to 29,000",2 to 4,Third Party
No,Urban,34,"20,000 to 29,000",2 to 4,Policy Holder
Yes,Urban,32,"20,000 to 29,000",1,Policy Holder
No,Urban,35,"less than 20,000",none,Third Party
No,Urban,26,"20,000 to 29,000",2 to 4,Third Party
No,Urban,25,"20,000 to 29,000",1,Policy Holder
No,Urban,34,"20,000 to 29,000",none,Policy Holder
No,Urban,42,"20,000 to 29,000",none,Policy Holder
Yes,Urban,40,"30,000 to 39,000",2 to 4,Policy Holder
Yes,Urban,62,"20,000 to 29,000",1,Policy Holder
No,Urban,30,"20,000 to 29,000",more than 4,Policy Holder
No,Urban,60,"30,000 to 39,000",none,Policy Holder
No,Urban,41,"20,000 to 29,000",1,Policy Holder
No,Urban,56,"20,000 to 29,000",more than 4,Policy Holder
No,Rural,32,"20,000 to 29,000",none,Policy Holder
No,Urban,29,"20,000 to 29,000",2 to 4,Third Party
No,Urban,43,"more than 69,000",1,Third Party
No,Urban,51,"20,000 to 29,000",1,Policy Holder
No,Urban,42,"20,000 to 29,000",more than 4,Policy Holder
No,Urban,28,"30,000 to 39,000",2 to 4,Policy Holder
No,Urban,47,"30,000 to 39,000",2 to 4,Policy Holder
No,Urban,61,"more than 69,000",1,Policy Holder
No,Rural,59,"20,000 to 29,000",none,Third Party
Yes,Urban,35,"less than 20,000",none,Policy Holder
No,Urban,30,"20,000 to 29,000",1,Policy Holder
No,Urban,34,"20,000 to 29,000",2 to 4,Policy Holder
No,Urban,55,"30,000 to 39,000",2 to 4,Policy Holder
No,Urban,26,"20,000 to 29,000",more than 4,Policy Holder
No,Urban,0,"more than 69,000",none,Policy Holder
No,Urban,35,"30,000 to 39,000",1,Policy Holder
No,Urban,45,"30,000 to 39,000",2 to 4,Policy Holder
No,Urban,28,"20,000 to 29,000",more than 4,Policy Holder
No,Urban,21,"30,000 to 39,000",1,Policy Holder
No,Urban,63,"20,000 to 29,000",none,Policy Holder
Yes,Urban,46,"30,000 to 39,000",2 to 4,Policy Holder
No,Urban,45,"40,000 to 59,000",none,Policy Holder
No,Urban,51,"30,000 to 39,000",2 to 4,Policy Holder
No,Urban,43,"20,000 to 29,000",2 to 4,Policy Holder
No,Urban,35,"20,000 to 29,000",more than 4,Policy Holder
No,Urban,45,"20,000 to 29,000",none,Policy Holder
No,Rural,27,"20,000 to 29,000",1,Policy Holder
No,Urban,43,"40,000 to 59,000",more than 4,Policy Holder
No,Urban,76,"20,000 to 29,000",none,Policy Holder
No,Urban,25,"30,000 to 39,000",none,Third Party
No,Urban,44,"more than 69,000",2 to 4,Policy Holder
No,Urban,33,"30,000 to 39,000",2 to 4,Policy Holder
No,Urban,59,"20,000 to 29,000",2 to 4,Policy Holder
No,Urban,35,"20,000 to 29,000",none,Third Party
No,Urban,71,"more than 69,000",2 to 4,Third Party
No,Urban,22,"20,000 to 29,000",1,Third Party
No,Urban,30,"30,000 to 39,000",2 to 4,Policy Holder
No,Urban,28,"20,000 to 29,000",none,Policy Holder
No,Urban,36,"30,000 to 39,000",more than 4,Third Party
No,Urban,24,"20,000 to 29,000",1,Policy Holder
No,Urban,26,"20,000 to 29,000",none,Third Party
No,Urban,31,"20,000 to 29,000",none,Policy Holder
No,Urban,37,"30,000 to 39,000",none,Policy Holder
No,Urban,47,"20,000 to 29,000",2 to 4,Policy Holder
No,Urban,33,"more than 69,000",none,Third Party
No,Urban,48,"30,000 to 39,000",none,Policy Holder
No,Urban,31,"30,000 to 39,000",2 to 4,Policy Holder
Yes,Urban,35,"20,000 to 29,000",1,Policy Holder
No,Urban,27,"20,000 to 29,000",2 to 4,Policy Holder
No,Urban,33,"20,000 to 29,000",none,Third Party
No,Urban,26,"20,000 to 29,000",2 to 4,Policy Holder
No,Urban,37,"20,000 to 29,000",1,Policy Holder
No,Urban,51,"more than 69,000",1,Policy Holder
No,Urban,33,"20,000 to 29,000",1,Policy Holder
No,Urban,36,"20,000 to 29,000",none,Policy Holder
No,Rural,0,"more than 69,000",1,Policy Holder
No,Urban,30,"30,000 to 39,000",2 to 4,Policy Holder
Yes,Rural,30,"more than 69,000",none,Policy Holder
No,Urban,35,"30,000 to 39,000",none,Third Party
Yes,Urban,19,"more than 69,000",none,Policy Holder
No,Urban,23,"20,000 to 29,000",2 to 4,Third Party
No,Urban,44,"more than 69,000",2 to 4,Third Party
Yes,Urban,32,"20,000 to 29,000",1,Policy Holder
No,Urban,33,"30,000 to 39,000",2 to 4,Third Party
No,Urban,45,"20,000 to 29,000",more than 4,Policy Holder
No,Rural,63,"20,000 to 29,000",1,Third Party
No,Urban,42,"30,000 to 39,000",2 to 4,Policy Holder
Yes,Urban,46,"30,000 to 39,000",more than 4,Policy Holder
No,Urban,23,"more than 69,000",2 to 4,Policy Holder
No,Urban,28,"20,000 to 29,000",2 to 4,Policy Holder
No,Rural,37,"20,000 to 29,000",none,Policy Holder
No,Urban,40,"20,000 to 29,000",1,Third Party
No,Urban,33,"30,000 to 39,000",none,Policy Holder
No,Urban,34,"30,000 to 39,000",2 to 4,Policy Holder
No,Rural,25,"20,000 to 29,000",1,Policy Holder
No,Urban,47,"20,000 to 29,000",none,Policy Holder
No,Urban,47,"more than 69,000",2 to 4,Policy Holder
No,Urban,34,"less than 20,000",none,Policy Holder
No,Urban,43,"30,000 to 39,000",more than 4,Policy Holder
No,Urban,30,"20,000 to 29,000",more than 4,Third Party
No,Rural,55,"more than 69,000",2 to 4,Policy Holder
No,Urban,29,"20,000 to 29,000",1,Third Party
No,Urban,51,"30,000 to 39,000",1,Third Party
No,Urban,44,"20,000 to 29,000",1,Third Party
No,Rural,75,"40,000 to 59,000",more than 4,Policy Holder
No,Urban,40,"20,000 to 29,000",2 to 4,Policy Holder
No,Urban,24,"30,000 to 39,000",2 to 4,Third Party
No,Urban,42,"20,000 to 29,000",1,Policy Holder
No,Urban,52,"30,000 to 39,000",2 to 4,Policy Holder
No,Urban,27,"20,000 to 29,000",none,Policy Holder
No,Urban,51,"30,000 to 39,000",2 to 4,Policy Holder
No,Urban,51,"20,000 to 29,000",1,Policy Holder
No,Urban,41,"20,000 to 29,000",2 to 4,Policy Holder
No,Urban,34,"20,000 to 29,000",none,Policy Holder
No,Urban,35,"20,000 to 29,000",more than 4,Policy Holder
No,Urban,44,"20,000 to 29,000",1,Policy Holder
No,Urban,73,"20,000 to 29,000",2 to 4,Policy Holder
No,Urban,50,"20,000 to 29,000",1,Policy Holder
No,Rural,66,"30,000 to 39,000",1,Policy Holder
No,Urban,43,"20,000 to 29,000",2 to 4,Policy Holder
No,Urban,38,"20,000 to 29,000",none,Policy Holder
No,Urban,35,"20,000 to 29,000",1,Policy Holder
No,Urban,23,"20,000 to 29,000",none,Third Party
No,Rural,43,"20,000 to 29,000",1,Policy Holder
No,Rural,51,"20,000 to 29,000",2 to 4,Policy Holder
No,Urban,23,"20,000 to 29,000",2 to 4,Third Party
No,Urban,28,"20,000 to 29,000",2 to 4,Policy Holder
No,Rural,41,"30,000 to 39,000",none,Policy Holder
No,Urban,45,"20,000 to 29,000",2 to 4,Policy Holder
No,Urban,30,"30,000 to 39,000",more than 4,Policy Holder
Yes,Urban,57,"30,000 to 39,000",2 to 4,Policy Holder
Yes,Urban,52,"less than 20,000",none,Policy Holder
No,Urban,23,"20,000 to 29,000",2 to 4,Policy Holder
No,Urban,40,"20,000 to 29,000",none,Policy Holder
Yes,Rural,42,"less than 20,000",none,Policy Holder
No,Urban,30,"20,000 to 29,000",none,Policy Holder
No,Urban,30,"30,000 to 39,000",2 to 4,Policy Holder
No,Urban,47,"30,000 to 39,000",none,Third Party
No,Urban,51,"30,000 to 39,000",2 to 4,Third Party
No,Urban,41,"20,000 to 29,000",more than 4,Policy Holder
No,Urban,34,"30,000 to 39,000",1,Third Party
No,Urban,39,"20,000 to 29,000",more than 4,Policy Holder
No,Urban,44,"30,000 to 39,000",1,Policy Holder
No,Urban,26,"more than 69,000",none,Policy Holder
Yes,Urban,27,"20,000 to 29,000",2 to 4,Policy Holder
No,Urban,71,"40,000 to 59,000",none,Policy Holder
No,Urban,53,"30,000 to 39,000",1,Policy Holder
No,Urban,24,"more than 69,000",2 to 4,Third Party
No,Urban,31,"30,000 to 39,000",1,Policy Holder
No,Rural,44,"30,000 to 39,000",none,Third Party
No,Urban,43,"20,000 to 29,000",none,Policy Holder
No,Urban,35,"20,000 to 29,000",none,Third Party
No,Urban,28,"20,000 to 29,000",none,Third Party
No,Urban,48,"30,000 to 39,000",2 to 4,Policy Holder
No,Urban,27,"more than 69,000",none,Third Party
No,Urban,62,"more than 69,000",more than 4,Policy Holder
No,Rural,37,"30,000 to 39,000",none,Policy Holder
No,Urban,56,"30,000 to 39,000",2 to 4,Policy Holder
No,Urban,28,"20,000 to 29,000",more than 4,Policy Holder
No,Urban,41,"more than 69,000",1,Policy Holder
No,Rural,30,"30,000 to 39,000",2 to 4,Policy Holder
No,Urban,57,"20,000 to 29,000",none,Policy Holder
No,Urban,42,"30,000 to 39,000",more than 4,Third Party
No,Urban,75,"less than 20,000",none,Policy Holder
No,Urban,56,"more than 69,000",none,Policy Holder
No,Urban,34,"more than 69,000",more than 4,Policy Holder
No,Urban,65,"20,000 to 29,000",none,Third Party
No,Urban,61,"less than 20,000",none,Policy Holder
No,Urban,54,"20,000 to 29,000",more than 4,Policy Holder
No,Urban,55,"40,000 to 59,000",1,Policy Holder
No,Urban,47,"more than 69,000",more than 4,Policy Holder
No,Urban,43,"more than 69,000",more than 4,Policy Holder
Yes,Urban,31,"30,000 to 39,000",none,Policy Holder
No,Urban,41,"more than 69,000",more than 4,Policy Holder
No,Urban,0,"more than 69,000",none,Policy Holder
No,Urban,30,"20,000 to 29,000",more than 4,Policy Holder
No,Urban,28,"30,000 to 39,000",2 to 4,Policy Holder
No,Rural,0,"more than 69,000",none,Policy Holder
No,Urban,44,"20,000 to 29,000",2 to 4,Policy Holder
No,Urban,47,"20,000 to 29,000",1,Third Party
No,Urban,29,"20,000 to 29,000",2 to 4,Policy Holder
No,Urban,62,"less than 20,000",none,Third Party
No,Urban,32,"20,000 to 29,000",2 to 4,Third Party
No,Urban,76,"20,000 to 29,000",2 to 4,Third Party
No,Urban,27,"20,000 to 29,000",2 to 4,Third Party
No,Urban,39,"20,000 to 29,000",none,Third Party
No,Urban,45,"30,000 to 39,000",1,Policy Holder
Yes,Urban,33,"less than 20,000",none,Policy Holder
Yes,Urban,41,"20,000 to 29,000",1,Policy Holder
No,Rural,80,"20,000 to 29,000",2 to 4,Policy Holder
No,Urban,23,"20,000 to 29,000",2 to 4,Policy Holder
No,Urban,49,"30,000 to 39,000",1,Third Party
No,Urban,36,"20,000 to 29,000",none,Third Party
Yes,Urban,45,"less than 20,000",none,Policy Holder
No,Urban,53,"20,000 to 29,000",1,Third Party
No,Urban,38,"20,000 to 29,000",none,Policy Holder
No,Urban,37,"30,000 to 39,000",none,Policy Holder
No,Urban,29,"20,000 to 29,000",none,Policy Holder
No,Urban,23,"less than 20,000",none,Policy Holder
No,Urban,36,"20,000 to 29,000",none,Third Party
No,Urban,27,"30,000 to 39,000",2 to 4,Third Party
No,Urban,44,"20,000 to 29,000",none,Policy Holder
No,Urban,31,"20,000 to 29,000",2 to 4,Third Party
No,Urban,30,"30,000 to 39,000",more than 4,Policy Holder
No,Urban,50,"20,000 to 29,000",more than 4,Third Party
Yes,Urban,39,"30,000 to 39,000",2 to 4,Policy Holder
Yes,Urban,33,"20,000 to 29,000",none,Policy Holder
No,Urban,28,"more than 69,000",none,Third Party
No,Urban,49,"30,000 to 39,000",none,Policy Holder
Yes,Urban,22,"20,000 to 29,000",2 to 4,Policy Holder
No,Urban,46,"30,000 to 39,000",2 to 4,Policy Holder
No,Urban,44,"more than 69,000",1,Policy Holder
No,Urban,36,"20,000 to 29,000",none,Third Party
No,Urban,29,"30,000 to 39,000",2 to 4,Third Party
No,Urban,52,"more than 69,000",none,Third Party
No,Urban,41,"more than 69,000",more than 4,Policy Holder
No,Urban,39,"20,000 to 29,000",more than 4,Policy Holder
No,Urban,26,"30,000 to 39,000",2 to 4,Policy Holder
Yes,Urban,31,"20,000 to 29,000",more than 4,Policy Holder
No,Rural,26,"30,000 to 39,000",none,Policy Holder
No,Urban,27,"30,000 to 39,000",more than 4,Third Party
No,Urban,36,"20,000 to 29,000",2 to 4,Policy Holder
No,Urban,34,"20,000 to 29,000",2 to 4,Policy Holder
No,Urban,32,"30,000 to 39,000",2 to 4,Policy Holder
No,Urban,46,"20,000 to 29,000",2 to 4,Policy Holder
No,Urban,52,"20,000 to 29,000",2 to 4,Policy Holder
No,Urban,28,"20,000 to 29,000",2 to 4,Policy Holder
No,Urban,21,"20,000 to 29,000",1,Policy Holder
Yes,Urban,31,"20,000 to 29,000",none,Policy Holder
No,Urban,51,"more than 69,000",2 to 4,Policy Holder
No,Urban,50,"20,000 to 29,000",more than 4,Third Party
No,Urban,46,"less than 20,000",1,Policy Holder
No,Urban,30,"less than 20,000",none,Policy Holder
No,Urban,50,"20,000 to 29,000",more than 4,Third Party
No,Urban,24,"30,000 to 39,000",none,Policy Holder
No,Rural,23,"20,000 to 29,000",1,Policy Holder
No,Urban,37,"20,000 to 29,000",none,Policy Holder
No,Urban,41,"30,000 to 39,000",2 to 4,Policy Holder
No,Urban,45,"30,000 to 39,000",none,Policy Holder
No,Urban,31,"20,000 to 29,000",2 to 4,Policy Holder
No,Urban,30,"20,000 to 29,000",2 to 4,Policy Holder
No,Urban,27,"20,000 to 29,000",1,Policy Holder
No,Urban,31,"20,000 to 29,000",2 to 4,Policy Holder
No,Urban,68,"20,000 to 29,000",more than 4,Policy Holder
No,Urban,37,"30,000 to 39,000",2 to 4,Policy Holder
Yes,Urban,42,"less than 20,000",none,Policy Holder
No,Urban,42,"20,000 to 29,000",2 to 4,Policy Holder
No,Urban,66,"less than 20,000",none,Policy Holder
Yes,Urban,21,"20,000 to 29,000",2 to 4,Policy Holder
Yes,Rural,18,"more than 69,000",none,Policy Holder
No,Urban,70,"20,000 to 29,000",1,Policy Holder
No,Urban,75,"20,000 to 29,000",1,Policy Holder
No,Urban,55,"20,000 to 29,000",1,Policy Holder
No,Urban,36,"40,000 to 59,000",2 to 4,Policy Holder
No,Urban,37,"30,000 to 39,000",none,Third Party
No,Urban,45,"30,000 to 39,000",more than 4,Third Party
Yes,Urban,35,"30,000 to 39,000",1,Policy Holder
No,Rural,66,"20,000 to 29,000",1,Third Party
No,Urban,64,"30,000 to 39,000",none,Third Party
No,Urban,45,"20,000 to 29,000",more than 4,Policy Holder
No,Urban,33,"20,000 to 29,000",2 to 4,Policy Holder
No,Urban,63,"less than 20,000",none,Policy Holder
No,Urban,36,"20,000 to 29,000",2 to 4,Policy Holder
No,Urban,37,"20,000 to 29,000",2 to 4,Third Party
No,Urban,43,"30,000 to 39,000",1,Third Party
No,Urban,52,"more than 69,000",none,Policy Holder
No,Urban,45,"20,000 to 29,000",1,Policy Holder
No,Urban,38,"20,000 to 29,000",1,Policy Holder
No,Urban,27,"30,000 to 39,000",2 to 4,Third Party
No,Urban,75,"20,000 to 29,000",1,Third Party
No,Urban,48,"20,000 to 29,000",more than 4,Policy Holder
Yes,Urban,39,"20,000 to 29,000",2 to 4,Third Party
No,Urban,36,"20,000 to 29,000",none,Policy Holder
No,Urban,36,"20,000 to 29,000",1,Policy Holder
No,Urban,35,"20,000 to 29,000",none,Policy Holder
No,Urban,30,"20,000 to 29,000",more than 4,Policy Holder
No,Urban,40,"more than 69,000",more than 4,Policy Holder
Yes,Rural,17,"more than 69,000",none,Policy Holder
No,Urban,58,"30,000 to 39,000",1,Third Party
No,Urban,0,"more than 69,000",2 to 4,Third Party
No,Urban,59,"20,000 to 29,000",more than 4,Policy Holder
No,Urban,56,"20,000 to 29,000",2 to 4,Policy Holder
No,Urban,39,"30,000 to 39,000",more than 4,Policy Holder
Yes,Urban,40,"20,000 to 29,000",2 to 4,Policy Holder
Yes,Urban,53,"20,000 to 29,000",1,Policy Holder
No,Urban,45,"30,000 to 39,000",none,Third Party
No,Urban,39,"20,000 to 29,000",none,Policy Holder
No,Urban,48,"30,000 to 39,000",none,Third Party
No,Urban,40,"more than 69,000",2 to 4,Policy Holder
No,Urban,51,"20,000 to 29,000",2 to 4,Policy Holder
No,Urban,54,"20,000 to 29,000",2 to 4,Third Party
No,Urban,69,"20,000 to 29,000",2 to 4,Policy Holder
No,Rural,29,"30,000 to 39,000",1,Third Party
No,Urban,60,"30,000 to 39,000",1,Policy Holder
No,Urban,51,"20,000 to 29,000",none,Policy Holder
No,Rural,30,"20,000 to 29,000",2 to 4,Policy Holder
No,Urban,23,"20,000 to 29,000",2 to 4,Third Party
No,Urban,74,"60,000 to 69,000",none,Policy Holder
No,Urban,44,"less than 20,000",1,Policy Holder
No,Urban,33,"20,000 to 29,000",none,Third Party
No,Urban,37,"30,000 to 39,000",1,Policy Holder
No,Urban,47,"20,000 to 29,000",2 to 4,Third Party
No,Urban,40,"less than 20,000",2 to 4,Policy Holder
No,Urban,49,"30,000 to 39,000",2 to 4,Policy Holder
No,Urban,61,"20,000 to 29,000",more than 4,Third Party
No,Urban,34,"less than 20,000",none,Policy Holder
No,Urban,27,"20,000 to 29,000",1,Policy Holder
Yes,Urban,28,"more than 69,000",1,Policy Holder
No,Urban,30,"20,000 to 29,000",2 to 4,Policy Holder
No,Urban,30,"20,000 to 29,000",2 to 4,Policy Holder
No,Urban,70,"20,000 to 29,000",2 to 4,Policy Holder
No,Urban,30,"less than 20,000",1,Third Party
No,Urban,31,"20,000 to 29,000",more than 4,Policy Holder
No,Urban,45,"more than 69,000",none,Third Party
No,Urban,29,"20,000 to 29,000",1,Policy Holder
No,Urban,26,"30,000 to 39,000",none,Policy Holder
No,Urban,47,"20,000 to 29,000",2 to 4,Third Party
No,Urban,60,"30,000 to 39,000",1,Third Party
No,Rural,31,"30,000 to 39,000",1,Policy Holder
No,Rural,35,"20,000 to 29,000",none,Policy Holder
No,Urban,53,"20,000 to 29,000",none,Policy Holder
No,Urban,34,"20,000 to 29,000",2 to 4,Policy Holder
No,Rural,39,"30,000 to 39,000",more than 4,Policy Holder
No,Urban,0,"more than 69,000",2 to 4,Policy Holder
No,Urban,35,"more than 69,000",1,Policy Holder
No,Urban,53,"20,000 to 29,000",2 to 4,Policy Holder
No,Urban,39,"less than 20,000",2 to 4,Policy Holder
No,Urban,40,"30,000 to 39,000",more than 4,Policy Holder
No,Urban,37,"20,000 to 29,000",1,Third Party
No,Urban,39,"20,000 to 29,000",2 to 4,Policy Holder
No,Urban,44,"30,000 to 39,000",1,Policy Holder
No,Urban,30,"less than 20,000",2 to 4,Third Party
No,Urban,57,"30,000 to 39,000",2 to 4,Policy Holder
No,Urban,60,"30,000 to 39,000",more than 4,Policy Holder
No,Rural,42,"30,000 to 39,000",none,Policy Holder
No,Urban,41,"30,000 to 39,000",more than 4,Policy Holder
No,Urban,38,"40,000 to 59,000",none,Third Party
No,Urban,79,"more than 69,000",1,Policy Holder
No,Urban,43,"20,000 to 29,000",2 to 4,Third Party
No,Urban,40,"40,000 to 59,000",1,Policy Holder
No,Urban,59,"60,000 to 69,000",none,Third Party
No,Urban,34,"more than 69,000",more than 4,Policy Holder
No,Rural,26,"less than 20,000",none,Policy Holder
No,Urban,45,"more than 69,000",none,Third Party
No,Urban,31,"30,000 to 39,000",none,Third Party
No,Urban,34,"20,000 to 29,000",2 to 4,Policy Holder
No,Urban,25,"20,000 to 29,000",2 to 4,Policy Holder
No,Urban,32,"30,000 to 39,000",2 to 4,Policy Holder
No,Urban,30,"20,000 to 29,000",2 to 4,Policy Holder
No,Urban,49,"30,000 to 39,000",2 to 4,Policy Holder
No,Urban,35,"20,000 to 29,000",2 to 4,Third Party
No,Urban,37,"more than 69,000",2 to 4,Policy Holder
No,Urban,76,"30,000 to 39,000",more than 4,Policy Holder
No,Urban,33,"20,000 to 29,000",none,Policy Holder
No,Urban,27,"30,000 to 39,000",none,Policy Holder
No,Urban,30,"more than 69,000",2 to 4,Third Party
No,Urban,31,"20,000 to 29,000",2 to 4,Policy Holder
No,Urban,38,"20,000 to 29,000",more than 4,Policy Holder
No,Urban,33,"20,000 to 29,000",2 to 4,Policy Holder
No,Urban,32,"20,000 to 29,000",2 to 4,Policy Holder
No,Urban,28,"less than 20,000",1,Third Party
No,Urban,28,"30,000 to 39,000",more than 4,Policy Holder
No,Urban,38,"20,000 to 29,000",2 to 4,Policy Holder
No,Urban,18,"20,000 to 29,000",none,Policy Holder
No,Urban,54,"less than 20,000",none,Policy Holder
No,Urban,35,"less than 20,000",1,Third Party
No,Urban,63,"30,000 to 39,000",1,Policy Holder
No,Urban,57,"20,000 to 29,000",2 to 4,Policy Holder
Yes,Rural,31,"20,000 to 29,000",1,Policy Holder
No,Urban,37,"40,000 to 59,000",none,Policy Holder
No,Urban,52,"20,000 to 29,000",none,Policy Holder
No,Urban,28,"less than 20,000",2 to 4,Third Party
No,Urban,63,"less than 20,000",none,Policy Holder
No,Urban,29,"30,000 to 39,000",2 to 4,Policy Holder
No,Urban,65,"20,000 to 29,000",2 to 4,Third Party
No,Urban,59,"20,000 to 29,000",more than 4,Policy Holder
No,Urban,46,"more than 69,000",more than 4,Third Party
No,Rural,56,"20,000 to 29,000",2 to 4,Policy Holder
Yes,Urban,72,"20,000 to 29,000",none,Policy Holder
No,Urban,39,"30,000 to 39,000",1,Policy Holder
No,Urban,61,"30,000 to 39,000",none,Policy Holder
No,Urban,46,"30,000 to 39,000",2 to 4,Policy Holder
No,Urban,44,"20,000 to 29,000",more than 4,Policy Holder
No,Rural,47,"40,000 to 59,000",none,Policy Holder
No,Urban,22,"20,000 to 29,000",none,Third Party
No,Urban,36,"20,000 to 29,000",none,Policy Holder
No,Urban,56,"30,000 to 39,000",none,Policy Holder
No,Urban,62,"more than 69,000",2 to 4,Third Party
No,Urban,32,"30,000 to 39,000",1,Policy Holder
No,Urban,39,"30,000 to 39,000",1,Third Party
No,Urban,58,"30,000 to 39,000",2 to 4,Policy Holder
No,Urban,39,"20,000 to 29,000",none,Third Party
No,Urban,31,"20,000 to 29,000",2 to 4,Policy Holder
Yes,Urban,50,"30,000 to 39,000",2 to 4,Policy Holder
No,Urban,54,"20,000 to 29,000",1,Policy Holder
No,Urban,37,"20,000 to 29,000",2 to 4,Policy Holder
No,Urban,64,"20,000 to 29,000",1,Policy Holder
No,Urban,21,"20,000 to 29,000",2 to 4,Policy Holder
No,Urban,45,"20,000 to 29,000",1,Policy Holder
No,Urban,28,"30,000 to 39,000",1,Policy Holder
Yes,Urban,37,"20,000 to 29,000",none,Policy Holder
No,Rural,27,"20,000 to 29,000",1,Policy Holder
No,Urban,70,"30,000 to 39,000",2 to 4,Policy Holder
No,Urban,36,"30,000 to 39,000",2 to 4,Policy Holder
No,Urban,42,"20,000 to 29,000",more than 4,Third Party
No,Urban,21,"more than 69,000",none,Third Party
No,Urban,41,"30,000 to 39,000",none,Policy Holder
No,Urban,27,"20,000 to 29,000",more than 4,Policy Holder
No,Urban,27,"20,000 to 29,000",more than 4,Policy Holder
No,Urban,38,"more than 69,000",1,Third Party
No,Urban,35,"more than 69,000",more than 4,Third Party
No,Urban,29,"40,000 to 59,000",2 to 4,Policy Holder
No,Urban,64,"30,000 to 39,000",2 to 4,Policy Holder
No,Urban,28,"20,000 to 29,000",more than 4,Policy Holder
No,Urban,41,"more than 69,000",none,Policy Holder
No,Urban,30,"20,000 to 29,000",2 to 4,Policy Holder
No,Urban,32,"more than 69,000",none,Policy Holder
No,Urban,54,"30,000 to 39,000",2 to 4,Policy Holder
No,Urban,40,"20,000 to 29,000",none,Third Party
No,Urban,21,"20,000 to 29,000",none,Policy Holder
No,Urban,45,"30,000 to 39,000",more than 4,Policy Holder
No,Urban,37,"more than 69,000",none,Third Party
No,Rural,33,"30,000 to 39,000",1,Policy Holder
No,Urban,25,"20,000 to 29,000",more than 4,Policy Holder
No,Urban,27,"less than 20,000",1,Policy Holder
No,Urban,29,"30,000 to 39,000",none,Policy Holder
No,Urban,31,"20,000 to 29,000",1,Policy Holder
No,Urban,42,"30,000 to 39,000",more than 4,Third Party
No,Urban,50,"30,000 to 39,000",1,Policy Holder
No,Urban,38,"less than 20,000",none,Policy Holder
Yes,Urban,35,"less than 20,000",1,Policy Holder
Yes,Rural,27,"20,000 to 29,000",none,Policy Holder
No,Rural,57,"40,000 to 59,000",2 to 4,Policy Holder
No,Urban,32,"30,000 to 39,000",2 to 4,Policy Holder
No,Urban,34,"20,000 to 29,000",more than 4,Policy Holder
No,Urban,61,"20,000 to 29,000",2 to 4,Policy Holder
No,Urban,52,"more than 69,000",1,Policy Holder
No,Urban,32,"20,000 to 29,000",2 to 4,Policy Holder
No,Urban,55,"more than 69,000",more than 4,Third Party
No,Urban,26,"20,000 to 29,000",1,Policy Holder
No,Urban,29,"20,000 to 29,000",1,Policy Holder
No,Urban,35,"more than 69,000",2 to 4,Policy Holder
No,Urban,31,"20,000 to 29,000",none,Policy Holder
No,Urban,34,"30,000 to 39,000",more than 4,Policy Holder
No,Urban,46,"30,000 to 39,000",2 to 4,Third Party
No,Urban,28,"30,000 to 39,000",more than 4,Policy Holder
No,Urban,26,"20,000 to 29,000",2 to 4,Third Party
No,Urban,42,"more than 69,000",more than 4,Policy Holder
No,Urban,47,"20,000 to 29,000",none,Policy Holder
No,Urban,44,"20,000 to 29,000",none,Policy Holder
No,Urban,56,"20,000 to 29,000",2 to 4,Policy Holder
No,Urban,50,"20,000 to 29,000",1,Third Party
No,Urban,80,"30,000 to 39,000",2 to 4,Policy Holder
No,Rural,29,"20,000 to 29,000",none,Third Party
No,Urban,27,"30,000 to 39,000",none,Policy Holder
No,Urban,42,"30,000 to 39,000",none,Third Party
No,Urban,42,"30,000 to 39,000",1,Policy Holder
No,Urban,29,"20,000 to 29,000",1,Policy Holder
No,Urban,58,"30,000 to 39,000",more than 4,Third Party
No,Urban,65,"20,000 to 29,000",2 to 4,Policy Holder
Yes,Urban,43,"20,000 to 29,000",1,Policy Holder
No,Urban,28,"more than 69,000",none,Policy Holder
No,Urban,18,"20,000 to 29,000",none,Policy Holder
No,Rural,28,"20,000 to 29,000",more than 4,Policy Holder
No,Urban,44,"30,000 to 39,000",none,Policy Holder
No,Rural,27,"20,000 to 29,000",2 to 4,Third Party
No,Urban,33,"20,000 to 29,000",2 to 4,Third Party
No,Urban,32,"20,000 to 29,000",1,Policy Holder
No,Urban,26,"30,000 to 39,000",none,Policy Holder
No,Urban,31,"20,000 to 29,000",more than 4,Policy Holder
No,Rural,45,"less than 20,000",1,Third Party
No,Urban,29,"more than 69,000",2 to 4,Policy Holder
No,Urban,35,"less than 20,000",none,Third Party
No,Urban,37,"20,000 to 29,000",2 to 4,Policy Holder
No,Urban,64,"30,000 to 39,000",none,Third Party
No,Urban,28,"less than 20,000",2 to 4,Policy Holder
No,Urban,37,"30,000 to 39,000",1,Policy Holder
No,Urban,48,"less than 20,000",more than 4,Policy Holder
No,Urban,46,"more than 69,000",more than 4,Policy Holder
No,Urban,35,"more than 69,000",none,Third Party
No,Urban,64,"30,000 to 39,000",none,Third Party
No,Urban,31,"30,000 to 39,000",2 to 4,Policy Holder
No,Urban,50,"more than 69,000",1,Policy Holder
No,Urban,53,"20,000 to 29,000",2 to 4,Third Party
No,Urban,29,"30,000 to 39,000",2 to 4,Policy Holder
No,Urban,65,"40,000 to 59,000",2 to 4,Policy Holder
Yes,Urban,66,"more than 69,000",none,Policy Holder
No,Urban,44,"60,000 to 69,000",2 to 4,Policy Holder
No,Urban,35,"20,000 to 29,000",2 to 4,Policy Holder
No,Urban,34,"20,000 to 29,000",1,Third Party
No,Urban,29,"20,000 to 29,000",2 to 4,Policy Holder
No,Urban,36,"20,000 to 29,000",none,Policy Holder
No,Urban,33,"20,000 to 29,000",2 to 4,Policy Holder
No,Urban,41,"30,000 to 39,000",none,Third Party
No,Urban,43,"30,000 to 39,000",more than 4,Policy Holder
No,Urban,59,"20,000 to 29,000",none,Third Party
No,Rural,34,"20,000 to 29,000",none,Third Party
No,Urban,34,"20,000 to 29,000",2 to 4,Policy Holder
Yes,Urban,35,"20,000 to 29,000",1,Policy Holder
No,Rural,43,"20,000 to 29,000",2 to 4,Policy Holder
No,Urban,29,"less than 20,000",1,Third Party
No,Rural,29,"20,000 to 29,000",1,Policy Holder
No,Urban,59,"20,000 to 29,000",2 to 4,Policy Holder
No,Urban,53,"20,000 to 29,000",2 to 4,Policy Holder
No,Rural,29,"20,000 to 29,000",1,Third Party
No,Urban,58,"40,000 to 59,000",more than 4,Policy Holder
No,Urban,41,"20,000 to 29,000",1,Policy Holder
No,Urban,29,"30,000 to 39,000",1,Policy Holder
No,Urban,60,"30,000 to 39,000",1,Policy Holder
No,Rural,58,"20,000 to 29,000",2 to 4,Third Party
No,Urban,47,"20,000 to 29,000",more than 4,Policy Holder
No,Rural,55,"30,000 to 39,000",2 to 4,Third Party
No,Urban,51,"20,000 to 29,000",2 to 4,Third Party
No,Urban,28,"30,000 to 39,000",1,Policy Holder
No,Urban,46,"20,000 to 29,000",more than 4,Policy Holder
No,Urban,32,"20,000 to 29,000",2 to 4,Policy Holder
No,Urban,55,"20,000 to 29,000",1,Policy Holder
No,Urban,39,"20,000 to 29,000",none,Third Party
No,Urban,35,"20,000 to 29,000",2 to 4,Policy Holder
No,Urban,23,"20,000 to 29,000",none,Policy Holder
No,Urban,43,"more than 69,000",none,Policy Holder
No,Rural,51,"more than 69,000",1,Policy Holder
No,Urban,41,"less than 20,000",none,Third Party
No,Urban,44,"30,000 to 39,000",none,Policy Holder
No,Urban,20,"20,000 to 29,000",1,Third Party
No,Urban,37,"20,000 to 29,000",none,Policy Holder
No,Urban,46,"20,000 to 29,000",2 to 4,Policy Holder
No,Urban,74,"more than 69,000",more than 4,Third Party
No,Urban,40,"20,000 to 29,000",none,Third Party
No,Urban,36,"20,000 to 29,000",none,Third Party
Yes,Urban,32,"20,000 to 29,000",2 to 4,Policy Holder
No,Urban,45,"20,000 to 29,000",1,Policy Holder
No,Urban,43,"30,000 to 39,000",none,Third Party
No,Urban,22,"20,000 to 29,000",2 to 4,Policy Holder
No,Urban,28,"30,000 to 39,000",1,Policy Holder
No,Urban,61,"30,000 to 39,000",none,Policy Holder
Yes,Urban,36,"30,000 to 39,000",1,Policy Holder
No,Urban,42,"20,000 to 29,000",none,Policy Holder
No,Urban,34,"20,000 to 29,000",none,Third Party
No,Urban,48,"30,000 to 39,000",none,Third Party
No,Urban,51,"more than 69,000",2 to 4,Third Party
No,Urban,48,"60,000 to 69,000",none,Policy Holder
No,Urban,42,"30,000 to 39,000",1,Third Party
No,Urban,55,"30,000 to 39,000",1,Policy Holder
No,Urban,32,"20,000 to 29,000",1,Policy Holder
No,Urban,19,"20,000 to 29,000",1,Policy Holder
No,Urban,57,"more than 69,000",2 to 4,Policy Holder
No,Urban,49,"20,000 to 29,000",2 to 4,Policy Holder
No,Urban,41,"30,000 to 39,000",2 to 4,Policy Holder
No,Urban,26,"20,000 to 29,000",none,Policy Holder
No,Rural,28,"more than 69,000",none,Policy Holder
No,Urban,27,"20,000 to 29,000",1,Policy Holder
No,Urban,54,"20,000 to 29,000",2 to 4,Policy Holder
No,Urban,42,"30,000 to 39,000",2 to 4,Policy Holder
No,Urban,35,"20,000 to 29,000",1,Policy Holder
No,Urban,41,"20,000 to 29,000",none,Policy Holder
No,Urban,54,"20,000 to 29,000",1,Policy Holder
No,Urban,28,"20,000 to 29,000",2 to 4,Policy Holder
No,Urban,33,"20,000 to 29,000",2 to 4,Third Party
No,Urban,41,"20,000 to 29,000",2 to 4,Policy Holder
No,Urban,53,"20,000 to 29,000",none,Third Party
No,Urban,34,"more than 69,000",none,Third Party
No,Urban,53,"20,000 to 29,000",none,Third Party
No,Urban,42,"30,000 to 39,000",none,Third Party
No,Urban,50,"30,000 to 39,000",more than 4,Policy Holder
No,Urban,63,"more than 69,000",2 to 4,Third Party
No,Urban,40,"30,000 to 39,000",2 to 4,Policy Holder
No,Urban,33,"20,000 to 29,000",none,Policy Holder
No,Rural,28,"30,000 to 39,000",1,Policy Holder
No,Urban,30,"20,000 to 29,000",1,Policy Holder
No,Urban,38,"20,000 to 29,000",none,Policy Holder
No,Urban,0,"more than 69,000",none,Policy Holder
No,Urban,40,"more than 69,000",none,Third Party
No,Urban,21,"20,000 to 29,000",2 to 4,Third Party
No,Urban,51,"20,000 to 29,000",none,Third Party
No,Urban,23,"20,000 to 29,000",2 to 4,Third Party
No,Urban,0,"more than 69,000",2 to 4,Policy Holder
No,Urban,52,"30,000 to 39,000",none,Policy Holder
No,Urban,56,"less than 20,000",2 to 4,Third Party
No,Urban,33,"20,000 to 29,000",none,Policy Holder
No,Urban,34,"30,000 to 39,000",2 to 4,Policy Holder
No,Urban,41,"less than 20,000",2 to 4,Policy Holder
No,Urban,63,"20,000 to 29,000",2 to 4,Policy Holder
No,Rural,35,"30,000 to 39,000",1,Policy Holder
No,Urban,39,"less than 20,000",none,Policy Holder
No,Urban,63,"more than 69,000",1,Third Party
No,Urban,32,"20,000 to 29,000",2 to 4,Third Party
No,Urban,54,"60,000 to 69,000",2 to 4,Policy Holder
No,Urban,39,"30,000 to 39,000",more than 4,Policy Holder
No,Urban,52,"20,000 to 29,000",2 to 4,Policy Holder
No,Urban,45,"less than 20,000",none,Policy Holder
No,Urban,26,"more than 69,000",2 to 4,Policy Holder
No,Urban,27,"less than 20,000",more than 4,Policy Holder
No,Urban,28,"20,000 to 29,000",none,Policy Holder
No,Urban,64,"30,000 to 39,000",more than 4,Policy Holder
No,Urban,38,"30,000 to 39,000",1,Third Party
No,Urban,33,"30,000 to 39,000",2 to 4,Policy Holder
No,Urban,28,"20,000 to 29,000",1,Policy Holder
No,Urban,27,"30,000 to 39,000",2 to 4,Policy Holder
No,Rural,51,"20,000 to 29,000",2 to 4,Policy Holder
No,Urban,31,"20,000 to 29,000",none,Third Party
No,Urban,47,"20,000 to 29,000",none,Policy Holder
No,Rural,39,"30,000 to 39,000",none,Policy Holder
No,Urban,33,"20,000 to 29,000",2 to 4,Policy Holder
Yes,Urban,29,"20,000 to 29,000",none,Policy Holder
No,Urban,31,"less than 20,000",1,Third Party
No,Urban,30,"more than 69,000",2 to 4,Policy Holder
No,Urban,37,"20,000 to 29,000",none,Third Party
No,Urban,56,"20,000 to 29,000",none,Third Party
No,Urban,51,"20,000 to 29,000",2 to 4,Third Party
No,Urban,33,"more than 69,000",none,Policy Holder
No,Rural,33,"20,000 to 29,000",2 to 4,Policy Holder
No,Urban,33,"20,000 to 29,000",none,Policy Holder
No,Urban,48,"less than 20,000",2 to 4,Policy Holder
No,Urban,38,"30,000 to 39,000",1,Policy Holder
No,Urban,31,"20,000 to 29,000",2 to 4,Third Party
No,Urban,40,"30,000 to 39,000",more than 4,Policy Holder
No,Urban,39,"30,000 to 39,000",none,Policy Holder
No,Urban,63,"20,000 to 29,000",more than 4,Policy Holder
No,Urban,54,"more than 69,000",1,Policy Holder
No,Urban,29,"30,000 to 39,000",none,Policy Holder
No,Urban,35,"more than 69,000",more than 4,Policy Holder
No,Urban,46,"20,000 to 29,000",1,Policy Holder
No,Urban,53,"less than 20,000",2 to 4,Third Party
No,Urban,32,"20,000 to 29,000",none,Policy Holder
Yes,Urban,35,"20,000 to 29,000",none,Policy Holder
No,Rural,27,"20,000 to 29,000",2 to 4,Policy Holder
No,Urban,40,"20,000 to 29,000",2 to 4,Policy Holder
No,Urban,28,"20,000 to 29,000",more than 4,Policy Holder
No,Rural,50,"40,000 to 59,000",none,Policy Holder
No,Urban,52,"20,000 to 29,000",2 to 4,Policy Holder
No,Rural,22,"20,000 to 29,000",2 to 4,Third Party
No,Urban,48,"30,000 to 39,000",more than 4,Policy Holder
No,Urban,54,"20,000 to 29,000",2 to 4,Policy Holder
No,Urban,54,"40,000 to 59,000",1,Policy Holder
No,Urban,31,"30,000 to 39,000",none,Policy Holder
No,Urban,22,"30,000 to 39,000",2 to 4,Policy Holder
No,Urban,29,"20,000 to 29,000",1,Third Party
No,Urban,44,"20,000 to 29,000",2 to 4,Policy Holder
No,Urban,30,"20,000 to 29,000",2 to 4,Policy Holder
No,Urban,57,"20,000 to 29,000",more than 4,Policy Holder
No,Urban,30,"20,000 to 29,000",1,Policy Holder
No,Urban,45,"20,000 to 29,000",2 to 4,Third Party
Yes,Rural,29,"more than 69,000",2 to 4,Policy Holder
No,Urban,55,"20,000 to 29,000",none,Third Party
No,Urban,26,"20,000 to 29,000",2 to 4,Policy Holder
No,Rural,42,"20,000 to 29,000",more than 4,Policy Holder
No,Urban,40,"40,000 to 59,000",2 to 4,Policy Holder
No,Urban,45,"20,000 to 29,000",none,Policy Holder
No,Urban,33,"20,000 to 29,000",none,Third Party
No,Urban,27,"30,000 to 39,000",more than 4,Policy Holder
No,Urban,40,"20,000 to 29,000",more than 4,Policy Holder
No,Urban,36,"30,000 to 39,000",2 to 4,Third Party
No,Urban,63,"30,000 to 39,000",none,Third Party
No,Urban,33,"20,000 to 29,000",none,Third Party
No,Urban,38,"30,000 to 39,000",more than 4,Policy Holder
No,Urban,35,"20,000 to 29,000",none,Policy Holder
No,Urban,24,"20,000 to 29,000",more than 4,Policy Holder
No,Urban,30,"30,000 to 39,000",more than 4,Policy Holder
No,Urban,55,"20,000 to 29,000",2 to 4,Third Party
No,Rural,44,"less than 20,000",none,Third Party
No,Urban,37,"less than 20,000",1,Policy Holder
No,Urban,44,"30,000 to 39,000",none,Policy Holder
No,Urban,27,"20,000 to 29,000",none,Third Party
No,Urban,30,"30,000 to 39,000",none,Policy Holder
No,Urban,65,"30,000 to 39,000",none,Policy Holder
No,Urban,35,"20,000 to 29,000",2 to 4,Policy Holder
No,Urban,30,"20,000 to 29,000",none,Policy Holder
No,Urban,38,"20,000 to 29,000",2 to 4,Policy Holder
No,Urban,40,"30,000 to 39,000",1,Policy Holder
No,Urban,34,"more than 69,000",more than 4,Policy Holder
No,Urban,54,"20,000 to 29,000",none,Third Party
No,Urban,48,"40,000 to 59,000",2 to 4,Third Party
No,Urban,26,"20,000 to 29,000",none,Policy Holder
No,Rural,43,"30,000 to 39,000",2 to 4,Policy Holder
No,Urban,33,"20,000 to 29,000",2 to 4,Policy Holder
No,Urban,33,"20,000 to 29,000",1,Policy Holder
No,Rural,37,"30,000 to 39,000",none,Policy Holder
No,Urban,29,"40,000 to 59,000",more than 4,Policy Holder
No,Urban,41,"more than 69,000",more than 4,Policy Holder
Yes,Urban,48,"30,000 to 39,000",2 to 4,Policy Holder
No,Urban,42,"20,000 to 29,000",more than 4,Policy Holder
No,Rural,30,"30,000 to 39,000",none,Policy Holder
No,Urban,38,"20,000 to 29,000",1,Policy Holder
No,Urban,33,"20,000 to 29,000",none,Third Party
No,Urban,43,"20,000 to 29,000",2 to 4,Policy Holder
No,Urban,53,"20,000 to 29,000",2 to 4,Policy Holder
No,Rural,21,"20,000 to 29,000",1,Third Party
No,Urban,28,"30,000 to 39,000",1,Policy Holder
Yes,Urban,39,"20,000 to 29,000",2 to 4,Policy Holder
No,Rural,48,"20,000 to 29,000",more than 4,Policy Holder
No,Urban,35,"20,000 to 29,000",2 to 4,Policy Holder
No,Urban,52,"more than 69,000",1,Policy Holder
No,Urban,34,"more than 69,000",1,Policy Holder
Yes,Urban,18,"20,000 to 29,000",more than 4,Policy Holder
No,Urban,51,"20,000 to 29,000",more than 4,Third Party
No,Urban,50,"more than 69,000",more than 4,Policy Holder
No,Urban,39,"30,000 to 39,000",more than 4,Policy Holder
No,Urban,43,"20,000 to 29,000",none,Policy Holder
No,Urban,33,"20,000 to 29,000",more than 4,Third Party
No,Urban,35,"20,000 to 29,000",2 to 4,Third Party
Yes,Urban,27,"20,000 to 29,000",2 to 4,Policy Holder
No,Urban,28,"30,000 to 39,000",2 to 4,Policy Holder
Yes,Urban,32,"more than 69,000",none,Policy Holder
No,Urban,45,"20,000 to 29,000",1,Policy Holder
No,Urban,19,"more than 69,000",1,Third Party
No,Urban,43,"30,000 to 39,000",2 to 4,Policy Holder
No,Urban,38,"more than 69,000",2 to 4,Policy Holder
No,Urban,54,"20,000 to 29,000",none,Policy Holder
No,Rural,34,"less than 20,000",none,Policy Holder
No,Urban,39,"less than 20,000",none,Policy Holder
No,Urban,43,"30,000 to 39,000",1,Third Party
No,Urban,27,"20,000 to 29,000",2 to 4,Third Party
No,Urban,30,"20,000 to 29,000",2 to 4,Policy Holder
No,Urban,48,"30,000 to 39,000",2 to 4,Policy Holder
No,Urban,44,"20,000 to 29,000",1,Third Party
No,Urban,35,"20,000 to 29,000",none,Policy Holder
No,Urban,47,"40,000 to 59,000",none,Policy Holder
No,Urban,33,"20,000 to 29,000",more than 4,Third Party
No,Urban,27,"30,000 to 39,000",2 to 4,Policy Holder
Yes,Rural,29,"20,000 to 29,000",1,Policy Holder
No,Urban,59,"30,000 to 39,000",none,Policy Holder
No,Urban,33,"20,000 to 29,000",2 to 4,Policy Holder
No,Urban,46,"30,000 to 39,000",2 to 4,Policy Holder
No,Urban,33,"20,000 to 29,000",2 to 4,Policy Holder
No,Rural,59,"20,000 to 29,000",1,Third Party
Yes,Urban,48,"more than 69,000",none,Policy Holder
No,Urban,31,"20,000 to 29,000",none,Policy Holder
No,Urban,31,"less than 20,000",none,Policy Holder
No,Urban,55,"20,000 to 29,000",1,Policy Holder
No,Urban,53,"20,000 to 29,000",1,Policy Holder
No,Urban,26,"30,000 to 39,000",none,Third Party
No,Rural,26,"20,000 to 29,000",none,Policy Holder
No,Urban,55,"less than 20,000",none,Third Party
No,Rural,52,"30,000 to 39,000",1,Policy Holder
No,Urban,22,"less than 20,000",1,Third Party
No,Urban,65,"20,000 to 29,000",none,Third Party
No,Urban,57,"20,000 to 29,000",none,Third Party
No,Urban,35,"20,000 to 29,000",more than 4,Policy Holder
No,Urban,30,"20,000 to 29,000",2 to 4,Policy Holder
No,Urban,43,"more than 69,000",2 to 4,Policy Holder
No,Urban,46,"30,000 to 39,000",2 to 4,Policy Holder
No,Urban,48,"more than 69,000",none,Policy Holder
No,Urban,40,"20,000 to 29,000",2 to 4,Policy Holder
No,Urban,52,"30,000 to 39,000",more than 4,Policy Holder
No,Urban,27,"20,000 to 29,000",none,Third Party
No,Urban,72,"20,000 to 29,000",2 to 4,Policy Holder
No,Urban,40,"30,000 to 39,000",2 to 4,Third Party
No,Urban,45,"20,000 to 29,000",2 to 4,Policy Holder
No,Urban,0,"more than 69,000",2 to 4,Policy Holder
No,Urban,57,"20,000 to 29,000",more than 4,Policy Holder
No,Urban,49,"20,000 to 29,000",2 to 4,Policy Holder
No,Urban,35,"20,000 to 29,000",1,Policy Holder
No,Urban,36,"20,000 to 29,000",2 to 4,Policy Holder
No,Urban,31,"20,000 to 29,000",2 to 4,Third Party
No,Rural,18,"20,000 to 29,000",1,Policy Holder
No,Urban,43,"20,000 to 29,000",2 to 4,Policy Holder
No,Urban,33,"20,000 to 29,000",1,Policy Holder
No,Urban,29,"30,000 to 39,000",1,Policy Holder
No,Urban,41,"20,000 to 29,000",2 to 4,Policy Holder
No,Urban,56,"30,000 to 39,000",none,Third Party
Yes,Urban,29,"more than 69,000",none,Policy Holder
No,Urban,18,"less than 20,000",none,Policy Holder
No,Urban,28,"30,000 to 39,000",2 to 4,Policy Holder
No,Urban,55,"less than 20,000",none,Third Party
No,Urban,56,"30,000 to 39,000",1,Third Party
No,Urban,43,"more than 69,000",2 to 4,Policy Holder
Yes,Urban,30,"less than 20,000",none,Policy Holder
No,Urban,48,"20,000 to 29,000",2 to 4,Policy Holder
No,Urban,56,"less than 20,000",2 to 4,Policy Holder
No,Rural,30,"20,000 to 29,000",none,Policy Holder
No,Urban,37,"more than 69,000",more than 4,Policy Holder
No,Urban,48,"20,000 to 29,000",none,Policy Holder
No,Urban,57,"30,000 to 39,000",none,Third Party
No,Urban,47,"20,000 to 29,000",none,Policy Holder
No,Urban,36,"20,000 to 29,000",none,Policy Holder
No,Urban,55,"20,000 to 29,000",2 to 4,Policy Holder
No,Urban,31,"20,000 to 29,000",1,Third Party
No,Urban,55,"20,000 to 29,000",2 to 4,Policy Holder
No,Urban,28,"20,000 to 29,000",1,Policy Holder
Yes,Urban,63,"more than 69,000",2 to 4,Policy Holder
No,Urban,34,"20,000 to 29,000",2 to 4,Policy Holder
No,Urban,52,"20,000 to 29,000",none,Policy Holder
No,Urban,38,"30,000 to 39,000",none,Policy Holder
No,Urban,58,"less than 20,000",2 to 4,Policy Holder
No,Urban,38,"more than 69,000",more than 4,Third Party
No,Urban,38,"20,000 to 29,000",2 to 4,Third Party
No,Urban,44,"20,000 to 29,000",more than 4,Policy Holder
No,Urban,35,"more than 69,000",1,Third Party
No,Urban,39,"20,000 to 29,000",2 to 4,Policy Holder
No,Urban,36,"20,000 to 29,000",1,Policy Holder
No,Urban,48,"more than 69,000",1,Policy Holder
No,Urban,40,"30,000 to 39,000",more than 4,Policy Holder
No,Urban,29,"20,000 to 29,000",more than 4,Policy Holder
No,Rural,44,"20,000 to 29,000",none,Third Party
No,Urban,46,"30,000 to 39,000",1,Policy Holder
No,Urban,37,"30,000 to 39,000",more than 4,Policy Holder
No,Rural,31,"40,000 to 59,000",none,Third Party
No,Urban,33,"more than 69,000",none,Third Party
No,Urban,46,"20,000 to 29,000",none,Policy Holder
No,Urban,53,"30,000 to 39,000",2 to 4,Third Party
No,Urban,44,"20,000 to 29,000",none,Third Party
No,Urban,48,"more than 69,000",none,Policy Holder
No,Urban,48,"more than 69,000",2 to 4,Policy Holder
No,Urban,37,"20,000 to 29,000",2 to 4,Policy Holder
No,Urban,31,"20,000 to 29,000",none,Policy Holder
No,Urban,26,"20,000 to 29,000",more than 4,Policy Holder
No,Urban,43,"more than 69,000",2 to 4,Policy Holder
No,Urban,54,"20,000 to 29,000",none,Third Party
No,Urban,33,"20,000 to 29,000",1,Third Party
No,Urban,29,"20,000 to 29,000",2 to 4,Policy Holder
No,Urban,59,"40,000 to 59,000",more than 4,Policy Holder
No,Urban,54,"30,000 to 39,000",2 to 4,Policy Holder
No,Urban,44,"20,000 to 29,000",none,Policy Holder
Yes,Urban,46,"20,000 to 29,000",2 to 4,Policy Holder
No,Urban,64,"more than 69,000",none,Policy Holder
No,Urban,43,"20,000 to 29,000",2 to 4,Policy Holder
No,Urban,26,"30,000 to 39,000",1,Policy Holder
No,Urban,33,"30,000 to 39,000",more than 4,Third Party
No,Urban,52,"30,000 to 39,000",2 to 4,Third Party
No,Urban,26,"20,000 to 29,000",none,Policy Holder
No,Urban,37,"more than 69,000",2 to 4,Third Party
Yes,Urban,62,"20,000 to 29,000",more than 4,Policy Holder
No,Urban,27,"20,000 to 29,000",more than 4,Policy Holder
No,Urban,55,"20,000 to 29,000",none,Third Party
No,Rural,54,"20,000 to 29,000",none,Third Party
No,Urban,63,"30,000 to 39,000",2 to 4,Third Party
No,Urban,36,"20,000 to 29,000",none,Policy Holder
No,Urban,40,"20,000 to 29,000",none,Policy Holder
No,Urban,27,"30,000 to 39,000",1,Policy Holder
No,Urban,27,"20,000 to 29,000",more than 4,Policy Holder
No,Urban,30,"30,000 to 39,000",2 to 4,Policy Holder
No,Urban,26,"less than 20,000",2 to 4,Policy Holder
No,Urban,38,"20,000 to 29,000",2 to 4,Policy Holder
No,Urban,41,"20,000 to 29,000",more than 4,Third Party
No,Urban,30,"more than 69,000",2 to 4,Third Party
Yes,Rural,28,"30,000 to 39,000",2 to 4,Policy Holder
No,Urban,41,"less than 20,000",none,Policy Holder
No,Urban,26,"30,000 to 39,000",more than 4,Policy Holder
No,Urban,40,"20,000 to 29,000",more than 4,Third Party
No,Urban,65,"30,000 to 39,000",2 to 4,Third Party
No,Urban,32,"30,000 to 39,000",2 to 4,Third Party
No,Urban,33,"20,000 to 29,000",2 to 4,Policy Holder
No,Urban,29,"20,000 to 29,000",more than 4,Policy Holder
No,Rural,75,"more than 69,000",none,Policy Holder
No,Urban,41,"20,000 to 29,000",none,Third Party
No,Urban,43,"60,000 to 69,000",1,Policy Holder
No,Urban,26,"30,000 to 39,000",none,Policy Holder
No,Urban,29,"20,000 to 29,000",more than 4,Policy Holder
No,Urban,42,"30,000 to 39,000",2 to 4,Policy Holder
No,Urban,65,"20,000 to 29,000",1,Policy Holder
Yes,Urban,43,"more than 69,000",more than 4,Policy Holder
No,Urban,31,"20,000 to 29,000",none,Policy Holder
No,Urban,32,"30,000 to 39,000",2 to 4,Policy Holder
No,Urban,28,"20,000 to 29,000",more than 4,Policy Holder
No,Urban,53,"60,000 to 69,000",more than 4,Policy Holder
No,Urban,37,"20,000 to 29,000",more than 4,Policy Holder
No,Rural,31,"20,000 to 29,000",2 to 4,Third Party
No,Urban,32,"20,000 to 29,000",1,Third Party
No,Urban,42,"30,000 to 39,000",2 to 4,Third Party
No,Urban,31,"20,000 to 29,000",none,Policy Holder
No,Rural,77,"20,000 to 29,000",none,Third Party
No,Urban,35,"20,000 to 29,000",2 to 4,Policy Holder
No,Urban,29,"20,000 to 29,000",none,Policy Holder
No,Urban,29,"30,000 to 39,000",1,Policy Holder
No,Urban,52,"more than 69,000",2 to 4,Policy Holder
No,Rural,38,"30,000 to 39,000",more than 4,Policy Holder
No,Urban,33,"less than 20,000",1,Third Party
Yes,Rural,57,"more than 69,000",2 to 4,Policy Holder
No,Urban,28,"20,000 to 29,000",2 to 4,Policy Holder
No,Urban,41,"more than 69,000",2 to 4,Policy Holder
No,Urban,36,"30,000 to 39,000",1,Policy Holder
No,Urban,33,"20,000 to 29,000",1,Third Party
No,Urban,28,"20,000 to 29,000",more than 4,Policy Holder
No,Rural,33,"20,000 to 29,000",2 to 4,Third Party
No,Urban,27,"30,000 to 39,000",2 to 4,Policy Holder
No,Urban,41,"20,000 to 29,000",none,Third Party
No,Urban,56,"30,000 to 39,000",2 to 4,Policy Holder
Yes,Urban,31,"less than 20,000",1,Policy Holder
No,Urban,52,"less than 20,000",1,Policy Holder
No,Urban,27,"more than 69,000",2 to 4,Policy Holder
No,Urban,50,"40,000 to 59,000",none,Policy Holder
No,Urban,78,"20,000 to 29,000",2 to 4,Policy Holder
No,Urban,53,"20,000 to 29,000",2 to 4,Policy Holder
No,Urban,39,"20,000 to 29,000",1,Policy Holder
No,Urban,60,"more than 69,000",more than 4,Policy Holder
No,Urban,55,"20,000 to 29,000",2 to 4,Policy Holder
No,Urban,56,"20,000 to 29,000",2 to 4,Policy Holder
No,Urban,49,"40,000 to 59,000",2 to 4,Policy Holder
No,Urban,80,"20,000 to 29,000",2 to 4,Policy Holder
Yes,Rural,34,"20,000 to 29,000",1,Policy Holder
No,Rural,58,"more than 69,000",none,Policy Holder
No,Urban,34,"20,000 to 29,000",2 to 4,Policy Holder
No,Urban,21,"less than 20,000",none,Policy Holder
No,Urban,27,"20,000 to 29,000",more than 4,Policy Holder
No,Urban,30,"less than 20,000",none,Third Party
No,Urban,45,"30,000 to 39,000",none,Third Party
No,Urban,43,"40,000 to 59,000",2 to 4,Policy Holder
No,Urban,33,"20,000 to 29,000",none,Policy Holder
No,Urban,55,"20,000 to 29,000",more than 4,Policy Holder
No,Urban,61,"20,000 to 29,000",more than 4,Policy Holder
No,Rural,30,"20,000 to 29,000",none,Policy Holder
No,Urban,47,"20,000 to 29,000",none,Policy Holder
No,Urban,56,"20,000 to 29,000",2 to 4,Policy Holder
No,Urban,27,"20,000 to 29,000",2 to 4,Policy Holder
No,Urban,44,"20,000 to 29,000",more than 4,Policy Holder
Yes,Urban,55,"20,000 to 29,000",2 to 4,Policy Holder
No,Urban,37,"30,000 to 39,000",2 to 4,Policy Holder
No,Urban,43,"20,000 to 29,000",1,Third Party
Yes,Urban,41,"less than 20,000",2 to 4,Policy Holder
No,Rural,26,"30,000 to 39,000",2 to 4,Policy Holder
No,Rural,30,"30,000 to 39,000",more than 4,Policy Holder
No,Urban,31,"20,000 to 29,000",1,Policy Holder
No,Urban,52,"20,000 to 29,000",2 to 4,Policy Holder
No,Urban,53,"less than 20,000",1,Policy Holder
No,Rural,42,"20,000 to 29,000",2 to 4,Third Party
No,Urban,45,"more than 69,000",none,Third Party
No,Urban,31,"20,000 to 29,000",2 to 4,Policy Holder
No,Rural,27,"less than 20,000",none,Policy Holder
No,Urban,34,"20,000 to 29,000",1,Policy Holder
No,Urban,34,"20,000 to 29,000",2 to 4,Policy Holder
No,Urban,65,"20,000 to 29,000",more than 4,Policy Holder
Yes,Urban,58,"more than 69,000",2 to 4,Policy Holder
No,Urban,34,"20,000 to 29,000",more than 4,Policy Holder
No,Rural,50,"30,000 to 39,000",1,Third Party
No,Rural,64,"30,000 to 39,000",none,Policy Holder
No,Urban,30,"20,000 to 29,000",none,Third Party
No,Rural,51,"20,000 to 29,000",none,Policy Holder
No,Rural,28,"30,000 to 39,000",2 to 4,Policy Holder
No,Rural,43,"30,000 to 39,000",none,Policy Holder
No,Urban,34,"20,000 to 29,000",2 to 4,Policy Holder
No,Urban,32,"20,000 to 29,000",2 to 4,Policy Holder
No,Urban,40,"20,000 to 29,000",none,Policy Holder
No,Urban,22,"20,000 to 29,000",2 to 4,Third Party
Yes,Urban,59,"20,000 to 29,000",2 to 4,Policy Holder
No,Urban,32,"20,000 to 29,000",2 to 4,Third Party
No,Urban,33,"20,000 to 29,000",2 to 4,Third Party
No,Urban,45,"40,000 to 59,000",2 to 4,Third Party
No,Urban,39,"20,000 to 29,000",more than 4,Policy Holder
No,Urban,34,"20,000 to 29,000",none,Third Party
No,Urban,28,"30,000 to 39,000",none,Policy Holder
No,Urban,29,"30,000 to 39,000",2 to 4,Policy Holder
No,Urban,59,"20,000 to 29,000",1,Third Party
No,Rural,37,"20,000 to 29,000",2 to 4,Third Party
No,Urban,38,"20,000 to 29,000",none,Policy Holder
No,Rural,36,"less than 20,000",2 to 4,Policy Holder
No,Urban,62,"20,000 to 29,000",1,Policy Holder
No,Urban,42,"30,000 to 39,000",1,Policy Holder
No,Urban,35,"20,000 to 29,000",1,Policy Holder
No,Urban,65,"20,000 to 29,000",2 to 4,Third Party
No,Urban,34,"20,000 to 29,000",none,Third Party
No,Urban,38,"less than 20,000",none,Policy Holder
No,Urban,27,"30,000 to 39,000",2 to 4,Policy Holder
No,Urban,42,"more than 69,000",none,Policy Holder
Yes,Urban,28,"20,000 to 29,000",2 to 4,Policy Holder
No,Urban,35,"30,000 to 39,000",none,Policy Holder
No,Urban,29,"20,000 to 29,000",2 to 4,Policy Holder
No,Urban,26,"20,000 to 29,000",2 to 4,Policy Holder
No,Urban,33,"20,000 to 29,000",1,Policy Holder
No,Urban,72,"20,000 to 29,000",1,Policy Holder
No,Rural,54,"20,000 to 29,000",none,Policy Holder
No,Urban,49,"20,000 to 29,000",2 to 4,Policy Holder
No,Urban,32,"20,000 to 29,000",1,Policy Holder
No,Urban,61,"20,000 to 29,000",none,Third Party
No,Rural,30,"20,000 to 29,000",2 to 4,Policy Holder
No,Urban,32,"20,000 to 29,000",none,Third Party
No,Rural,54,"more than 69,000",2 to 4,Policy Holder
No,Urban,31,"20,000 to 29,000",2 to 4,Third Party
Yes,Urban,30,"20,000 to 29,000",none,Policy Holder
No,Urban,40,"20,000 to 29,000",2 to 4,Policy Holder
No,Rural,49,"60,000 to 69,000",none,Third Party
No,Urban,33,"20,000 to 29,000",2 to 4,Third Party
No,Urban,55,"more than 69,000",1,Third Party
No,Urban,43,"30,000 to 39,000",more than 4,Policy Holder
No,Urban,44,"30,000 to 39,000",2 to 4,Policy Holder
No,Urban,29,"30,000 to 39,000",1,Third Party
No,Urban,39,"30,000 to 39,000",1,Third Party
No,Urban,27,"30,000 to 39,000",2 to 4,Policy Holder
No,Urban,44,"30,000 to 39,000",1,Policy Holder
No,Urban,50,"40,000 to 59,000",none,Policy Holder
No,Urban,36,"30,000 to 39,000",2 to 4,Policy Holder
No,Urban,33,"20,000 to 29,000",1,Policy Holder
No,Urban,52,"30,000 to 39,000",2 to 4,Policy Holder
No,Urban,46,"30,000 to 39,000",2 to 4,Policy Holder
No,Urban,50,"less than 20,000",none,Policy Holder
Yes,Urban,41,"more than 69,000",none,Policy Holder
No,Urban,50,"20,000 to 29,000",2 to 4,Policy Holder
No,Urban,31,"30,000 to 39,000",1,Policy Holder
No,Urban,37,"30,000 to 39,000",more than 4,Policy Holder
No,Urban,42,"20,000 to 29,000",2 to 4,Policy Holder
No,Urban,33,"less than 20,000",none,Policy Holder
No,Urban,57,"20,000 to 29,000",none,Third Party
No,Urban,34,"20,000 to 29,000",2 to 4,Policy Holder
No,Urban,28,"20,000 to 29,000",none,Third Party
No,Urban,0,"more than 69,000",1,Policy Holder
No,Urban,28,"less than 20,000",2 to 4,Third Party
No,Rural,35,"20,000 to 29,000",2 to 4,Policy Holder
No,Urban,35,"40,000 to 59,000",more than 4,Policy Holder
No,Urban,50,"30,000 to 39,000",none,Policy Holder
No,Rural,63,"20,000 to 29,000",1,Policy Holder
No,Urban,26,"20,000 to 29,000",none,Third Party
No,Urban,27,"20,000 to 29,000",more than 4,Policy Holder
No,Urban,0,"more than 69,000",2 to 4,Policy Holder
No,Urban,26,"20,000 to 29,000",2 to 4,Third Party
No,Urban,28,"30,000 to 39,000",1,Policy Holder
No,Urban,35,"30,000 to 39,000",2 to 4,Policy Holder
No,Urban,54,"30,000 to 39,000",2 to 4,Third Party
No,Urban,34,"more than 69,000",none,Policy Holder
No,Urban,21,"20,000 to 29,000",2 to 4,Third Party
No,Rural,37,"40,000 to 59,000",1,Third Party
Yes,Urban,30,"more than 69,000",none,Policy Holder
No,Urban,37,"less than 20,000",none,Third Party
No,Urban,29,"30,000 to 39,000",more than 4,Policy Holder
No,Rural,25,"20,000 to 29,000",2 to 4,Third Party
No,Urban,44,"30,000 to 39,000",more than 4,Policy Holder
No,Urban,32,"20,000 to 29,000",2 to 4,Policy Holder
No,Urban,73,"30,000 to 39,000",none,Third Party
No,Urban,29,"more than 69,000",none,Policy Holder
No,Urban,60,"20,000 to 29,000",1,Policy Holder
No,Urban,26,"20,000 to 29,000",2 to 4,Policy Holder
No,Rural,42,"20,000 to 29,000",more than 4,Policy Holder
Yes,Rural,78,"20,000 to 29,000",none,Policy Holder
No,Rural,47,"60,000 to 69,000",1,Policy Holder
No,Urban,30,"20,000 to 29,000",none,Third Party
No,Rural,36,"20,000 to 29,000",none,Policy Holder
No,Urban,38,"20,000 to 29,000",1,Third Party
No,Urban,22,"20,000 to 29,000",more than 4,Third Party
No,Urban,51,"30,000 to 39,000",more than 4,Policy Holder
No,Urban,53,"20,000 to 29,000",none,Policy Holder
No,Urban,54,"20,000 to 29,000",1,Third Party
No,Urban,61,"30,000 to 39,000",1,Policy Holder
No,Urban,54,"30,000 to 39,000",more than 4,Policy Holder
No,Urban,45,"20,000 to 29,000",2 to 4,Policy Holder
No,Urban,26,"30,000 to 39,000",more than 4,Policy Holder
No,Urban,53,"20,000 to 29,000",2 to 4,Third Party
No,Rural,35,"30,000 to 39,000",1,Policy Holder
No,Urban,46,"20,000 to 29,000",none,Policy Holder
No,Rural,0,"more than 69,000",2 to 4,Policy Holder
No,Urban,0,"more than 69,000",none,Third Party
No,Urban,41,"less than 20,000",1,Policy Holder
No,Urban,24,"20,000 to 29,000",none,Policy Holder
No,Urban,61,"20,000 to 29,000",2 to 4,Policy Holder
No,Urban,51,"30,000 to 39,000",1,Policy Holder
No,Urban,23,"less than 20,000",none,Policy Holder
No,Urban,40,"more than 69,000",2 to 4,Third Party
No,Urban,42,"20,000 to 29,000",1,Policy Holder
No,Urban,40,"30,000 to 39,000",1,Third Party
No,Rural,53,"40,000 to 59,000",none,Third Party
No,Rural,45,"more than 69,000",1,Policy Holder
No,Urban,46,"40,000 to 59,000",2 to 4,Policy Holder
No,Urban,67,"less than 20,000",none,Policy Holder
No,Urban,54,"more than 69,000",2 to 4,Third Party
No,Rural,43,"more than 69,000",1,Policy Holder
No,Urban,32,"20,000 to 29,000",1,Policy Holder
No,Urban,73,"20,000 to 29,000",1,Policy Holder
No,Urban,52,"20,000 to 29,000",1,Third Party
No,Urban,39,"20,000 to 29,000",1,Policy Holder
No,Urban,50,"20,000 to 29,000",none,Policy Holder
No,Urban,63,"20,000 to 29,000",none,Third Party
No,Urban,33,"20,000 to 29,000",none,Policy Holder
No,Urban,42,"more than 69,000",none,Policy Holder
No,Urban,47,"more than 69,000",more than 4,Policy Holder
No,Urban,33,"20,000 to 29,000",none,Policy Holder
No,Urban,26,"20,000 to 29,000",2 to 4,Third Party
No,Urban,28,"less than 20,000",none,Policy Holder
No,Urban,26,"20,000 to 29,000",2 to 4,Policy Holder
No,Urban,46,"20,000 to 29,000",none,Policy Holder
No,Urban,33,"more than 69,000",1,Policy Holder
No,Urban,34,"30,000 to 39,000",none,Policy Holder
No,Urban,45,"30,000 to 39,000",2 to 4,Third Party
No,Urban,27,"less than 20,000",none,Policy Holder
No,Urban,57,"less than 20,000",none,Third Party
No,Urban,52,"30,000 to 39,000",2 to 4,Third Party
No,Urban,59,"20,000 to 29,000",none,Policy Holder
No,Urban,48,"60,000 to 69,000",2 to 4,Third Party
No,Rural,44,"20,000 to 29,000",more than 4,Policy Holder
No,Urban,68,"30,000 to 39,000",2 to 4,Policy Holder
No,Urban,50,"20,000 to 29,000",none,Third Party
No,Urban,35,"20,000 to 29,000",1,Policy Holder
No,Urban,31,"20,000 to 29,000",more than 4,Policy Holder
No,Urban,27,"20,000 to 29,000",2 to 4,Third Party
No,Urban,75,"30,000 to 39,000",none,Policy Holder
No,Urban,42,"30,000 to 39,000",2 to 4,Third Party
No,Rural,36,"30,000 to 39,000",1,Policy Holder
No,Urban,54,"30,000 to 39,000",2 to 4,Third Party
No,Urban,34,"20,000 to 29,000",none,Third Party
No,Urban,39,"less than 20,000",2 to 4,Policy Holder
Yes,Urban,45,"20,000 to 29,000",none,Third Party
No,Rural,35,"more than 69,000",none,Policy Holder
No,Urban,50,"20,000 to 29,000",1,Third Party
Yes,Urban,60,"20,000 to 29,000",none,Policy Holder
No,Urban,26,"30,000 to 39,000",2 to 4,Policy Holder
No,Urban,65,"more than 69,000",none,Policy Holder
Yes,Urban,30,"less than 20,000",2 to 4,Policy Holder
No,Urban,28,"less than 20,000",none,Policy Holder
No,Urban,42,"20,000 to 29,000",1,Third Party
No,Urban,41,"20,000 to 29,000",2 to 4,Third Party
No,Urban,28,"30,000 to 39,000",1,Policy Holder
No,Urban,41,"30,000 to 39,000",none,Policy Holder
No,Urban,49,"20,000 to 29,000",2 to 4,Policy Holder
No,Rural,32,"20,000 to 29,000",none,Third Party
No,Urban,28,"more than 69,000",none,Third Party
No,Urban,34,"40,000 to 59,000",2 to 4,Policy Holder
No,Urban,42,"30,000 to 39,000",2 to 4,Policy Holder
No,Urban,42,"30,000 to 39,000",more than 4,Policy Holder
No,Urban,0,"more than 69,000",1,Policy Holder
No,Urban,28,"more than 69,000",none,Third Party
No,Urban,0,"more than 69,000",1,Policy Holder
No,Urban,31,"more than 69,000",none,Third Party
No,Urban,36,"20,000 to 29,000",1,Policy Holder
No,Urban,34,"less than 20,000",2 to 4,Policy Holder
No,Urban,32,"20,000 to 29,000",none,Policy Holder
No,Urban,30,"20,000 to 29,000",none,Policy Holder
No,Urban,57,"20,000 to 29,000",2 to 4,Third Party
No,Urban,52,"less than 20,000",none,Policy Holder
No,Urban,30,"30,000 to 39,000",2 to 4,Policy Holder
No,Urban,38,"20,000 to 29,000",2 to 4,Third Party
No,Urban,44,"30,000 to 39,000",2 to 4,Policy Holder
Yes,Urban,19,"20,000 to 29,000",none,Policy Holder
No,Urban,28,"20,000 to 29,000",2 to 4,Third Party
No,Urban,59,"20,000 to 29,000",1,Policy Holder
No,Urban,56,"20,000 to 29,000",2 to 4,Policy Holder
No,Urban,41,"more than 69,000",2 to 4,Third Party
No,Urban,41,"more than 69,000",1,Third Party
No,Urban,31,"30,000 to 39,000",1,Policy Holder
No,Urban,29,"20,000 to 29,000",2 to 4,Policy Holder
No,Urban,58,"more than 69,000",2 to 4,Policy Holder
No,Urban,33,"30,000 to 39,000",more than 4,Policy Holder
No,Urban,32,"20,000 to 29,000",none,Policy Holder
No,Urban,27,"30,000 to 39,000",2 to 4,Policy Holder
No,Urban,24,"20,000 to 29,000",2 to 4,Policy Holder
No,Urban,32,"20,000 to 29,000",more than 4,Policy Holder
No,Rural,50,"more than 69,000",more than 4,Policy Holder
No,Rural,30,"20,000 to 29,000",none,Policy Holder
No,Urban,46,"more than 69,000",none,Third Party
No,Urban,0,"more than 69,000",1,Policy Holder
No,Urban,51,"30,000 to 39,000",more than 4,Policy Holder
No,Urban,31,"more than 69,000",more than 4,Third Party
No,Urban,61,"20,000 to 29,000",2 to 4,Policy Holder
No,Urban,24,"20,000 to 29,000",none,Policy Holder
No,Urban,47,"20,000 to 29,000",2 to 4,Third Party
No,Urban,34,"20,000 to 29,000",none,Policy Holder
No,Urban,39,"30,000 to 39,000",1,Third Party
Yes,Urban,56,"more than 69,000",none,Policy Holder
No,Urban,54,"more than 69,000",none,Third Party
No,Urban,40,"20,000 to 29,000",1,Third Party
No,Urban,36,"20,000 to 29,000",more than 4,Policy Holder
No,Urban,28,"30,000 to 39,000",none,Third Party
No,Urban,46,"30,000 to 39,000",2 to 4,Policy Holder
Yes,Urban,39,"20,000 to 29,000",1,Policy Holder
No,Rural,31,"20,000 to 29,000",2 to 4,Policy Holder
Yes,Urban,18,"20,000 to 29,000",none,Policy Holder
Yes,Urban,49,"more than 69,000",none,Policy Holder
No,Urban,74,"more than 69,000",none,Third Party
No,Urban,29,"20,000 to 29,000",none,Policy Holder
No,Urban,35,"20,000 to 29,000",1,Policy Holder
No,Urban,64,"30,000 to 39,000",none,Third Party
No,Urban,27,"40,000 to 59,000",more than 4,Policy Holder
No,Urban,54,"more than 69,000",none,Policy Holder
No,Urban,41,"30,000 to 39,000",none,Third Party
No,Rural,37,"20,000 to 29,000",none,Policy Holder
No,Urban,45,"20,000 to 29,000",more than 4,Policy Holder
No,Urban,38,"40,000 to 59,000",none,Policy Holder
No,Urban,41,"40,000 to 59,000",2 to 4,Policy Holder
Yes,Urban,51,"20,000 to 29,000",none,Policy Holder
No,Urban,42,"20,000 to 29,000",1,Policy Holder
No,Urban,57,"20,000 to 29,000",1,Policy Holder
No,Urban,22,"30,000 to 39,000",none,Third Party
No,Urban,49,"30,000 to 39,000",2 to 4,Policy Holder
No,Urban,77,"less than 20,000",1,Policy Holder
No,Urban,34,"20,000 to 29,000",none,Policy Holder
No,Urban,38,"less than 20,000",none,Policy Holder
No,Urban,41,"20,000 to 29,000",2 to 4,Third Party
No,Urban,44,"30,000 to 39,000",none,Policy Holder
No,Urban,28,"20,000 to 29,000",none,Policy Holder
Yes,Urban,27,"20,000 to 29,000",more than 4,Policy Holder
No,Urban,63,"less than 20,000",1,Third Party
No,Rural,28,"20,000 to 29,000",2 to 4,Third Party
No,Urban,34,"30,000 to 39,000",2 to 4,Third Party
No,Urban,24,"20,000 to 29,000",2 to 4,Policy Holder
No,Urban,45,"less than 20,000",1,Policy Holder
No,Urban,37,"more than 69,000",more than 4,Policy Holder
No,Urban,38,"20,000 to 29,000",none,Policy Holder
No,Urban,55,"30,000 to 39,000",more than 4,Policy Holder
No,Urban,26,"20,000 to 29,000",2 to 4,Third Party
No,Urban,50,"more than 69,000",2 to 4,Third Party
No,Urban,28,"20,000 to 29,000",more than 4,Policy Holder
No,Urban,42,"30,000 to 39,000",2 to 4,Policy Holder
No,Urban,41,"30,000 to 39,000",more than 4,Policy Holder
No,Urban,54,"20,000 to 29,000",2 to 4,Third Party
No,Urban,40,"more than 69,000",2 to 4,Third Party
No,Urban,36,"30,000 to 39,000",2 to 4,Policy Holder
No,Rural,35,"20,000 to 29,000",none,Third Party
No,Urban,54,"more than 69,000",more than 4,Policy Holder
No,Urban,41,"30,000 to 39,000",1,Third Party
No,Rural,27,"more than 69,000",1,Policy Holder
No,Urban,44,"20,000 to 29,000",2 to 4,Policy Holder
No,Urban,26,"30,000 to 39,000",none,Third Party
No,Urban,43,"20,000 to 29,000",1,Policy Holder
No,Urban,29,"more than 69,000",more than 4,Policy Holder
No,Urban,31,"20,000 to 29,000",more than 4,Policy Holder
No,Urban,44,"20,000 to 29,000",1,Policy Holder
No,Urban,50,"20,000 to 29,000",2 to 4,Policy Holder
No,Urban,41,"20,000 to 29,000",2 to 4,Policy Holder
No,Urban,27,"less than 20,000",none,Third Party
No,Urban,67,"more than 69,000",more than 4,Policy Holder
Yes,Urban,58,"20,000 to 29,000",2 to 4,Policy Holder
No,Urban,39,"20,000 to 29,000",none,Third Party
No,Urban,29,"20,000 to 29,000",1,Policy Holder
No,Urban,69,"20,000 to 29,000",2 to 4,Policy Holder
No,Rural,52,"20,000 to 29,000",none,Third Party
No,Urban,52,"20,000 to 29,000",2 to 4,Third Party
No,Urban,28,"30,000 to 39,000",2 to 4,Policy Holder
No,Urban,55,"40,000 to 59,000",none,Third Party
No,Urban,33,"30,000 to 39,000",1,Third Party
No,Urban,41,"20,000 to 29,000",1,Policy Holder
No,Urban,29,"less than 20,000",none,Third Party
No,Urban,35,"20,000 to 29,000",none,Third Party
No,Urban,34,"30,000 to 39,000",1,Third Party
No,Urban,35,"30,000 to 39,000",2 to 4,Policy Holder
No,Urban,40,"20,000 to 29,000",2 to 4,Policy Holder
No,Urban,46,"less than 20,000",none,Policy Holder
No,Urban,22,"20,000 to 29,000",1,Policy Holder
No,Rural,61,"30,000 to 39,000",none,Policy Holder
No,Urban,31,"20,000 to 29,000",2 to 4,Policy Holder
No,Urban,36,"more than 69,000",more than 4,Policy Holder
No,Urban,38,"20,000 to 29,000",2 to 4,Policy Holder
No,Urban,37,"20,000 to 29,000",more than 4,Policy Holder
No,Urban,26,"30,000 to 39,000",2 to 4,Policy Holder
No,Urban,75,"20,000 to 29,000",1,Policy Holder
No,Urban,63,"more than 69,000",more than 4,Policy Holder
No,Urban,42,"20,000 to 29,000",1,Third Party
No,Urban,40,"20,000 to 29,000",1,Third Party
No,Urban,32,"20,000 to 29,000",1,Policy Holder
Yes,Rural,34,"30,000 to 39,000",1,Policy Holder
No,Urban,44,"20,000 to 29,000",none,Third Party
No,Urban,37,"30,000 to 39,000",1,Policy Holder
No,Urban,32,"20,000 to 29,000",2 to 4,Policy Holder
No,Urban,36,"30,000 to 39,000",2 to 4,Policy Holder
No,Urban,37,"20,000 to 29,000",more than 4,Third Party
No,Rural,40,"30,000 to 39,000",2 to 4,Policy Holder
No,Urban,32,"20,000 to 29,000",more than 4,Policy Holder
No,Urban,31,"20,000 to 29,000",none,Third Party
No,Urban,40,"more than 69,000",2 to 4,Policy Holder
No,Urban,26,"20,000 to 29,000",2 to 4,Policy Holder
No,Urban,41,"30,000 to 39,000",more than 4,Policy Holder
No,Rural,60,"30,000 to 39,000",1,Policy Holder
No,Urban,31,"less than 20,000",none,Policy Holder
No,Urban,58,"20,000 to 29,000",none,Policy Holder
No,Urban,41,"less than 20,000",none,Policy Holder
No,Urban,31,"30,000 to 39,000",2 to 4,Third Party
No,Rural,29,"20,000 to 29,000",2 to 4,Policy Holder
No,Urban,54,"20,000 to 29,000",none,Third Party
No,Rural,45,"more than 69,000",2 to 4,Third Party
No,Urban,37,"20,000 to 29,000",none,Third Party
No,Urban,28,"20,000 to 29,000",more than 4,Policy Holder
No,Urban,25,"20,000 to 29,000",2 to 4,Policy Holder
No,Urban,40,"40,000 to 59,000",1,Policy Holder
No,Urban,46,"20,000 to 29,000",2 to 4,Policy Holder
Yes,Urban,29,"20,000 to 29,000",2 to 4,Policy Holder
No,Urban,33,"20,000 to 29,000",2 to 4,Policy Holder
No,Urban,27,"20,000 to 29,000",1,Policy Holder
No,Urban,54,"30,000 to 39,000",1,Policy Holder
No,Urban,52,"20,000 to 29,000",none,Third Party
No,Urban,44,"40,000 to 59,000",none,Third Party
Yes,Urban,35,"30,000 to 39,000",more than 4,Policy Holder
No,Rural,50,"30,000 to 39,000",none,Policy Holder
No,Urban,36,"30,000 to 39,000",2 to 4,Policy Holder
No,Rural,61,"20,000 to 29,000",2 to 4,Policy Holder
No,Urban,26,"20,000 to 29,000",2 to 4,Third Party
No,Rural,43,"20,000 to 29,000",none,Policy Holder
No,Urban,42,"less than 20,000",1,Policy Holder
No,Urban,45,"more than 69,000",2 to 4,Policy Holder
No,Urban,54,"30,000 to 39,000",2 to 4,Policy Holder
No,Rural,63,"20,000 to 29,000",1,Policy Holder
No,Urban,37,"30,000 to 39,000",1,Policy Holder
No,Urban,21,"20,000 to 29,000",2 to 4,Policy Holder
No,Urban,55,"20,000 to 29,000",none,Policy Holder
No,Urban,41,"30,000 to 39,000",1,Third Party
No,Urban,39,"30,000 to 39,000",none,Policy Holder
Yes,Urban,33,"20,000 to 29,000",1,Policy Holder
No,Urban,46,"less than 20,000",none,Policy Holder
No,Urban,54,"20,000 to 29,000",none,Policy Holder
No,Urban,44,"more than 69,000",1,Policy Holder
No,Rural,48,"20,000 to 29,000",none,Policy Holder
No,Urban,53,"less than 20,000",2 to 4,Policy Holder
No,Urban,42,"20,000 to 29,000",none,Third Party
No,Urban,33,"less than 20,000",2 to 4,Third Party
No,Urban,44,"20,000 to 29,000",1,Third Party
No,Rural,33,"20,000 to 29,000",1,Third Party
No,Urban,34,"20,000 to 29,000",2 to 4,Policy Holder
No,Rural,40,"20,000 to 29,000",2 to 4,Policy Holder
No,Urban,53,"30,000 to 39,000",2 to 4,Policy Holder
No,Urban,50,"20,000 to 29,000",none,Third Party
No,Urban,45,"20,000 to 29,000",none,Third Party
No,Urban,45,"20,000 to 29,000",more than 4,Policy Holder
No,Rural,29,"20,000 to 29,000",1,Policy Holder
No,Urban,40,"20,000 to 29,000",more than 4,Third Party
No,Urban,28,"20,000 to 29,000",more than 4,Policy Holder
No,Urban,44,"20,000 to 29,000",none,Policy Holder
No,Urban,61,"less than 20,000",none,Policy Holder
No,Urban,31,"20,000 to 29,000",1,Third Party
No,Urban,26,"30,000 to 39,000",1,Policy Holder
No,Rural,75,"less than 20,000",2 to 4,Third Party
No,Urban,41,"20,000 to 29,000",2 to 4,Third Party
No,Urban,76,"less than 20,000",none,Policy Holder
No,Urban,39,"20,000 to 29,000",2 to 4,Policy Holder
No,Urban,30,"more than 69,000",none,Third Party
No,Rural,34,"40,000 to 59,000",none,Third Party
No,Urban,38,"20,000 to 29,000",1,Third Party
No,Urban,21,"20,000 to 29,000",2 to 4,Third Party
No,Urban,40,"20,000 to 29,000",more than 4,Policy Holder
Yes,Rural,30,"more than 69,000",1,Policy Holder
No,Urban,60,"20,000 to 29,000",1,Policy Holder
No,Urban,22,"30,000 to 39,000",2 to 4,Third Party
No,Urban,42,"20,000 to 29,000",1,Policy Holder
No,Rural,27,"30,000 to 39,000",2 to 4,Policy Holder
No,Urban,33,"30,000 to 39,000",1,Third Party
No,Urban,30,"more than 69,000",2 to 4,Policy Holder
No,Urban,29,"20,000 to 29,000",none,Third Party
No,Urban,26,"30,000 to 39,000",more than 4,Policy Holder
No,Urban,53,"30,000 to 39,000",none,Policy Holder
No,Urban,29,"20,000 to 29,000",2 to 4,Policy Holder
No,Urban,78,"20,000 to 29,000",none,Policy Holder
No,Urban,53,"more than 69,000",1,Policy Holder
No,Urban,29,"20,000 to 29,000",2 to 4,Policy Holder
No,Urban,44,"20,000 to 29,000",2 to 4,Policy Holder
No,Urban,38,"20,000 to 29,000",none,Third Party
No,Urban,60,"20,000 to 29,000",none,Third Party
Yes,Urban,46,"30,000 to 39,000",more than 4,Policy Holder
No,Urban,28,"more than 69,000",2 to 4,Policy Holder
No,Urban,49,"30,000 to 39,000",1,Policy Holder
No,Urban,23,"20,000 to 29,000",1,Third Party
No,Urban,64,"20,000 to 29,000",1,Policy Holder
No,Urban,32,"20,000 to 29,000",1,Third Party
No,Urban,33,"20,000 to 29,000",none,Policy Holder
No,Urban,70,"40,000 to 59,000",none,Third Party
No,Urban,55,"30,000 to 39,000",more than 4,Policy Holder
No,Urban,43,"30,000 to 39,000",2 to 4,Policy Holder
No,Urban,49,"20,000 to 29,000",2 to 4,Policy Holder
No,Rural,27,"20,000 to 29,000",none,Policy Holder
No,Urban,35,"20,000 to 29,000",more than 4,Third Party
No,Rural,39,"20,000 to 29,000",1,Policy Holder
No,Urban,46,"20,000 to 29,000",more than 4,Third Party
No,Urban,32,"20,000 to 29,000",none,Policy Holder
No,Urban,43,"less than 20,000",none,Third Party
No,Urban,26,"20,000 to 29,000",none,Policy Holder
No,Urban,38,"more than 69,000",2 to 4,Policy Holder
No,Urban,32,"20,000 to 29,000",none,Policy Holder
No,Urban,40,"60,000 to 69,000",more than 4,Policy Holder
No,Urban,44,"more than 69,000",2 to 4,Policy Holder
No,Urban,54,"20,000 to 29,000",none,Policy Holder
No,Urban,26,"20,000 to 29,000",more than 4,Policy Holder
No,Urban,32,"30,000 to 39,000",2 to 4,Third Party
No,Urban,46,"20,000 to 29,000",more than 4,Policy Holder
No,Urban,44,"40,000 to 59,000",2 to 4,Policy Holder
No,Urban,59,"more than 69,000",more than 4,Third Party
No,Urban,30,"20,000 to 29,000",2 to 4,Policy Holder
No,Rural,53,"40,000 to 59,000",1,Policy Holder
No,Urban,30,"more than 69,000",2 to 4,Third Party
No,Urban,64,"20,000 to 29,000",none,Policy Holder
No,Urban,58,"20,000 to 29,000",none,Policy Holder
No,Urban,38,"more than 69,000",2 to 4,Policy Holder
No,Urban,33,"30,000 to 39,000",none,Policy Holder
No,Urban,29,"20,000 to 29,000",more than 4,Policy Holder
No,Urban,34,"20,000 to 29,000",more than 4,Third Party
No,Urban,34,"20,000 to 29,000",none,Policy Holder
No,Urban,46,"20,000 to 29,000",1,Policy Holder
No,Urban,49,"30,000 to 39,000",1,Policy Holder
No,Urban,0,"more than 69,000",1,Policy Holder
No,Urban,32,"20,000 to 29,000",more than 4,Policy Holder
No,Urban,61,"more than 69,000",1,Policy Holder
No,Urban,33,"20,000 to 29,000",none,Policy Holder
No,Urban,29,"more than 69,000",none,Policy Holder
No,Urban,44,"20,000 to 29,000",2 to 4,Third Party
No,Urban,36,"40,000 to 59,000",1,Third Party
No,Urban,48,"20,000 to 29,000",more than 4,Policy Holder
No,Urban,39,"20,000 to 29,000",none,Third Party
No,Urban,30,"more than 69,000",none,Policy Holder
No,Urban,44,"30,000 to 39,000",2 to 4,Policy Holder
No,Urban,38,"20,000 to 29,000",more than 4,Policy Holder
No,Urban,39,"40,000 to 59,000",none,Policy Holder
No,Urban,30,"30,000 to 39,000",2 to 4,Policy Holder
No,Urban,75,"less than 20,000",1,Policy Holder
No,Urban,24,"30,000 to 39,000",1,Third Party
No,Urban,42,"less than 20,000",none,Third Party
No,Urban,36,"30,000 to 39,000",none,Policy Holder
No,Urban,0,"more than 69,000",none,Policy Holder
No,Urban,39,"20,000 to 29,000",2 to 4,Policy Holder
No,Urban,40,"20,000 to 29,000",1,Policy Holder
No,Urban,37,"20,000 to 29,000",2 to 4,Policy Holder
No,Urban,0,"more than 69,000",1,Policy Holder
No,Urban,33,"less than 20,000",none,Policy Holder
No,Urban,24,"20,000 to 29,000",none,Policy Holder
No,Urban,51,"less than 20,000",1,Policy Holder
No,Urban,30,"30,000 to 39,000",more than 4,Policy Holder
No,Urban,33,"20,000 to 29,000",1,Third Party
No,Urban,33,"20,000 to 29,000",2 to 4,Policy Holder
No,Urban,55,"30,000 to 39,000",2 to 4,Third Party
No,Urban,44,"20,000 to 29,000",none,Policy Holder
No,Urban,34,"20,000 to 29,000",2 to 4,Policy Holder
No,Urban,59,"20,000 to 29,000",2 to 4,Policy Holder
No,Rural,38,"30,000 to 39,000",1,Policy Holder
No,Urban,44,"more than 69,000",1,Policy Holder
No,Urban,37,"30,000 to 39,000",1,Policy Holder
No,Urban,34,"30,000 to 39,000",2 to 4,Third Party
No,Urban,45,"20,000 to 29,000",more than 4,Policy Holder
No,Urban,18,"20,000 to 29,000",none,Third Party
No,Urban,38,"20,000 to 29,000",2 to 4,Third Party
No,Urban,25,"less than 20,000",2 to 4,Third Party
No,Urban,31,"more than 69,000",2 to 4,Policy Holder
No,Urban,26,"less than 20,000",1,Policy Holder
No,Urban,35,"20,000 to 29,000",none,Policy Holder
No,Urban,51,"20,000 to 29,000",none,Policy Holder
No,Urban,27,"20,000 to 29,000",1,Policy Holder
No,Urban,26,"20,000 to 29,000",2 to 4,Policy Holder
Yes,Urban,35,"30,000 to 39,000",2 to 4,Policy Holder
No,Urban,50,"30,000 to 39,000",2 to 4,Policy Holder
No,Urban,49,"30,000 to 39,000",2 to 4,Third Party
No,Urban,52,"more than 69,000",more than 4,Third Party
No,Urban,21,"more than 69,000",2 to 4,Third Party
No,Urban,50,"less than 20,000",none,Third Party
No,Urban,27,"20,000 to 29,000",more than 4,Policy Holder
No,Urban,35,"more than 69,000",more than 4,Policy Holder
Yes,Urban,64,"20,000 to 29,000",1,Policy Holder
No,Urban,33,"20,000 to 29,000",1,Policy Holder
No,Urban,45,"more than 69,000",none,Third Party
No,Urban,30,"20,000 to 29,000",none,Third Party
No,Urban,39,"more than 69,000",2 to 4,Policy Holder
No,Urban,53,"more than 69,000",none,Policy Holder
No,Urban,44,"20,000 to 29,000",1,Policy Holder
No,Urban,57,"20,000 to 29,000",none,Policy Holder
No,Urban,59,"less than 20,000",1,Third Party
No,Urban,44,"40,000 to 59,000",more than 4,Policy Holder
No,Urban,34,"20,000 to 29,000",2 to 4,Policy Holder
No,Rural,40,"more than 69,000",2 to 4,Policy Holder
Yes,Urban,42,"more than 69,000",1,Policy Holder
No,Urban,31,"20,000 to 29,000",none,Policy Holder
No,Urban,41,"more than 69,000",none,Policy Holder
No,Rural,47,"30,000 to 39,000",1,Policy Holder
No,Urban,55,"20,000 to 29,000",none,Policy Holder
No,Urban,39,"20,000 to 29,000",2 to 4,Third Party
No,Urban,21,"20,000 to 29,000",1,Third Party
No,Urban,28,"20,000 to 29,000",1,Third Party
No,Urban,30,"30,000 to 39,000",2 to 4,Policy Holder
No,Urban,51,"30,000 to 39,000",2 to 4,Policy Holder
No,Urban,58,"20,000 to 29,000",more than 4,Policy Holder
No,Urban,0,"more than 69,000",2 to 4,Policy Holder
No,Urban,65,"more than 69,000",1,Policy Holder
No,Urban,32,"20,000 to 29,000",none,Policy Holder
No,Urban,32,"20,000 to 29,000",2 to 4,Policy Holder
No,Urban,26,"20,000 to 29,000",none,Policy Holder
No,Urban,30,"20,000 to 29,000",more than 4,Third Party
No,Urban,49,"20,000 to 29,000",none,Policy Holder
No,Urban,35,"20,000 to 29,000",2 to 4,Policy Holder
No,Urban,25,"less than 20,000",none,Policy Holder
No,Urban,35,"20,000 to 29,000",none,Third Party
No,Urban,35,"30,000 to 39,000",1,Policy Holder
No,Urban,59,"20,000 to 29,000",2 to 4,Policy Holder
Yes,Urban,28,"20,000 to 29,000",none,Policy Holder
No,Urban,43,"30,000 to 39,000",2 to 4,Policy Holder
No,Urban,48,"less than 20,000",1,Third Party
No,Urban,34,"20,000 to 29,000",1,Third Party
No,Urban,53,"30,000 to 39,000",2 to 4,Third Party
No,Urban,30,"30,000 to 39,000",none,Policy Holder
No,Rural,51,"more than 69,000",2 to 4,Policy Holder
No,Rural,55,"more than 69,000",none,Policy Holder
No,Rural,43,"30,000 to 39,000",more than 4,Third Party
No,Urban,26,"20,000 to 29,000",2 to 4,Policy Holder
No,Urban,29,"20,000 to 29,000",2 to 4,Policy Holder
No,Urban,41,"20,000 to 29,000",1,Policy Holder
No,Urban,32,"more than 69,000",none,Policy Holder
No,Rural,65,"more than 69,000",1,Policy Holder
No,Rural,32,"20,000 to 29,000",none,Policy Holder
No,Urban,64,"20,000 to 29,000",none,Policy Holder
No,Urban,37,"30,000 to 39,000",2 to 4,Policy Holder
No,Urban,0,"more than 69,000",1,Policy Holder
No,Urban,41,"30,000 to 39,000",none,Third Party
No,Urban,41,"30,000 to 39,000",1,Policy Holder
No,Urban,56,"less than 20,000",2 to 4,Policy Holder
No,Urban,24,"30,000 to 39,000",1,Third Party
No,Urban,0,"more than 69,000",2 to 4,Policy Holder
No,Urban,30,"20,000 to 29,000",2 to 4,Policy Holder
No,Urban,42,"20,000 to 29,000",1,Policy Holder
No,Urban,54,"20,000 to 29,000",1,Third Party
No,Urban,30,"20,000 to 29,000",2 to 4,Third Party
No,Urban,38,"20,000 to 29,000",1,Third Party
No,Urban,46,"20,000 to 29,000",1,Policy Holder
No,Urban,26,"30,000 to 39,000",2 to 4,Policy Holder
No,Urban,0,"more than 69,000",none,Policy Holder
No,Urban,80,"30,000 to 39,000",more than 4,Policy Holder
No,Urban,59,"more than 69,000",1,Third Party
No,Urban,35,"20,000 to 29,000",1,Policy Holder
No,Urban,53,"20,000 to 29,000",2 to 4,Third Party
Yes,Rural,42,"20,000 to 29,000",none,Policy Holder
Yes,Urban,34,"20,000 to 29,000",1,Third Party
No,Urban,36,"30,000 to 39,000",2 to 4,Policy Holder
No,Urban,33,"20,000 to 29,000",none,Policy Holder
No,Urban,33,"less than 20,000",none,Policy Holder
No,Urban,32,"30,000 to 39,000",2 to 4,Third Party
No,Urban,45,"20,000 to 29,000",2 to 4,Third Party
No,Urban,57,"20,000 to 29,000",2 to 4,Policy Holder
No,Urban,27,"more than 69,000",2 to 4,Third Party
No,Urban,28,"less than 20,000",1,Policy Holder
No,Urban,42,"20,000 to 29,000",2 to 4,Policy Holder
No,Urban,53,"30,000 to 39,000",2 to 4,Policy Holder
No,Urban,55,"less than 20,000",1,Third Party
No,Urban,63,"30,000 to 39,000",none,Policy Holder
Yes,Urban,26,"less than 20,000",2 to 4,Policy Holder
No,Rural,45,"more than 69,000",none,Policy Holder
No,Urban,33,"20,000 to 29,000",2 to 4,Policy Holder
No,Urban,40,"30,000 to 39,000",2 to 4,Third Party
No,Urban,50,"20,000 to 29,000",none,Third Party
No,Urban,40,"30,000 to 39,000",2 to 4,Policy Holder
No,Urban,59,"20,000 to 29,000",more than 4,Third Party
No,Urban,40,"20,000 to 29,000",1,Policy Holder
No,Urban,39,"30,000 to 39,000",none,Policy Holder
No,Urban,61,"more than 69,000",2 to 4,Policy Holder
No,Rural,26,"20,000 to 29,000",2 to 4,Policy Holder
No,Urban,51,"20,000 to 29,000",more than 4,Policy Holder
No,Urban,40,"20,000 to 29,000",2 to 4,Policy Holder
No,Urban,27,"20,000 to 29,000",1,Third Party
Yes,Rural,49,"20,000 to 29,000",none,Policy Holder
No,Urban,37,"30,000 to 39,000",2 to 4,Policy Holder
No,Urban,33,"20,000 to 29,000",2 to 4,Third Party
No,Urban,44,"20,000 to 29,000",2 to 4,Policy Holder
No,Urban,29,"less than 20,000",1,Policy Holder
Yes,Urban,31,"less than 20,000",none,Policy Holder
No,Urban,41,"20,000 to 29,000",more than 4,Policy Holder
No,Urban,0,"more than 69,000",2 to 4,Policy Holder
No,Urban,36,"20,000 to 29,000",1,Third Party
No,Urban,45,"less than 20,000",2 to 4,Policy Holder
No,Rural,63,"30,000 to 39,000",none,Policy Holder
No,Urban,58,"less than 20,000",2 to 4,Policy Holder
No,Rural,29,"40,000 to 59,000",2 to 4,Policy Holder
No,Urban,36,"20,000 to 29,000",none,Policy Holder
No,Urban,49,"20,000 to 29,000",2 to 4,Policy Holder
No,Urban,43,"20,000 to 29,000",2 to 4,Policy Holder
No,Urban,23,"more than 69,000",more than 4,Policy Holder
Yes,Urban,27,"20,000 to 29,000",none,Policy Holder
No,Urban,70,"20,000 to 29,000",none,Policy Holder
No,Urban,31,"20,000 to 29,000",none,Policy Holder
No,Urban,70,"20,000 to 29,000",more than 4,Policy Holder
No,Urban,59,"less than 20,000",none,Third Party
No,Urban,51,"more than 69,000",more than 4,Policy Holder
No,Urban,33,"20,000 to 29,000",1,Policy Holder
No,Urban,33,"more than 69,000",none,Policy Holder
No,Urban,37,"30,000 to 39,000",more than 4,Policy Holder
No,Urban,23,"20,000 to 29,000",1,Third Party
No,Urban,28,"less than 20,000",none,Third Party
No,Rural,47,"20,000 to 29,000",none,Policy Holder
No,Urban,52,"30,000 to 39,000",2 to 4,Policy Holder
No,Urban,37,"20,000 to 29,000",2 to 4,Third Party
No,Urban,22,"20,000 to 29,000",none,Policy Holder
No,Rural,37,"less than 20,000",2 to 4,Third Party
No,Urban,26,"20,000 to 29,000",none,Policy Holder
No,Urban,35,"30,000 to 39,000",more than 4,Third Party
No,Rural,60,"30,000 to 39,000",1,Policy Holder
No,Rural,0,"more than 69,000",1,Policy Holder
No,Urban,33,"20,000 to 29,000",none,Third Party
Yes,Urban,31,"20,000 to 29,000",2 to 4,Policy Holder
Yes,Urban,45,"20,000 to 29,000",none,Policy Holder
No,Urban,45,"30,000 to 39,000",2 to 4,Policy Holder
No,Urban,32,"more than 69,000",2 to 4,Policy Holder
No,Urban,38,"30,000 to 39,000",none,Policy Holder
Yes,Urban,32,"20,000 to 29,000",1,Policy Holder
No,Urban,19,"20,000 to 29,000",2 to 4,Third Party
No,Rural,56,"20,000 to 29,000",1,Policy Holder
No,Urban,26,"less than 20,000",none,Policy Holder
No,Urban,50,"20,000 to 29,000",1,Policy Holder
No,Urban,41,"30,000 to 39,000",2 to 4,Policy Holder
No,Urban,56,"20,000 to 29,000",1,Policy Holder
No,Urban,0,"more than 69,000",2 to 4,Policy Holder
No,Urban,46,"more than 69,000",2 to 4,Policy Holder
No,Rural,29,"20,000 to 29,000",none,Policy Holder
No,Urban,29,"20,000 to 29,000",2 to 4,Policy Holder
Yes,Urban,50,"20,000 to 29,000",2 to 4,Policy Holder
No,Rural,47,"20,000 to 29,000",none,Policy Holder
No,Urban,42,"20,000 to 29,000",none,Third Party
No,Urban,27,"20,000 to 29,000",2 to 4,Policy Holder
No,Urban,0,"more than 69,000",more than 4,Policy Holder
No,Urban,40,"20,000 to 29,000",1,Policy Holder
No,Urban,42,"20,000 to 29,000",more than 4,Policy Holder
No,Urban,26,"less than 20,000",2 to 4,Third Party
No,Urban,37,"20,000 to 29,000",1,Third Party
No,Urban,66,"30,000 to 39,000",1,Policy Holder
No,Urban,45,"20,000 to 29,000",2 to 4,Policy Holder
No,Urban,35,"20,000 to 29,000",none,Policy Holder
No,Urban,51,"20,000 to 29,000",2 to 4,Policy Holder
No,Urban,45,"30,000 to 39,000",2 to 4,Policy Holder
No,Rural,45,"more than 69,000",none,Policy Holder
No,Urban,33,"20,000 to 29,000",1,Third Party
No,Urban,44,"20,000 to 29,000",more than 4,Third Party
No,Urban,47,"60,000 to 69,000",2 to 4,Policy Holder
Yes,Urban,68,"more than 69,000",none,Policy Holder
No,Urban,41,"more than 69,000",none,Third Party
No,Urban,62,"30,000 to 39,000",2 to 4,Third Party
No,Urban,53,"20,000 to 29,000",none,Third Party
Yes,Urban,32,"20,000 to 29,000",2 to 4,Policy Holder
No,Urban,45,"60,000 to 69,000",more than 4,Policy Holder
No,Urban,33,"20,000 to 29,000",2 to 4,Policy Holder
No,Urban,29,"20,000 to 29,000",1,Policy Holder
No,Urban,73,"more than 69,000",1,Third Party
No,Urban,34,"20,000 to 29,000",none,Policy Holder
Yes,Urban,31,"30,000 to 39,000",more than 4,Policy Holder
No,Urban,40,"20,000 to 29,000",2 to 4,Policy Holder
No,Urban,64,"more than 69,000",2 to 4,Policy Holder
No,Urban,47,"30,000 to 39,000",2 to 4,Third Party
No,Urban,35,"30,000 to 39,000",2 to 4,Policy Holder
No,Urban,57,"30,000 to 39,000",1,Policy Holder
No,Urban,41,"20,000 to 29,000",none,Policy Holder
No,Urban,32,"20,000 to 29,000",1,Policy Holder
No,Urban,59,"less than 20,000",none,Policy Holder
No,Urban,37,"more than 69,000",none,Policy Holder
No,Urban,73,"30,000 to 39,000",none,Policy Holder
No,Urban,50,"20,000 to 29,000",none,Third Party
No,Rural,52,"30,000 to 39,000",none,Policy Holder
No,Urban,70,"20,000 to 29,000",2 to 4,Policy Holder
No,Urban,29,"30,000 to 39,000",more than 4,Policy Holder
No,Urban,36,"20,000 to 29,000",2 to 4,Policy Holder
No,Urban,33,"30,000 to 39,000",none,Policy Holder
Yes,Urban,29,"20,000 to 29,000",1,Policy Holder
Yes,Urban,28,"20,000 to 29,000",1,Policy Holder
No,Urban,59,"20,000 to 29,000",1,Third Party
No,Urban,22,"30,000 to 39,000",2 to 4,Third Party
No,Urban,32,"20,000 to 29,000",none,Third Party
No,Urban,47,"20,000 to 29,000",2 to 4,Policy Holder
No,Urban,64,"20,000 to 29,000",none,Policy Holder
No,Urban,34,"30,000 to 39,000",1,Policy Holder
No,Urban,22,"20,000 to 29,000",2 to 4,Policy Holder
No,Urban,24,"20,000 to 29,000",none,Third Party
No,Urban,47,"30,000 to 39,000",2 to 4,Policy Holder
No,Urban,33,"30,000 to 39,000",2 to 4,Policy Holder
No,Urban,43,"less than 20,000",2 to 4,Policy Holder
No,Urban,28,"30,000 to 39,000",2 to 4,Third Party
No,Urban,40,"20,000 to 29,000",1,Policy Holder
No,Urban,23,"less than 20,000",none,Policy Holder
No,Urban,31,"30,000 to 39,000",1,Policy Holder
No,Urban,26,"20,000 to 29,000",2 to 4,Policy Holder
No,Urban,26,"20,000 to 29,000",1,Third Party
No,Urban,37,"more than 69,000",none,Policy Holder
No,Urban,25,"20,000 to 29,000",2 to 4,Policy Holder
No,Urban,58,"30,000 to 39,000",1,Policy Holder
No,Urban,34,"30,000 to 39,000",2 to 4,Policy Holder
No,Urban,26,"30,000 to 39,000",1,Policy Holder
No,Urban,35,"30,000 to 39,000",none,Policy Holder
No,Urban,40,"30,000 to 39,000",2 to 4,Policy Holder
No,Urban,36,"20,000 to 29,000",none,Third Party
No,Urban,50,"less than 20,000",2 to 4,Policy Holder
No,Urban,47,"20,000 to 29,000",1,Policy Holder
No,Urban,30,"30,000 to 39,000",more than 4,Policy Holder
No,Urban,74,"20,000 to 29,000",2 to 4,Policy Holder
No,Urban,52,"30,000 to 39,000",more than 4,Policy Holder
No,Urban,30,"30,000 to 39,000",2 to 4,Policy Holder
Yes,Urban,60,"more than 69,000",1,Policy Holder
Yes,Urban,59,"20,000 to 29,000",1,Policy Holder
No,Urban,44,"20,000 to 29,000",2 to 4,Policy Holder
No,Urban,28,"more than 69,000",none,Policy Holder
Yes,Urban,30,"20,000 to 29,000",2 to 4,Policy Holder
No,Urban,42,"30,000 to 39,000",2 to 4,Policy Holder
No,Rural,60,"20,000 to 29,000",1,Policy Holder
No,Urban,47,"30,000 to 39,000",1,Third Party
No,Urban,27,"20,000 to 29,000",2 to 4,Policy Holder
No,Urban,45,"30,000 to 39,000",2 to 4,Third Party
No,Urban,32,"20,000 to 29,000",1,Third Party
No,Urban,71,"less than 20,000",none,Policy Holder
No,Urban,35,"more than 69,000",1,Third Party
Yes,Urban,26,"20,000 to 29,000",none,Policy Holder
No,Urban,34,"20,000 to 29,000",more than 4,Policy Holder
No,Urban,66,"20,000 to 29,000",2 to 4,Third Party
No,Urban,58,"more than 69,000",none,Third Party
No,Urban,32,"20,000 to 29,000",none,Policy Holder
No,Urban,55,"20,000 to 29,000",2 to 4,Policy Holder
No,Urban,29,"20,000 to 29,000",1,Policy Holder
No,Urban,54,"less than 20,000",1,Third Party
No,Urban,29,"20,000 to 29,000",more than 4,Policy Holder
No,Urban,33,"20,000 to 29,000",2 to 4,Policy Holder
No,Urban,39,"more than 69,000",1,Policy Holder
No,Urban,48,"less than 20,000",none,Third Party
No,Urban,34,"20,000 to 29,000",none,Policy Holder
No,Urban,36,"20,000 to 29,000",2 to 4,Third Party
No,Urban,36,"20,000 to 29,000",2 to 4,Third Party
No,Urban,53,"30,000 to 39,000",2 to 4,Policy Holder
Yes,Urban,26,"20,000 to 29,000",2 to 4,Policy Holder
No,Rural,29,"20,000 to 29,000",2 to 4,Policy Holder
No,Urban,50,"20,000 to 29,000",none,Third Party
No,Urban,28,"less than 20,000",2 to 4,Policy Holder
No,Urban,45,"20,000 to 29,000",none,Policy Holder
No,Urban,22,"30,000 to 39,000",2 to 4,Third Party
No,Urban,24,"20,000 to 29,000",1,Policy Holder
No,Rural,54,"more than 69,000",none,Third Party
No,Urban,44,"20,000 to 29,000",1,Policy Holder
No,Rural,39,"20,000 to 29,000",none,Policy Holder
No,Urban,47,"20,000 to 29,000",2 to 4,Policy Holder
No,Urban,44,"20,000 to 29,000",none,Policy Holder
No,Urban,41,"20,000 to 29,000",2 to 4,Policy Holder
No,Urban,55,"more than 69,000",more than 4,Policy Holder
No,Urban,26,"20,000 to 29,000",1,Policy Holder
No,Urban,64,"30,000 to 39,000",none,Policy Holder
No,Urban,48,"30,000 to 39,000",2 to 4,Policy Holder
No,Urban,60,"more than 69,000",none,Policy Holder
No,Urban,53,"20,000 to 29,000",more than 4,Policy Holder
No,Urban,41,"20,000 to 29,000",none,Third Party
No,Urban,27,"less than 20,000",2 to 4,Policy Holder
No,Urban,30,"more than 69,000",1,Policy Holder
No,Urban,27,"20,000 to 29,000",more than 4,Third Party
No,Urban,71,"less than 20,000",none,Policy Holder
No,Urban,42,"40,000 to 59,000",more than 4,Policy Holder
No,Urban,26,"20,000 to 29,000",1,Policy Holder
No,Urban,29,"less than 20,000",none,Policy Holder
No,Urban,55,"30,000 to 39,000",more than 4,Third Party
Yes,Rural,46,"less than 20,000",2 to 4,Policy Holder
No,Urban,50,"30,000 to 39,000",2 to 4,Policy Holder
No,Rural,0,"more than 69,000",2 to 4,Policy Holder
No,Rural,21,"20,000 to 29,000",none,Policy Holder
No,Urban,35,"20,000 to 29,000",2 to 4,Policy Holder
No,Urban,51,"30,000 to 39,000",2 to 4,Third Party
No,Urban,62,"30,000 to 39,000",2 to 4,Policy Holder
Yes,Rural,28,"20,000 to 29,000",2 to 4,Policy Holder
No,Urban,65,"more than 69,000",more than 4,Policy Holder
No,Urban,29,"20,000 to 29,000",none,Policy Holder
No,Urban,63,"20,000 to 29,000",2 to 4,Policy Holder
No,Urban,46,"20,000 to 29,000",none,Policy Holder
No,Rural,60,"60,000 to 69,000",2 to 4,Policy Holder
No,Urban,19,"more than 69,000",none,Third Party
No,Urban,34,"less than 20,000",1,Policy Holder
No,Urban,59,"30,000 to 39,000",more than 4,Policy Holder
No,Urban,53,"30,000 to 39,000",2 to 4,Policy Holder
No,Urban,63,"20,000 to 29,000",more than 4,Third Party
No,Urban,52,"30,000 to 39,000",1,Policy Holder
No,Urban,28,"20,000 to 29,000",2 to 4,Policy Holder
No,Urban,53,"20,000 to 29,000",2 to 4,Policy Holder
No,Urban,38,"less than 20,000",1,Policy Holder
No,Urban,45,"20,000 to 29,000",none,Policy Holder
No,Urban,0,"more than 69,000",2 to 4,Policy Holder
No,Urban,35,"more than 69,000",more than 4,Policy Holder
No,Urban,61,"more than 69,000",1,Policy Holder
No,Urban,49,"20,000 to 29,000",none,Third Party
No,Urban,54,"20,000 to 29,000",2 to 4,Policy Holder
No,Urban,34,"30,000 to 39,000",more than 4,Policy Holder
No,Urban,24,"20,000 to 29,000",none,Policy Holder
No,Urban,68,"less than 20,000",none,Third Party
No,Urban,23,"20,000 to 29,000",more than 4,Policy Holder
No,Urban,27,"30,000 to 39,000",2 to 4,Policy Holder
No,Urban,32,"less than 20,000",1,Policy Holder
No,Urban,55,"20,000 to 29,000",none,Third Party
No,Urban,39,"more than 69,000",2 to 4,Policy Holder
No,Rural,46,"20,000 to 29,000",none,Third Party
No,Urban,39,"30,000 to 39,000",more than 4,Policy Holder
No,Urban,29,"20,000 to 29,000",none,Policy Holder
Yes,Urban,45,"more than 69,000",none,Third Party
No,Urban,31,"20,000 to 29,000",2 to 4,Policy Holder
No,Urban,51,"30,000 to 39,000",1,Third Party
No,Urban,31,"30,000 to 39,000",none,Policy Holder
No,Urban,58,"more than 69,000",none,Third Party
No,Urban,47,"20,000 to 29,000",more than 4,Policy Holder
No,Urban,30,"20,000 to 29,000",none,Third Party
No,Urban,28,"20,000 to 29,000",1,Policy Holder
No,Urban,45,"30,000 to 39,000",none,Third Party
Yes,Rural,76,"30,000 to 39,000",none,Policy Holder
No,Urban,32,"20,000 to 29,000",none,Third Party
No,Rural,24,"30,000 to 39,000",2 to 4,Policy Holder
No,Urban,29,"30,000 to 39,000",2 to 4,Third Party
No,Urban,32,"30,000 to 39,000",none,Policy Holder
No,Urban,34,"less than 20,000",none,Policy Holder
Yes,Urban,31,"20,000 to 29,000",none,Policy Holder
No,Urban,35,"30,000 to 39,000",none,Policy Holder
No,Rural,26,"20,000 to 29,000",2 to 4,Policy Holder
No,Urban,38,"20,000 to 29,000",1,Policy Holder
No,Urban,24,"20,000 to 29,000",2 to 4,Policy Holder
No,Urban,46,"less than 20,000",1,Policy Holder
No,Urban,50,"20,000 to 29,000",1,Third Party
No,Urban,0,"more than 69,000",1,Policy Holder
No,Urban,37,"30,000 to 39,000",1,Policy Holder
No,Urban,57,"more than 69,000",1,Policy Holder
No,Urban,35,"30,000 to 39,000",more than 4,Policy Holder
No,Urban,39,"30,000 to 39,000",2 to 4,Policy Holder
No,Urban,27,"30,000 to 39,000",2 to 4,Third Party
No,Urban,47,"20,000 to 29,000",1,Policy Holder
No,Urban,51,"30,000 to 39,000",2 to 4,Policy Holder
No,Urban,45,"20,000 to 29,000",2 to 4,Policy Holder
No,Urban,35,"20,000 to 29,000",1,Third Party
No,Urban,46,"30,000 to 39,000",none,Policy Holder
No,Urban,52,"30,000 to 39,000",2 to 4,Third Party
No,Urban,31,"20,000 to 29,000",2 to 4,Policy Holder
No,Rural,38,"20,000 to 29,000",1,Policy Holder
No,Urban,26,"20,000 to 29,000",2 to 4,Policy Holder
No,Urban,23,"less than 20,000",none,Third Party
No,Rural,67,"more than 69,000",none,Policy Holder
No,Urban,33,"20,000 to 29,000",more than 4,Policy Holder
No,Urban,29,"20,000 to 29,000",none,Policy Holder
No,Urban,23,"20,000 to 29,000",1,Third Party
No,Urban,22,"20,000 to 29,000",2 to 4,Policy Holder
No,Urban,33,"20,000 to 29,000",2 to 4,Third Party
No,Urban,72,"20,000 to 29,000",more than 4,Policy Holder
No,Urban,50,"more than 69,000",2 to 4,Third Party
Yes,Urban,46,"more than 69,000",none,Policy Holder
No,Urban,30,"20,000 to 29,000",1,Policy Holder
No,Rural,38,"30,000 to 39,000",none,Policy Holder
No,Urban,33,"30,000 to 39,000",none,Policy Holder
No,Rural,40,"30,000 to 39,000",2 to 4,Policy Holder
No,Urban,49,"20,000 to 29,000",2 to 4,Third Party
No,Rural,52,"20,000 to 29,000",1,Third Party
No,Urban,69,"20,000 to 29,000",1,Policy Holder
No,Urban,37,"20,000 to 29,000",more than 4,Policy Holder
No,Urban,36,"20,000 to 29,000",none,Policy Holder
No,Urban,38,"30,000 to 39,000",more than 4,Policy Holder
No,Urban,53,"20,000 to 29,000",1,Policy Holder
No,Urban,53,"less than 20,000",none,Third Party
No,Rural,37,"20,000 to 29,000",1,Policy Holder
No,Urban,29,"more than 69,000",2 to 4,Policy Holder
No,Urban,28,"20,000 to 29,000",2 to 4,Policy Holder
No,Urban,48,"40,000 to 59,000",2 to 4,Third Party
No,Urban,33,"less than 20,000",1,Third Party
No,Rural,33,"40,000 to 59,000",2 to 4,Policy Holder
No,Urban,44,"30,000 to 39,000",none,Policy Holder
No,Urban,62,"20,000 to 29,000",more than 4,Policy Holder
No,Urban,30,"20,000 to 29,000",2 to 4,Policy Holder
No,Rural,36,"20,000 to 29,000",2 to 4,Policy Holder
No,Urban,31,"20,000 to 29,000",none,Third Party
No,Urban,64,"20,000 to 29,000",none,Policy Holder
No,Urban,26,"20,000 to 29,000",none,Third Party
No,Urban,27,"20,000 to 29,000",2 to 4,Policy Holder
No,Rural,54,"20,000 to 29,000",none,Third Party
No,Urban,37,"30,000 to 39,000",2 to 4,Third Party
No,Urban,28,"less than 20,000",2 to 4,Policy Holder
No,Urban,59,"40,000 to 59,000",2 to 4,Policy Holder
No,Urban,22,"20,000 to 29,000",more than 4,Policy Holder
No,Rural,40,"20,000 to 29,000",2 to 4,Policy Holder
Yes,Urban,28,"30,000 to 39,000",1,Policy Holder
No,Urban,44,"20,000 to 29,000",1,Policy Holder
No,Rural,26,"20,000 to 29,000",1,Policy Holder
No,Urban,27,"20,000 to 29,000",none,Policy Holder
No,Urban,58,"less than 20,000",none,Third Party
No,Urban,37,"30,000 to 39,000",none,Policy Holder
No,Rural,30,"20,000 to 29,000",1,Policy Holder
No,Urban,32,"30,000 to 39,000",2 to 4,Policy Holder
No,Urban,26,"20,000 to 29,000",2 to 4,Policy Holder
No,Rural,39,"more than 69,000",2 to 4,Policy Holder
No,Urban,37,"more than 69,000",more than 4,Policy Holder
No,Urban,30,"20,000 to 29,000",1,Policy Holder
No,Urban,44,"30,000 to 39,000",none,Third Party
No,Urban,18,"20,000 to 29,000",none,Third Party
No,Urban,26,"less than 20,000",2 to 4,Third Party
No,Urban,27,"20,000 to 29,000",none,Policy Holder
No,Urban,38,"less than 20,000",none,Policy Holder
No,Urban,61,"20,000 to 29,000",1,Third Party
No,Urban,40,"20,000 to 29,000",none,Third Party
No,Urban,32,"20,000 to 29,000",2 to 4,Third Party
No,Urban,21,"20,000 to 29,000",2 to 4,Third Party
No,Rural,45,"30,000 to 39,000",1,Third Party
No,Urban,32,"30,000 to 39,000",1,Policy Holder
No,Urban,51,"20,000 to 29,000",2 to 4,Third Party
No,Urban,31,"more than 69,000",none,Policy Holder
No,Urban,46,"20,000 to 29,000",2 to 4,Policy Holder
No,Urban,31,"20,000 to 29,000",none,Policy Holder
No,Urban,61,"20,000 to 29,000",2 to 4,Third Party
No,Urban,80,"20,000 to 29,000",2 to 4,Policy Holder
No,Urban,35,"20,000 to 29,000",2 to 4,Third Party
No,Urban,44,"30,000 to 39,000",1,Policy Holder
No,Urban,31,"30,000 to 39,000",2 to 4,Policy Holder
No,Urban,39,"20,000 to 29,000",none,Third Party
No,Rural,46,"20,000 to 29,000",none,Third Party
No,Urban,54,"30,000 to 39,000",none,Policy Holder
No,Urban,25,"20,000 to 29,000",none,Policy Holder
No,Urban,54,"more than 69,000",1,Policy Holder
No,Rural,51,"more than 69,000",1,Policy Holder
No,Urban,32,"20,000 to 29,000",2 to 4,Policy Holder
No,Urban,33,"30,000 to 39,000",1,Policy Holder
No,Urban,33,"less than 20,000",none,Policy Holder
No,Urban,72,"more than 69,000",more than 4,Policy Holder
No,Rural,61,"less than 20,000",none,Policy Holder
No,Urban,42,"30,000 to 39,000",2 to 4,Policy Holder
No,Rural,39,"less than 20,000",none,Policy Holder
No,Urban,27,"30,000 to 39,000",none,Policy Holder
No,Urban,52,"20,000 to 29,000",2 to 4,Policy Holder
No,Rural,61,"20,000 to 29,000",none,Policy Holder
No,Urban,63,"20,000 to 29,000",none,Third Party
No,Urban,41,"20,000 to 29,000",more than 4,Policy Holder
No,Urban,62,"20,000 to 29,000",1,Policy Holder
No,Urban,35,"40,000 to 59,000",2 to 4,Third Party
No,Urban,34,"40,000 to 59,000",2 to 4,Policy Holder
No,Urban,32,"20,000 to 29,000",2 to 4,Policy Holder
No,Urban,24,"20,000 to 29,000",2 to 4,Policy Holder
No,Urban,50,"30,000 to 39,000",more than 4,Policy Holder
No,Urban,45,"20,000 to 29,000",2 to 4,Third Party
No,Urban,32,"more than 69,000",1,Policy Holder
Yes,Rural,54,"30,000 to 39,000",1,Policy Holder
No,Urban,37,"less than 20,000",1,Third Party
No,Urban,42,"20,000 to 29,000",1,Policy Holder
No,Urban,50,"more than 69,000",2 to 4,Policy Holder
No,Urban,34,"20,000 to 29,000",none,Policy Holder
No,Urban,28,"20,000 to 29,000",2 to 4,Policy Holder
No,Urban,28,"20,000 to 29,000",2 to 4,Policy Holder
No,Urban,35,"30,000 to 39,000",none,Policy Holder
No,Urban,36,"20,000 to 29,000",more than 4,Policy Holder
No,Urban,48,"more than 69,000",none,Policy Holder
No,Urban,28,"20,000 to 29,000",1,Policy Holder
Yes,Urban,64,"40,000 to 59,000",2 to 4,Policy Holder
No,Urban,51,"20,000 to 29,000",none,Policy Holder
No,Urban,33,"30,000 to 39,000",1,Third Party
No,Urban,39,"20,000 to 29,000",2 to 4,Third Party
No,Urban,55,"20,000 to 29,000",none,Third Party
No,Urban,31,"more than 69,000",1,Policy Holder
No,Urban,33,"more than 69,000",none,Third Party
No,Urban,37,"30,000 to 39,000",more than 4,Policy Holder
No,Urban,55,"20,000 to 29,000",2 to 4,Third Party
No,Urban,45,"20,000 to 29,000",2 to 4,Policy Holder
No,Urban,46,"20,000 to 29,000",1,Third Party
No,Urban,55,"less than 20,000",none,Policy Holder
No,Urban,27,"30,000 to 39,000",1,Policy Holder
No,Urban,75,"20,000 to 29,000",1,Third Party
No,Urban,47,"20,000 to 29,000",1,Policy Holder
No,Urban,38,"30,000 to 39,000",more than 4,Policy Holder
No,Urban,41,"more than 69,000",none,Third Party
No,Urban,37,"more than 69,000",2 to 4,Policy Holder
No,Urban,52,"less than 20,000",none,Third Party
No,Urban,48,"30,000 to 39,000",2 to 4,Policy Holder
No,Urban,29,"30,000 to 39,000",none,Policy Holder
No,Urban,49,"30,000 to 39,000",2 to 4,Policy Holder
No,Rural,27,"20,000 to 29,000",more than 4,Policy Holder
Yes,Rural,29,"more than 69,000",none,Policy Holder
No,Urban,30,"20,000 to 29,000",1,Third Party
No,Urban,32,"20,000 to 29,000",1,Policy Holder
No,Urban,30,"20,000 to 29,000",2 to 4,Policy Holder
No,Rural,37,"20,000 to 29,000",none,Policy Holder
No,Urban,55,"20,000 to 29,000",more than 4,Policy Holder
No,Rural,52,"30,000 to 39,000",1,Policy Holder
Yes,Urban,48,"20,000 to 29,000",1,Policy Holder
No,Urban,30,"more than 69,000",2 to 4,Policy Holder
No,Urban,32,"30,000 to 39,000",none,Policy Holder
No,Rural,30,"20,000 to 29,000",none,Policy Holder
No,Urban,28,"20,000 to 29,000",none,Policy Holder
No,Rural,45,"20,000 to 29,000",1,Policy Holder
No,Urban,43,"20,000 to 29,000",2 to 4,Policy Holder
No,Urban,65,"more than 69,000",none,Policy Holder
No,Urban,28,"30,000 to 39,000",none,Third Party
No,Urban,61,"20,000 to 29,000",2 to 4,Policy Holder
No,Urban,38,"20,000 to 29,000",1,Policy Holder
No,Rural,28,"20,000 to 29,000",2 to 4,Policy Holder
No,Urban,39,"30,000 to 39,000",2 to 4,Policy Holder
No,Urban,43,"30,000 to 39,000",more than 4,Policy Holder
No,Urban,29,"more than 69,000",2 to 4,Policy Holder
No,Urban,27,"30,000 to 39,000",2 to 4,Policy Holder
No,Urban,28,"20,000 to 29,000",more than 4,Policy Holder
No,Urban,54,"30,000 to 39,000",1,Policy Holder
No,Urban,39,"20,000 to 29,000",1,Policy Holder
No,Rural,33,"20,000 to 29,000",2 to 4,Third Party
No,Rural,29,"20,000 to 29,000",2 to 4,Policy Holder
No,Urban,65,"20,000 to 29,000",none,Third Party
No,Urban,33,"30,000 to 39,000",1,Policy Holder
No,Urban,39,"more than 69,000",2 to 4,Policy Holder
No,Urban,52,"20,000 to 29,000",none,Policy Holder
No,Urban,0,"more than 69,000",2 to 4,Policy Holder
No,Urban,56,"20,000 to 29,000",none,Third Party
No,Urban,45,"20,000 to 29,000",1,Policy Holder
No,Urban,34,"more than 69,000",2 to 4,Policy Holder
No,Urban,24,"20,000 to 29,000",none,Policy Holder
No,Urban,32,"more than 69,000",none,Policy Holder
No,Urban,50,"20,000 to 29,000",2 to 4,Third Party
No,Urban,50,"20,000 to 29,000",1,Policy Holder
No,Urban,27,"20,000 to 29,000",more than 4,Policy Holder
No,Urban,33,"20,000 to 29,000",2 to 4,Third Party
No,Urban,53,"20,000 to 29,000",2 to 4,Policy Holder
No,Urban,53,"20,000 to 29,000",2 to 4,Policy Holder
No,Urban,44,"20,000 to 29,000",more than 4,Policy Holder
No,Urban,26,"20,000 to 29,000",2 to 4,Policy Holder
No,Urban,28,"30,000 to 39,000",2 to 4,Third Party
No,Urban,28,"more than 69,000",none,Policy Holder
No,Urban,30,"20,000 to 29,000",none,Third Party
Yes,Urban,36,"20,000 to 29,000",none,Policy Holder
Yes,Rural,53,"20,000 to 29,000",none,Policy Holder
Yes,Urban,33,"30,000 to 39,000",2 to 4,Policy Holder
No,Urban,54,"20,000 to 29,000",1,Third Party
No,Urban,52,"20,000 to 29,000",none,Policy Holder
No,Urban,49,"20,000 to 29,000",none,Third Party
No,Urban,28,"20,000 to 29,000",2 to 4,Policy Holder
No,Urban,28,"20,000 to 29,000",1,Policy Holder
No,Urban,27,"20,000 to 29,000",1,Policy Holder
No,Urban,29,"20,000 to 29,000",1,Third Party
No,Urban,30,"20,000 to 29,000",more than 4,Third Party
No,Urban,46,"less than 20,000",none,Third Party
No,Urban,33,"20,000 to 29,000",more than 4,Policy Holder
No,Urban,50,"20,000 to 29,000",1,Third Party
No,Rural,43,"20,000 to 29,000",2 to 4,Policy Holder
No,Urban,53,"30,000 to 39,000",1,Policy Holder
No,Urban,37,"20,000 to 29,000",2 to 4,Policy Holder
No,Urban,22,"more than 69,000",1,Policy Holder
No,Urban,65,"30,000 to 39,000",more than 4,Policy Holder
No,Urban,30,"20,000 to 29,000",1,Policy Holder
No,Urban,47,"less than 20,000",1,Third Party
No,Urban,26,"20,000 to 29,000",none,Policy Holder
No,Urban,51,"20,000 to 29,000",1,Third Party
No,Urban,18,"20,000 to 29,000",2 to 4,Policy Holder
No,Rural,41,"20,000 to 29,000",none,Policy Holder
No,Urban,52,"more than 69,000",1,Policy Holder
No,Urban,33,"20,000 to 29,000",more than 4,Policy Holder
No,Urban,26,"20,000 to 29,000",more than 4,Policy Holder
No,Urban,72,"30,000 to 39,000",2 to 4,Policy Holder
No,Urban,28,"20,000 to 29,000",2 to 4,Third Party
No,Urban,67,"less than 20,000",2 to 4,Policy Holder
No,Urban,74,"30,000 to 39,000",more than 4,Policy Holder
No,Urban,26,"20,000 to 29,000",more than 4,Policy Holder
No,Urban,35,"30,000 to 39,000",1,Third Party
No,Urban,21,"30,000 to 39,000",2 to 4,Policy Holder
No,Urban,31,"20,000 to 29,000",more than 4,Policy Holder
No,Urban,31,"30,000 to 39,000",2 to 4,Third Party
No,Urban,47,"20,000 to 29,000",2 to 4,Policy Holder
No,Urban,36,"more than 69,000",none,Policy Holder
No,Urban,20,"20,000 to 29,000",2 to 4,Third Party
No,Urban,0,"more than 69,000",2 to 4,Policy Holder
No,Urban,38,"20,000 to 29,000",none,Policy Holder
No,Urban,26,"less than 20,000",1,Policy Holder
No,Rural,33,"more than 69,000",1,Third Party
No,Urban,61,"30,000 to 39,000",1,Policy Holder
No,Urban,56,"30,000 to 39,000",2 to 4,Policy Holder
No,Urban,44,"less than 20,000",none,Third Party
No,Urban,35,"20,000 to 29,000",none,Third Party
No,Urban,48,"40,000 to 59,000",1,Policy Holder
No,Urban,59,"less than 20,000",1,Policy Holder
No,Urban,28,"30,000 to 39,000",more than 4,Policy Holder
No,Urban,37,"30,000 to 39,000",2 to 4,Policy Holder
No,Urban,56,"30,000 to 39,000",1,Policy Holder
No,Urban,57,"30,000 to 39,000",1,Policy Holder
No,Urban,30,"20,000 to 29,000",2 to 4,Policy Holder
No,Urban,30,"less than 20,000",none,Policy Holder
No,Rural,45,"30,000 to 39,000",more than 4,Third Party
No,Urban,0,"more than 69,000",1,Policy Holder
No,Urban,40,"more than 69,000",none,Policy Holder
No,Rural,54,"20,000 to 29,000",2 to 4,Policy Holder
No,Urban,26,"20,000 to 29,000",2 to 4,Policy Holder
No,Urban,44,"20,000 to 29,000",2 to 4,Policy Holder
No,Urban,28,"20,000 to 29,000",1,Third Party
No,Urban,71,"20,000 to 29,000",1,Policy Holder
No,Urban,32,"20,000 to 29,000",2 to 4,Policy Holder
No,Rural,32,"30,000 to 39,000",more than 4,Policy Holder
No,Urban,75,"20,000 to 29,000",more than 4,Policy Holder
No,Rural,30,"20,000 to 29,000",more than 4,Policy Holder
No,Urban,31,"20,000 to 29,000",none,Third Party
No,Urban,24,"20,000 to 29,000",1,Policy Holder
No,Urban,35,"20,000 to 29,000",none,Third Party
No,Urban,75,"less than 20,000",more than 4,Policy Holder
No,Urban,32,"20,000 to 29,000",2 to 4,Policy Holder
No,Urban,30,"30,000 to 39,000",2 to 4,Policy Holder
No,Urban,54,"30,000 to 39,000",none,Policy Holder
No,Urban,45,"30,000 to 39,000",2 to 4,Policy Holder
No,Urban,43,"20,000 to 29,000",none,Policy Holder
No,Urban,34,"20,000 to 29,000",2 to 4,Policy Holder
No,Urban,49,"20,000 to 29,000",2 to 4,Third Party
No,Urban,46,"20,000 to 29,000",more than 4,Policy Holder
No,Urban,51,"20,000 to 29,000",none,Policy Holder
No,Urban,46,"more than 69,000",2 to 4,Policy Holder
No,Urban,38,"more than 69,000",2 to 4,Policy Holder
No,Urban,32,"30,000 to 39,000",none,Policy Holder
No,Urban,33,"20,000 to 29,000",more than 4,Policy Holder
No,Urban,50,"30,000 to 39,000",none,Policy Holder
No,Urban,63,"20,000 to 29,000",more than 4,Policy Holder
No,Rural,53,"20,000 to 29,000",none,Policy Holder
No,Urban,47,"20,000 to 29,000",1,Policy Holder
No,Urban,49,"30,000 to 39,000",none,Third Party
No,Urban,40,"20,000 to 29,000",none,Third Party
No,Urban,30,"30,000 to 39,000",1,Policy Holder
No,Urban,54,"20,000 to 29,000",none,Third Party
No,Urban,66,"30,000 to 39,000",1,Third Party
No,Urban,39,"20,000 to 29,000",1,Policy Holder
No,Urban,65,"20,000 to 29,000",2 to 4,Policy Holder
No,Urban,33,"30,000 to 39,000",none,Policy Holder
No,Urban,53,"20,000 to 29,000",none,Policy Holder
No,Urban,50,"20,000 to 29,000",2 to 4,Third Party
No,Urban,55,"30,000 to 39,000",more than 4,Policy Holder
No,Urban,51,"20,000 to 29,000",none,Third Party
No,Urban,31,"20,000 to 29,000",2 to 4,Policy Holder
No,Urban,21,"less than 20,000",none,Policy Holder
No,Urban,65,"20,000 to 29,000",none,Third Party
No,Urban,45,"20,000 to 29,000",none,Third Party
No,Urban,50,"20,000 to 29,000",more than 4,Policy Holder
No,Urban,30,"more than 69,000",none,Policy Holder
No,Urban,33,"20,000 to 29,000",2 to 4,Policy Holder
No,Urban,45,"20,000 to 29,000",1,Third Party
No,Rural,55,"30,000 to 39,000",none,Policy Holder
No,Urban,39,"20,000 to 29,000",more than 4,Policy Holder
No,Urban,46,"20,000 to 29,000",more than 4,Policy Holder
No,Urban,25,"30,000 to 39,000",2 to 4,Policy Holder
No,Urban,34,"20,000 to 29,000",2 to 4,Third Party
No,Urban,35,"30,000 to 39,000",2 to 4,Third Party
No,Urban,53,"30,000 to 39,000",none,Policy Holder
No,Urban,47,"30,000 to 39,000",2 to 4,Policy Holder
No,Urban,28,"20,000 to 29,000",2 to 4,Policy Holder
No,Urban,30,"20,000 to 29,000",1,Third Party
No,Urban,0,"more than 69,000",2 to 4,Policy Holder
No,Urban,21,"30,000 to 39,000",2 to 4,Policy Holder
No,Urban,32,"20,000 to 29,000",1,Policy Holder
No,Urban,37,"30,000 to 39,000",more than 4,Policy Holder
No,Urban,28,"30,000 to 39,000",none,Policy Holder
No,Urban,40,"more than 69,000",more than 4,Third Party
No,Urban,34,"less than 20,000",none,Policy Holder
No,Urban,65,"30,000 to 39,000",1,Policy Holder
Yes,Urban,28,"20,000 to 29,000",none,Policy Holder
No,Urban,31,"20,000 to 29,000",2 to 4,Policy Holder
No,Urban,64,"20,000 to 29,000",2 to 4,Policy Holder
No,Urban,30,"20,000 to 29,000",more than 4,Policy Holder
No,Rural,36,"more than 69,000",1,Third Party
No,Urban,54,"20,000 to 29,000",2 to 4,Policy Holder
No,Urban,68,"20,000 to 29,000",2 to 4,Policy Holder
No,Urban,38,"30,000 to 39,000",2 to 4,Policy Holder
No,Urban,61,"30,000 to 39,000",more than 4,Policy Holder
No,Urban,41,"20,000 to 29,000",2 to 4,Policy Holder
Yes,Urban,38,"30,000 to 39,000",2 to 4,Third Party
No,Urban,41,"more than 69,000",more than 4,Policy Holder
No,Urban,39,"30,000 to 39,000",1,Third Party
No,Urban,47,"30,000 to 39,000",none,Third Party
No,Urban,43,"40,000 to 59,000",none,Third Party
No,Urban,41,"20,000 to 29,000",2 to 4,Policy Holder
No,Urban,41,"20,000 to 29,000",none,Policy Holder
No,Urban,31,"less than 20,000",2 to 4,Policy Holder
No,Urban,47,"more than 69,000",more than 4,Policy Holder
No,Urban,34,"40,000 to 59,000",2 to 4,Policy Holder
No,Urban,34,"30,000 to 39,000",2 to 4,Policy Holder
No,Urban,28,"30,000 to 39,000",none,Third Party
No,Rural,26,"20,000 to 29,000",none,Third Party
No,Urban,54,"30,000 to 39,000",1,Policy Holder
No,Urban,47,"less than 20,000",2 to 4,Policy Holder
No,Urban,27,"30,000 to 39,000",more than 4,Policy Holder
No,Urban,55,"20,000 to 29,000",2 to 4,Policy Holder
No,Urban,56,"20,000 to 29,000",none,Policy Holder
No,Urban,46,"20,000 to 29,000",1,Third Party
No,Urban,45,"20,000 to 29,000",2 to 4,Policy Holder
No,Urban,62,"20,000 to 29,000",1,Third Party
No,Urban,38,"20,000 to 29,000",1,Third Party
No,Urban,35,"20,000 to 29,000",more than 4,Third Party
No,Urban,39,"more than 69,000",none,Policy Holder
No,Urban,45,"20,000 to 29,000",2 to 4,Third Party
No,Urban,47,"20,000 to 29,000",2 to 4,Policy Holder
No,Urban,45,"20,000 to 29,000",2 to 4,Policy Holder
No,Urban,51,"20,000 to 29,000",more than 4,Policy Holder
No,Urban,55,"20,000 to 29,000",none,Third Party
No,Rural,52,"20,000 to 29,000",2 to 4,Third Party
No,Urban,36,"20,000 to 29,000",none,Policy Holder
No,Urban,58,"30,000 to 39,000",2 to 4,Policy Holder
No,Urban,38,"40,000 to 59,000",more than 4,Policy Holder
No,Urban,22,"more than 69,000",none,Policy Holder
No,Urban,34,"30,000 to 39,000",1,Policy Holder
No,Urban,31,"30,000 to 39,000",none,Policy Holder
No,Urban,27,"20,000 to 29,000",none,Policy Holder
No,Urban,34,"20,000 to 29,000",1,Policy Holder
No,Urban,34,"20,000 to 29,000",none,Third Party
No,Urban,28,"20,000 to 29,000",1,Policy Holder
No,Urban,42,"30,000 to 39,000",more than 4,Policy Holder
No,Urban,46,"more than 69,000",1,Policy Holder
No,Urban,61,"40,000 to 59,000",more than 4,Policy Holder
No,Rural,41,"20,000 to 29,000",none,Third Party
No,Rural,27,"20,000 to 29,000",2 to 4,Policy Holder
No,Urban,42,"20,000 to 29,000",1,Policy Holder
No,Urban,31,"30,000 to 39,000",none,Third Party
No,Urban,44,"20,000 to 29,000",more than 4,Policy Holder
No,Urban,28,"20,000 to 29,000",2 to 4,Third Party
No,Urban,24,"20,000 to 29,000",more than 4,Policy Holder
No,Urban,42,"more than 69,000",2 to 4,Policy Holder
Yes,Urban,28,"30,000 to 39,000",2 to 4,Policy Holder
No,Urban,29,"30,000 to 39,000",1,Policy Holder
No,Urban,27,"20,000 to 29,000",1,Third Party
No,Urban,36,"20,000 to 29,000",1,Third Party
No,Urban,30,"20,000 to 29,000",2 to 4,Policy Holder
No,Urban,51,"20,000 to 29,000",1,Policy Holder
No,Urban,43,"less than 20,000",2 to 4,Policy Holder
No,Urban,41,"30,000 to 39,000",none,Third Party
No,Urban,50,"30,000 to 39,000",more than 4,Third Party
No,Urban,48,"20,000 to 29,000",more than 4,Policy Holder
No,Urban,26,"20,000 to 29,000",1,Policy Holder
No,Urban,33,"30,000 to 39,000",more than 4,Policy Holder
No,Urban,62,"more than 69,000",2 to 4,Policy Holder
No,Urban,0,"30,000 to 39,000",2 to 4,Third Party
No,Urban,29,"30,000 to 39,000",1,Third Party
No,Urban,34,"20,000 to 29,000",2 to 4,Third Party
No,Urban,64,"20,000 to 29,000",more than 4,Policy Holder
No,Urban,33,"20,000 to 29,000",1,Third Party
No,Urban,30,"20,000 to 29,000",2 to 4,Third Party
No,Urban,32,"20,000 to 29,000",2 to 4,Policy Holder
No,Urban,31,"30,000 to 39,000",2 to 4,Third Party
No,Urban,32,"20,000 to 29,000",1,Policy Holder
No,Urban,18,"20,000 to 29,000",1,Policy Holder
No,Urban,65,"less than 20,000",1,Policy Holder
No,Urban,43,"20,000 to 29,000",2 to 4,Policy Holder
No,Urban,59,"20,000 to 29,000",none,Third Party
No,Urban,40,"30,000 to 39,000",more than 4,Policy Holder
No,Urban,30,"20,000 to 29,000",2 to 4,Policy Holder
No,Urban,52,"20,000 to 29,000",none,Policy Holder
No,Urban,0,"more than 69,000",more than 4,Policy Holder
No,Urban,48,"20,000 to 29,000",2 to 4,Policy Holder
No,Urban,37,"20,000 to 29,000",1,Policy Holder
No,Urban,29,"20,000 to 29,000",none,Policy Holder
Yes,Urban,50,"20,000 to 29,000",none,Policy Holder
No,Urban,57,"30,000 to 39,000",1,Third Party
No,Urban,49,"less than 20,000",1,Third Party
No,Urban,64,"30,000 to 39,000",2 to 4,Policy Holder
No,Urban,27,"20,000 to 29,000",2 to 4,Third Party
No,Urban,37,"20,000 to 29,000",1,Third Party
Yes,Urban,28,"30,000 to 39,000",2 to 4,Policy Holder
Yes,Rural,27,"20,000 to 29,000",none,Policy Holder
No,Urban,56,"30,000 to 39,000",more than 4,Policy Holder
No,Rural,44,"30,000 to 39,000",2 to 4,Policy Holder
No,Urban,44,"30,000 to 39,000",2 to 4,Policy Holder
No,Urban,35,"20,000 to 29,000",1,Policy Holder
No,Urban,33,"more than 69,000",2 to 4,Policy Holder
Yes,Urban,30,"20,000 to 29,000",2 to 4,Policy Holder
No,Urban,32,"20,000 to 29,000",none,Third Party
No,Urban,37,"more than 69,000",none,Policy Holder
No,Urban,34,"20,000 to 29,000",none,Third Party
No,Urban,29,"30,000 to 39,000",more than 4,Policy Holder
No,Urban,36,"20,000 to 29,000",more than 4,Policy Holder
No,Rural,78,"30,000 to 39,000",none,Third Party
No,Urban,40,"30,000 to 39,000",1,Policy Holder
Yes,Urban,28,"20,000 to 29,000",2 to 4,Policy Holder
No,Urban,42,"30,000 to 39,000",2 to 4,Policy Holder
No,Urban,30,"20,000 to 29,000",1,Third Party
No,Urban,22,"20,000 to 29,000",2 to 4,Policy Holder
No,Urban,32,"20,000 to 29,000",none,Third Party
No,Urban,69,"20,000 to 29,000",none,Policy Holder
No,Urban,31,"20,000 to 29,000",none,Policy Holder
No,Urban,59,"20,000 to 29,000",more than 4,Policy Holder
No,Urban,26,"20,000 to 29,000",1,Policy Holder
No,Urban,38,"more than 69,000",1,Policy Holder
No,Urban,24,"20,000 to 29,000",2 to 4,Policy Holder
No,Urban,76,"20,000 to 29,000",1,Policy Holder
No,Urban,30,"20,000 to 29,000",none,Third Party
No,Urban,57,"20,000 to 29,000",none,Third Party
No,Urban,28,"20,000 to 29,000",none,Policy Holder
No,Urban,35,"20,000 to 29,000",2 to 4,Third Party
No,Urban,30,"20,000 to 29,000",none,Policy Holder
No,Urban,50,"40,000 to 59,000",2 to 4,Policy Holder
No,Urban,41,"20,000 to 29,000",2 to 4,Policy Holder
No,Urban,34,"20,000 to 29,000",none,Third Party
No,Urban,34,"20,000 to 29,000",2 to 4,Third Party
No,Urban,51,"20,000 to 29,000",none,Policy Holder
No,Urban,34,"20,000 to 29,000",more than 4,Policy Holder
No,Urban,48,"20,000 to 29,000",none,Policy Holder
No,Urban,30,"more than 69,000",2 to 4,Policy Holder
No,Urban,31,"20,000 to 29,000",none,Policy Holder
No,Rural,34,"30,000 to 39,000",2 to 4,Third Party
No,Urban,52,"20,000 to 29,000",2 to 4,Third Party
No,Urban,35,"20,000 to 29,000",none,Third Party
No,Urban,28,"20,000 to 29,000",1,Policy Holder
No,Urban,51,"20,000 to 29,000",more than 4,Policy Holder
No,Urban,69,"20,000 to 29,000",2 to 4,Policy Holder
No,Urban,0,"more than 69,000",more than 4,Policy Holder
No,Urban,43,"30,000 to 39,000",1,Policy Holder
No,Urban,50,"20,000 to 29,000",none,Policy Holder
No,Urban,42,"more than 69,000",more than 4,Policy Holder
No,Urban,65,"20,000 to 29,000",1,Policy Holder
No,Urban,80,"30,000 to 39,000",2 to 4,Third Party
No,Urban,29,"30,000 to 39,000",2 to 4,Policy Holder
No,Urban,37,"20,000 to 29,000",2 to 4,Policy Holder
No,Urban,62,"more than 69,000",2 to 4,Policy Holder
No,Urban,37,"20,000 to 29,000",2 to 4,Policy Holder
No,Rural,52,"40,000 to 59,000",2 to 4,Third Party
No,Urban,41,"20,000 to 29,000",2 to 4,Third Party
No,Urban,59,"30,000 to 39,000",2 to 4,Policy Holder
No,Rural,48,"more than 69,000",1,Policy Holder
No,Urban,35,"40,000 to 59,000",2 to 4,Third Party
No,Rural,32,"30,000 to 39,000",1,Third Party
No,Urban,0,"more than 69,000",none,Policy Holder
No,Urban,54,"20,000 to 29,000",2 to 4,Policy Holder
No,Rural,53,"40,000 to 59,000",more than 4,Third Party
No,Urban,32,"20,000 to 29,000",1,Policy Holder
No,Urban,38,"30,000 to 39,000",2 to 4,Policy Holder
No,Urban,71,"40,000 to 59,000",1,Policy Holder
Yes,Urban,41,"20,000 to 29,000",none,Policy Holder
No,Urban,33,"20,000 to 29,000",1,Policy Holder
No,Urban,24,"less than 20,000",1,Third Party
No,Urban,25,"20,000 to 29,000",2 to 4,Policy Holder
No,Urban,39,"20,000 to 29,000",none,Policy Holder
No,Urban,27,"20,000 to 29,000",1,Policy Holder
No,Rural,38,"20,000 to 29,000",1,Third Party
No,Urban,73,"more than 69,000",2 to 4,Policy Holder
No,Urban,27,"20,000 to 29,000",more than 4,Policy Holder
No,Urban,37,"20,000 to 29,000",1,Policy Holder
No,Rural,29,"20,000 to 29,000",2 to 4,Policy Holder
No,Rural,71,"20,000 to 29,000",2 to 4,Policy Holder
No,Urban,32,"20,000 to 29,000",1,Policy Holder
No,Urban,60,"20,000 to 29,000",more than 4,Policy Holder
No,Urban,29,"20,000 to 29,000",2 to 4,Third Party
No,Urban,49,"30,000 to 39,000",none,Third Party
No,Urban,48,"30,000 to 39,000",more than 4,Policy Holder
No,Urban,37,"30,000 to 39,000",2 to 4,Policy Holder
No,Urban,41,"20,000 to 29,000",2 to 4,Policy Holder
No,Urban,50,"20,000 to 29,000",more than 4,Policy Holder
No,Urban,46,"40,000 to 59,000",2 to 4,Policy Holder
No,Urban,32,"20,000 to 29,000",2 to 4,Policy Holder
No,Urban,26,"30,000 to 39,000",none,Policy Holder
No,Urban,33,"20,000 to 29,000",more than 4,Policy Holder
No,Urban,24,"20,000 to 29,000",none,Policy Holder
No,Urban,42,"20,000 to 29,000",1,Policy Holder
No,Urban,59,"30,000 to 39,000",2 to 4,Policy Holder
No,Urban,43,"more than 69,000",1,Policy Holder
No,Urban,37,"20,000 to 29,000",2 to 4,Third Party
No,Urban,34,"20,000 to 29,000",2 to 4,Policy Holder
No,Urban,31,"less than 20,000",none,Third Party
No,Urban,64,"more than 69,000",2 to 4,Policy Holder
No,Rural,27,"more than 69,000",2 to 4,Third Party
No,Rural,37,"30,000 to 39,000",2 to 4,Policy Holder
No,Urban,52,"20,000 to 29,000",2 to 4,Third Party
No,Urban,31,"20,000 to 29,000",2 to 4,Policy Holder
No,Urban,45,"20,000 to 29,000",1,Third Party
No,Rural,47,"20,000 to 29,000",2 to 4,Policy Holder
No,Urban,75,"20,000 to 29,000",1,Policy Holder
No,Urban,39,"30,000 to 39,000",1,Policy Holder
No,Urban,49,"20,000 to 29,000",1,Policy Holder
No,Rural,68,"more than 69,000",none,Policy Holder
No,Urban,33,"more than 69,000",2 to 4,Third Party
No,Urban,26,"20,000 to 29,000",2 to 4,Policy Holder
No,Urban,26,"30,000 to 39,000",more than 4,Policy Holder
No,Urban,55,"20,000 to 29,000",2 to 4,Third Party
No,Urban,32,"40,000 to 59,000",more than 4,Policy Holder
No,Urban,31,"20,000 to 29,000",1,Policy Holder
No,Urban,30,"20,000 to 29,000",1,Policy Holder
No,Urban,52,"30,000 to 39,000",none,Policy Holder
No,Urban,36,"30,000 to 39,000",more than 4,Policy Holder
No,Urban,49,"20,000 to 29,000",1,Policy Holder
No,Rural,26,"30,000 to 39,000",more than 4,Third Party
No,Urban,46,"30,000 to 39,000",2 to 4,Policy Holder
No,Urban,32,"30,000 to 39,000",2 to 4,Third Party
No,Urban,41,"less than 20,000",none,Policy Holder
No,Urban,37,"20,000 to 29,000",1,Third Party
No,Urban,52,"20,000 to 29,000",2 to 4,Third Party
No,Urban,0,"more than 69,000",2 to 4,Policy Holder
No,Urban,27,"less than 20,000",none,Third Party
No,Urban,37,"20,000 to 29,000",1,Policy Holder
No,Urban,55,"30,000 to 39,000",more than 4,Policy Holder
No,Urban,29,"20,000 to 29,000",2 to 4,Policy Holder
No,Urban,42,"less than 20,000",1,Policy Holder
No,Urban,40,"20,000 to 29,000",none,Third Party
No,Urban,36,"20,000 to 29,000",2 to 4,Policy Holder
No,Rural,39,"20,000 to 29,000",1,Policy Holder
No,Urban,60,"30,000 to 39,000",1,Policy Holder
No,Urban,41,"less than 20,000",1,Policy Holder
No,Urban,28,"more than 69,000",none,Third Party
No,Urban,37,"less than 20,000",none,Third Party
No,Urban,72,"less than 20,000",2 to 4,Policy Holder
No,Urban,40,"20,000 to 29,000",none,Third Party
No,Rural,25,"20,000 to 29,000",2 to 4,Third Party
No,Urban,52,"30,000 to 39,000",1,Policy Holder
No,Urban,47,"30,000 to 39,000",more than 4,Policy Holder
No,Urban,39,"20,000 to 29,000",none,Policy Holder
No,Urban,35,"20,000 to 29,000",none,Third Party
No,Urban,30,"20,000 to 29,000",1,Policy Holder
No,Rural,44,"20,000 to 29,000",2 to 4,Third Party
No,Urban,30,"20,000 to 29,000",none,Policy Holder
No,Urban,43,"20,000 to 29,000",1,Third Party
No,Urban,44,"40,000 to 59,000",2 to 4,Policy Holder
No,Urban,26,"less than 20,000",more than 4,Policy Holder
Yes,Urban,40,"60,000 to 69,000",2 to 4,Policy Holder
No,Urban,32,"30,000 to 39,000",2 to 4,Policy Holder
Yes,Rural,37,"more than 69,000",1,Policy Holder
No,Rural,53,"20,000 to 29,000",more than 4,Policy Holder
No,Urban,55,"40,000 to 59,000",2 to 4,Third Party
No,Urban,61,"less than 20,000",none,Third Party
No,Urban,28,"30,000 to 39,000",1,Third Party
No,Urban,26,"20,000 to 29,000",none,Policy Holder
No,Rural,27,"less than 20,000",none,Third Party
No,Urban,35,"30,000 to 39,000",none,Policy Holder
No,Urban,46,"20,000 to 29,000",none,Third Party
No,Urban,30,"40,000 to 59,000",more than 4,Third Party
No,Urban,19,"20,000 to 29,000",1,Policy Holder
No,Urban,39,"30,000 to 39,000",1,Third Party
No,Urban,34,"20,000 to 29,000",2 to 4,Policy Holder
No,Urban,47,"20,000 to 29,000",2 to 4,Third Party
No,Rural,48,"40,000 to 59,000",1,Policy Holder
No,Urban,37,"30,000 to 39,000",2 to 4,Policy Holder
No,Urban,35,"20,000 to 29,000",more than 4,Policy Holder
No,Urban,35,"more than 69,000",2 to 4,Policy Holder
No,Rural,64,"40,000 to 59,000",more than 4,Third Party
No,Rural,56,"more than 69,000",2 to 4,Policy Holder
No,Urban,27,"more than 69,000",1,Policy Holder
No,Urban,0,"more than 69,000",more than 4,Policy Holder
No,Urban,34,"40,000 to 59,000",none,Policy Holder
No,Urban,39,"20,000 to 29,000",2 to 4,Third Party
No,Urban,55,"20,000 to 29,000",1,Policy Holder
No,Urban,27,"20,000 to 29,000",more than 4,Policy Holder
No,Rural,30,"20,000 to 29,000",none,Policy Holder
No,Urban,70,"less than 20,000",none,Policy Holder
No,Rural,62,"20,000 to 29,000",more than 4,Policy Holder
No,Urban,47,"30,000 to 39,000",2 to 4,Policy Holder
No,Urban,63,"more than 69,000",more than 4,Policy Holder
No,Urban,63,"30,000 to 39,000",none,Policy Holder
No,Urban,37,"30,000 to 39,000",none,Policy Holder
No,Rural,34,"20,000 to 29,000",more than 4,Policy Holder
No,Urban,31,"more than 69,000",more than 4,Policy Holder
No,Urban,36,"20,000 to 29,000",none,Policy Holder
No,Urban,27,"30,000 to 39,000",2 to 4,Policy Holder
Yes,Urban,31,"30,000 to 39,000",2 to 4,Policy Holder
No,Urban,26,"30,000 to 39,000",more than 4,Policy Holder
No,Urban,43,"30,000 to 39,000",none,Policy Holder
No,Urban,39,"20,000 to 29,000",none,Policy Holder
No,Urban,39,"20,000 to 29,000",1,Policy Holder
No,Urban,23,"20,000 to 29,000",2 to 4,Third Party
No,Urban,51,"20,000 to 29,000",2 to 4,Third Party
No,Urban,36,"20,000 to 29,000",2 to 4,Policy Holder
No,Urban,53,"20,000 to 29,000",none,Policy Holder
No,Urban,65,"20,000 to 29,000",none,Policy Holder
No,Urban,21,"20,000 to 29,000",none,Policy Holder
No,Urban,78,"20,000 to 29,000",2 to 4,Policy Holder
No,Urban,50,"20,000 to 29,000",1,Third Party
No,Urban,47,"30,000 to 39,000",none,Policy Holder
No,Urban,55,"more than 69,000",2 to 4,Policy Holder
No,Rural,33,"more than 69,000",none,Policy Holder
No,Urban,44,"more than 69,000",2 to 4,Policy Holder
No,Urban,32,"20,000 to 29,000",none,Policy Holder
No,Urban,30,"more than 69,000",more than 4,Policy Holder
No,Urban,36,"30,000 to 39,000",none,Policy Holder
No,Urban,41,"20,000 to 29,000",none,Policy Holder
Yes,Urban,45,"20,000 to 29,000",1,Policy Holder
No,Urban,28,"30,000 to 39,000",2 to 4,Policy Holder
No,Urban,52,"20,000 to 29,000",2 to 4,Policy Holder
Yes,Urban,35,"20,000 to 29,000",none,Third Party
No,Urban,50,"20,000 to 29,000",1,Policy Holder
No,Urban,36,"more than 69,000",2 to 4,Policy Holder
No,Urban,27,"20,000 to 29,000",2 to 4,Policy Holder
No,Urban,28,"more than 69,000",2 to 4,Policy Holder
No,Urban,38,"20,000 to 29,000",1,Third Party
No,Urban,36,"20,000 to 29,000",1,Policy Holder
No,Urban,48,"20,000 to 29,000",more than 4,Third Party
No,Urban,50,"20,000 to 29,000",none,Third Party
No,Urban,42,"20,000 to 29,000",none,Policy Holder
No,Urban,34,"30,000 to 39,000",none,Third Party
No,Urban,60,"30,000 to 39,000",more than 4,Policy Holder
No,Urban,23,"20,000 to 29,000",2 to 4,Policy Holder
No,Urban,26,"30,000 to 39,000",more than 4,Third Party
No,Urban,43,"20,000 to 29,000",none,Policy Holder
No,Urban,50,"30,000 to 39,000",2 to 4,Policy Holder
No,Urban,48,"more than 69,000",none,Policy Holder
No,Urban,52,"20,000 to 29,000",1,Third Party
No,Rural,27,"less than 20,000",none,Third Party
No,Urban,26,"20,000 to 29,000",1,Policy Holder
No,Urban,49,"30,000 to 39,000",2 to 4,Third Party
Yes,Urban,44,"more than 69,000",2 to 4,Policy Holder
No,Urban,75,"60,000 to 69,000",1,Policy Holder
No,Urban,61,"20,000 to 29,000",1,Policy Holder
No,Urban,36,"more than 69,000",2 to 4,Policy Holder
No,Urban,24,"30,000 to 39,000",2 to 4,Policy Holder
No,Urban,43,"20,000 to 29,000",1,Third Party
No,Urban,52,"20,000 to 29,000",none,Third Party
No,Urban,42,"20,000 to 29,000",none,Policy Holder
No,Urban,60,"20,000 to 29,000",more than 4,Third Party
No,Urban,34,"20,000 to 29,000",none,Policy Holder
No,Urban,35,"20,000 to 29,000",1,Policy Holder
No,Urban,22,"20,000 to 29,000",2 to 4,Policy Holder
No,Urban,60,"more than 69,000",1,Policy Holder
No,Urban,34,"20,000 to 29,000",2 to 4,Third Party
No,Urban,79,"20,000 to 29,000",1,Policy Holder
No,Rural,70,"20,000 to 29,000",1,Policy Holder
No,Urban,51,"30,000 to 39,000",2 to 4,Policy Holder
No,Urban,32,"20,000 to 29,000",more than 4,Policy Holder
Yes,Urban,41,"20,000 to 29,000",2 to 4,Policy Holder
No,Urban,59,"20,000 to 29,000",2 to 4,Policy Holder
No,Urban,29,"20,000 to 29,000",2 to 4,Policy Holder
No,Urban,28,"20,000 to 29,000",2 to 4,Policy Holder
No,Urban,55,"40,000 to 59,000",1,Policy Holder
No,Urban,45,"30,000 to 39,000",none,Policy Holder
No,Urban,52,"20,000 to 29,000",1,Third Party
No,Urban,37,"20,000 to 29,000",1,Third Party
No,Urban,50,"20,000 to 29,000",none,Policy Holder
No,Urban,44,"30,000 to 39,000",none,Policy Holder
Yes,Urban,40,"20,000 to 29,000",none,Policy Holder
No,Urban,47,"20,000 to 29,000",2 to 4,Policy Holder
Yes,Urban,37,"20,000 to 29,000",1,Third Party
No,Urban,59,"less than 20,000",none,Policy Holder
Yes,Urban,32,"more than 69,000",2 to 4,Policy Holder
No,Urban,64,"60,000 to 69,000",2 to 4,Policy Holder
No,Urban,38,"20,000 to 29,000",2 to 4,Policy Holder
No,Urban,38,"60,000 to 69,000",2 to 4,Third Party
No,Urban,58,"less than 20,000",1,Third Party
No,Urban,34,"20,000 to 29,000",2 to 4,Policy Holder
No,Urban,36,"20,000 to 29,000",2 to 4,Policy Holder
No,Urban,48,"40,000 to 59,000",2 to 4,Third Party
No,Urban,30,"30,000 to 39,000",1,Third Party
No,Urban,45,"more than 69,000",2 to 4,Policy Holder
No,Urban,36,"20,000 to 29,000",2 to 4,Policy Holder
Yes,Urban,31,"30,000 to 39,000",2 to 4,Policy Holder
No,Urban,40,"40,000 to 59,000",2 to 4,Policy Holder
No,Urban,28,"more than 69,000",none,Third Party
No,Urban,51,"less than 20,000",none,Policy Holder
No,Urban,32,"20,000 to 29,000",2 to 4,Policy Holder
No,Urban,47,"20,000 to 29,000",more than 4,Third Party
No,Urban,39,"more than 69,000",1,Third Party
No,Urban,40,"more than 69,000",none,Third Party
No,Urban,23,"20,000 to 29,000",more than 4,Policy Holder
No,Urban,32,"20,000 to 29,000",1,Third Party
No,Urban,79,"30,000 to 39,000",none,Policy Holder
No,Urban,35,"20,000 to 29,000",1,Third Party
No,Urban,27,"20,000 to 29,000",2 to 4,Policy Holder
No,Urban,40,"20,000 to 29,000",none,Third Party
No,Urban,31,"20,000 to 29,000",2 to 4,Policy Holder
No,Urban,59,"20,000 to 29,000",none,Policy Holder
No,Urban,44,"20,000 to 29,000",more than 4,Policy Holder
No,Urban,54,"20,000 to 29,000",more than 4,Policy Holder
No,Urban,39,"20,000 to 29,000",none,Third Party
No,Urban,43,"40,000 to 59,000",1,Policy Holder
No,Urban,27,"more than 69,000",2 to 4,Policy Holder
No,Urban,57,"more than 69,000",none,Third Party
No,Urban,59,"20,000 to 29,000",1,Third Party
No,Urban,54,"20,000 to 29,000",more than 4,Policy Holder
No,Urban,39,"20,000 to 29,000",1,Third Party
No,Urban,30,"30,000 to 39,000",none,Third Party
No,Urban,45,"20,000 to 29,000",none,Third Party
No,Rural,46,"20,000 to 29,000",1,Third Party
No,Urban,34,"40,000 to 59,000",none,Policy Holder
No,Urban,60,"20,000 to 29,000",more than 4,Policy Holder
No,Urban,52,"30,000 to 39,000",none,Third Party
No,Urban,35,"20,000 to 29,000",none,Policy Holder
No,Urban,40,"20,000 to 29,000",2 to 4,Policy Holder
No,Urban,25,"20,000 to 29,000",2 to 4,Policy Holder
No,Urban,47,"more than 69,000",more than 4,Policy Holder
No,Urban,34,"20,000 to 29,000",2 to 4,Policy Holder
No,Urban,36,"less than 20,000",none,Policy Holder
No,Urban,33,"20,000 to 29,000",2 to 4,Policy Holder
No,Urban,33,"20,000 to 29,000",none,Third Party
No,Urban,60,"less than 20,000",none,Policy Holder
No,Urban,23,"20,000 to 29,000",1,Policy Holder
No,Urban,28,"20,000 to 29,000",2 to 4,Policy Holder
No,Urban,48,"30,000 to 39,000",more than 4,Policy Holder
No,Urban,43,"20,000 to 29,000",1,Third Party
No,Urban,35,"20,000 to 29,000",more than 4,Policy Holder
No,Urban,31,"more than 69,000",more than 4,Policy Holder
No,Urban,80,"30,000 to 39,000",1,Policy Holder
No,Urban,32,"20,000 to 29,000",1,Third Party
No,Urban,33,"20,000 to 29,000",2 to 4,Third Party
No,Urban,54,"20,000 to 29,000",1,Third Party
No,Urban,41,"20,000 to 29,000",more than 4,Policy Holder
No,Urban,48,"30,000 to 39,000",more than 4,Policy Holder
No,Rural,41,"more than 69,000",1,Policy Holder
No,Urban,56,"less than 20,000",1,Policy Holder
No,Urban,51,"20,000 to 29,000",2 to 4,Third Party
No,Rural,47,"20,000 to 29,000",none,Third Party
No,Urban,44,"more than 69,000",none,Policy Holder
No,Urban,51,"20,000 to 29,000",2 to 4,Policy Holder
No,Urban,40,"more than 69,000",more than 4,Policy Holder
No,Urban,54,"20,000 to 29,000",2 to 4,Policy Holder
No,Urban,45,"20,000 to 29,000",1,Policy Holder
No,Urban,39,"more than 69,000",more than 4,Policy Holder
No,Urban,39,"30,000 to 39,000",2 to 4,Policy Holder
No,Urban,60,"20,000 to 29,000",none,Policy Holder
No,Urban,22,"20,000 to 29,000",1,Third Party
No,Urban,43,"20,000 to 29,000",2 to 4,Third Party
No,Urban,36,"30,000 to 39,000",none,Third Party
No,Urban,33,"30,000 to 39,000",none,Third Party
No,Urban,39,"20,000 to 29,000",2 to 4,Policy Holder
No,Urban,44,"20,000 to 29,000",none,Policy Holder
No,Urban,46,"20,000 to 29,000",2 to 4,Policy Holder
No,Urban,36,"30,000 to 39,000",1,Policy Holder
No,Urban,34,"20,000 to 29,000",none,Policy Holder
No,Urban,52,"more than 69,000",none,Policy Holder
No,Urban,33,"30,000 to 39,000",2 to 4,Third Party
No,Urban,29,"20,000 to 29,000",1,Third Party
Yes,Urban,64,"30,000 to 39,000",2 to 4,Policy Holder
No,Urban,39,"30,000 to 39,000",1,Policy Holder
No,Urban,78,"20,000 to 29,000",none,Policy Holder
No,Urban,71,"30,000 to 39,000",more than 4,Policy Holder
No,Urban,39,"20,000 to 29,000",2 to 4,Policy Holder
Yes,Urban,57,"30,000 to 39,000",more than 4,Policy Holder
No,Urban,78,"20,000 to 29,000",more than 4,Third Party
No,Urban,57,"30,000 to 39,000",2 to 4,Third Party
No,Urban,38,"30,000 to 39,000",1,Policy Holder
No,Urban,45,"20,000 to 29,000",1,Third Party
No,Urban,33,"20,000 to 29,000",2 to 4,Policy Holder
No,Urban,42,"20,000 to 29,000",none,Policy Holder
Yes,Urban,30,"less than 20,000",1,Policy Holder
No,Urban,56,"40,000 to 59,000",1,Policy Holder
No,Urban,0,"more than 69,000",1,Policy Holder
No,Urban,53,"30,000 to 39,000",2 to 4,Policy Holder
No,Urban,28,"20,000 to 29,000",none,Policy Holder
No,Urban,31,"more than 69,000",more than 4,Third Party
No,Urban,38,"20,000 to 29,000",2 to 4,Policy Holder
No,Urban,32,"20,000 to 29,000",none,Policy Holder
No,Urban,32,"30,000 to 39,000",none,Policy Holder
No,Urban,34,"30,000 to 39,000",2 to 4,Policy Holder
No,Urban,49,"60,000 to 69,000",2 to 4,Policy Holder
No,Urban,40,"less than 20,000",more than 4,Policy Holder
No,Urban,27,"20,000 to 29,000",1,Third Party
No,Urban,33,"more than 69,000",2 to 4,Policy Holder
No,Urban,35,"30,000 to 39,000",1,Policy Holder
No,Urban,36,"20,000 to 29,000",more than 4,Policy Holder
No,Urban,40,"20,000 to 29,000",more than 4,Policy Holder
No,Urban,36,"40,000 to 59,000",none,Policy Holder
No,Urban,28,"20,000 to 29,000",2 to 4,Third Party
No,Urban,37,"20,000 to 29,000",2 to 4,Policy Holder
No,Urban,74,"20,000 to 29,000",none,Third Party
Yes,Urban,22,"less than 20,000",none,Policy Holder
No,Urban,36,"20,000 to 29,000",none,Policy Holder
No,Rural,48,"20,000 to 29,000",none,Policy Holder
No,Urban,30,"more than 69,000",1,Policy Holder
No,Rural,44,"20,000 to 29,000",none,Policy Holder
No,Rural,30,"20,000 to 29,000",2 to 4,Policy Holder
No,Urban,32,"20,000 to 29,000",2 to 4,Policy Holder
No,Urban,27,"30,000 to 39,000",2 to 4,Policy Holder
No,Urban,31,"20,000 to 29,000",2 to 4,Policy Holder
Yes,Rural,59,"less than 20,000",1,Policy Holder
No,Urban,52,"20,000 to 29,000",more than 4,Policy Holder
No,Urban,41,"less than 20,000",2 to 4,Policy Holder
No,Urban,27,"more than 69,000",1,Policy Holder
No,Rural,0,"more than 69,000",1,Policy Holder
No,Rural,39,"30,000 to 39,000",none,Policy Holder
No,Urban,43,"20,000 to 29,000",1,Policy Holder
No,Urban,39,"20,000 to 29,000",1,Policy Holder
No,Urban,37,"more than 69,000",more than 4,Policy Holder
No,Urban,43,"more than 69,000",2 to 4,Third Party
No,Urban,33,"less than 20,000",1,Policy Holder
No,Urban,28,"20,000 to 29,000",2 to 4,Third Party
No,Urban,56,"20,000 to 29,000",2 to 4,Third Party
No,Rural,22,"20,000 to 29,000",2 to 4,Third Party
No,Urban,34,"40,000 to 59,000",1,Policy Holder
No,Rural,52,"20,000 to 29,000",none,Third Party
Yes,Urban,51,"more than 69,000",none,Policy Holder
No,Urban,48,"20,000 to 29,000",2 to 4,Policy Holder
No,Urban,29,"less than 20,000",none,Policy Holder
No,Urban,38,"20,000 to 29,000",more than 4,Policy Holder
No,Urban,39,"20,000 to 29,000",more than 4,Policy Holder
No,Urban,32,"20,000 to 29,000",2 to 4,Policy Holder
No,Urban,40,"30,000 to 39,000",1,Policy Holder
No,Urban,44,"30,000 to 39,000",none,Policy Holder
No,Urban,59,"20,000 to 29,000",more than 4,Third Party
Yes,Urban,50,"30,000 to 39,000",more than 4,Policy Holder
Yes,Urban,33,"20,000 to 29,000",more than 4,Policy Holder
No,Urban,43,"20,000 to 29,000",more than 4,Policy Holder
No,Urban,28,"30,000 to 39,000",1,Third Party
No,Urban,23,"more than 69,000",none,Third Party
No,Urban,54,"20,000 to 29,000",none,Policy Holder
No,Urban,33,"less than 20,000",2 to 4,Policy Holder
No,Urban,43,"30,000 to 39,000",2 to 4,Policy Holder
No,Urban,36,"30,000 to 39,000",2 to 4,Third Party
No,Urban,55,"20,000 to 29,000",none,Policy Holder
No,Urban,34,"20,000 to 29,000",more than 4,Policy Holder
No,Urban,43,"more than 69,000",none,Third Party
No,Urban,38,"30,000 to 39,000",none,Third Party
No,Rural,27,"20,000 to 29,000",more than 4,Policy Holder
No,Rural,28,"30,000 to 39,000",1,Policy Holder
No,Rural,25,"20,000 to 29,000",more than 4,Policy Holder
No,Urban,47,"30,000 to 39,000",2 to 4,Policy Holder
No,Urban,25,"20,000 to 29,000",2 to 4,Policy Holder
No,Urban,30,"20,000 to 29,000",1,Third Party
No,Urban,28,"30,000 to 39,000",none,Policy Holder
No,Urban,40,"20,000 to 29,000",none,Third Party
No,Urban,34,"20,000 to 29,000",2 to 4,Third Party
No,Urban,39,"more than 69,000",none,Policy Holder
No,Urban,41,"20,000 to 29,000",none,Policy Holder
No,Urban,28,"less than 20,000",2 to 4,Third Party
No,Urban,59,"30,000 to 39,000",none,Policy Holder
No,Urban,57,"30,000 to 39,000",more than 4,Policy Holder
No,Urban,58,"40,000 to 59,000",more than 4,Third Party
No,Urban,51,"30,000 to 39,000",1,Third Party
No,Urban,40,"30,000 to 39,000",1,Policy Holder
No,Urban,31,"less than 20,000",none,Policy Holder
No,Urban,40,"30,000 to 39,000",more than 4,Policy Holder
No,Urban,27,"20,000 to 29,000",2 to 4,Policy Holder
No,Rural,43,"40,000 to 59,000",none,Policy Holder
No,Urban,33,"20,000 to 29,000",more than 4,Policy Holder
No,Urban,40,"20,000 to 29,000",1,Third Party
No,Urban,35,"20,000 to 29,000",2 to 4,Third Party
No,Urban,16,"more than 69,000",none,Third Party
No,Urban,35,"20,000 to 29,000",2 to 4,Third Party
No,Urban,29,"less than 20,000",none,Third Party
No,Urban,22,"less than 20,000",none,Policy Holder
No,Urban,31,"20,000 to 29,000",none,Third Party
No,Urban,40,"more than 69,000",2 to 4,Policy Holder
No,Urban,43,"20,000 to 29,000",none,Third Party
No,Rural,33,"30,000 to 39,000",none,Policy Holder
No,Urban,34,"20,000 to 29,000",2 to 4,Policy Holder
No,Urban,26,"20,000 to 29,000",none,Third Party
Yes,Urban,39,"20,000 to 29,000",2 to 4,Policy Holder
No,Urban,57,"30,000 to 39,000",1,Third Party
No,Urban,46,"30,000 to 39,000",more than 4,Policy Holder
No,Rural,40,"30,000 to 39,000",2 to 4,Policy Holder
No,Urban,64,"more than 69,000",2 to 4,Third Party
Yes,Urban,28,"30,000 to 39,000",none,Policy Holder
No,Urban,31,"20,000 to 29,000",none,Third Party
No,Urban,77,"30,000 to 39,000",2 to 4,Policy Holder
No,Urban,34,"20,000 to 29,000",2 to 4,Policy Holder
No,Urban,37,"30,000 to 39,000",none,Policy Holder
No,Urban,41,"20,000 to 29,000",2 to 4,Policy Holder
No,Urban,28,"20,000 to 29,000",1,Policy Holder
No,Urban,48,"20,000 to 29,000",2 to 4,Policy Holder
No,Urban,31,"20,000 to 29,000",1,Policy Holder
No,Urban,27,"30,000 to 39,000",2 to 4,Third Party
No,Urban,57,"20,000 to 29,000",none,Third Party
No,Urban,47,"20,000 to 29,000",2 to 4,Policy Holder
No,Urban,33,"20,000 to 29,000",1,Third Party
No,Urban,43,"more than 69,000",none,Third Party
No,Urban,45,"more than 69,000",2 to 4,Policy Holder
No,Urban,45,"20,000 to 29,000",none,Policy Holder
No,Rural,39,"less than 20,000",none,Policy Holder
No,Urban,26,"more than 69,000",2 to 4,Policy Holder
No,Rural,34,"more than 69,000",more than 4,Policy Holder
Yes,Urban,52,"30,000 to 39,000",2 to 4,Policy Holder
No,Urban,29,"20,000 to 29,000",2 to 4,Policy Holder
No,Rural,51,"20,000 to 29,000",none,Third Party
No,Rural,44,"20,000 to 29,000",none,Third Party
No,Urban,21,"20,000 to 29,000",1,Policy Holder
No,Urban,38,"20,000 to 29,000",1,Policy Holder
No,Urban,58,"20,000 to 29,000",2 to 4,Policy Holder
No,Urban,39,"20,000 to 29,000",none,Policy Holder
No,Urban,53,"20,000 to 29,000",2 to 4,Policy Holder
No,Urban,46,"20,000 to 29,000",more than 4,Policy Holder
No,Urban,35,"more than 69,000",1,Policy Holder
No,Urban,45,"20,000 to 29,000",2 to 4,Policy Holder
Yes,Urban,35,"20,000 to 29,000",none,Policy Holder
Yes,Urban,29,"30,000 to 39,000",2 to 4,Policy Holder
No,Urban,30,"20,000 to 29,000",more than 4,Policy Holder
No,Urban,53,"less than 20,000",2 to 4,Policy Holder
No,Urban,29,"20,000 to 29,000",2 to 4,Policy Holder
No,Urban,46,"more than 69,000",none,Policy Holder
No,Urban,48,"20,000 to 29,000",1,Policy Holder
No,Rural,37,"30,000 to 39,000",more than 4,Policy Holder
No,Urban,44,"20,000 to 29,000",more than 4,Policy Holder
No,Urban,50,"40,000 to 59,000",1,Policy Holder
Yes,Urban,47,"20,000 to 29,000",none,Policy Holder
No,Urban,44,"more than 69,000",1,Policy Holder
No,Urban,45,"60,000 to 69,000",more than 4,Third Party
No,Urban,38,"20,000 to 29,000",2 to 4,Policy Holder
No,Urban,30,"20,000 to 29,000",none,Policy Holder
No,Urban,46,"30,000 to 39,000",1,Policy Holder
No,Urban,46,"20,000 to 29,000",more than 4,Policy Holder
No,Urban,28,"20,000 to 29,000",none,Policy Holder
No,Urban,27,"30,000 to 39,000",2 to 4,Policy Holder
No,Rural,39,"30,000 to 39,000",more than 4,Third Party
No,Rural,47,"20,000 to 29,000",none,Policy Holder
No,Urban,28,"30,000 to 39,000",more than 4,Policy Holder
No,Urban,41,"more than 69,000",2 to 4,Policy Holder
No,Rural,39,"20,000 to 29,000",none,Policy Holder
No,Urban,53,"less than 20,000",none,Policy Holder
No,Urban,41,"20,000 to 29,000",1,Policy Holder
Yes,Urban,67,"30,000 to 39,000",more than 4,Policy Holder
No,Urban,39,"20,000 to 29,000",none,Policy Holder
No,Urban,66,"30,000 to 39,000",none,Policy Holder
No,Urban,68,"20,000 to 29,000",2 to 4,Policy Holder
No,Urban,32,"30,000 to 39,000",2 to 4,Policy Holder
Yes,Rural,43,"less than 20,000",none,Policy Holder
No,Urban,49,"20,000 to 29,000",none,Policy Holder
No,Urban,40,"more than 69,000",2 to 4,Policy Holder
No,Urban,17,"more than 69,000",none,Policy Holder
No,Urban,34,"20,000 to 29,000",none,Third Party
No,Rural,54,"30,000 to 39,000",2 to 4,Third Party
No,Urban,28,"30,000 to 39,000",more than 4,Policy Holder
No,Urban,53,"20,000 to 29,000",more than 4,Policy Holder
No,Urban,54,"20,000 to 29,000",none,Policy Holder
No,Urban,45,"20,000 to 29,000",none,Policy Holder
No,Urban,64,"20,000 to 29,000",2 to 4,Policy Holder
No,Urban,47,"20,000 to 29,000",2 to 4,Third Party
No,Rural,52,"more than 69,000",none,Third Party
No,Rural,0,"more than 69,000",2 to 4,Third Party
Yes,Urban,47,"30,000 to 39,000",more than 4,Policy Holder
No,Urban,29,"20,000 to 29,000",more than 4,Policy Holder
No,Urban,44,"30,000 to 39,000",2 to 4,Policy Holder
No,Urban,50,"30,000 to 39,000",more than 4,Policy Holder
No,Urban,24,"20,000 to 29,000",2 to 4,Policy Holder
No,Urban,54,"30,000 to 39,000",2 to 4,Policy Holder
No,Rural,41,"30,000 to 39,000",more than 4,Policy Holder
No,Rural,41,"more than 69,000",2 to 4,Policy Holder
No,Urban,54,"20,000 to 29,000",none,Policy Holder
No,Urban,59,"more than 69,000",2 to 4,Policy Holder
No,Urban,39,"20,000 to 29,000",2 to 4,Policy Holder
No,Urban,58,"20,000 to 29,000",1,Policy Holder
No,Urban,39,"30,000 to 39,000",none,Policy Holder
No,Urban,27,"20,000 to 29,000",more than 4,Third Party
No,Rural,64,"more than 69,000",none,Third Party
No,Urban,58,"20,000 to 29,000",1,Third Party
No,Urban,55,"20,000 to 29,000",more than 4,Policy Holder
Yes,Urban,33,"30,000 to 39,000",none,Policy Holder
No,Urban,26,"20,000 to 29,000",more than 4,Third Party
No,Urban,28,"30,000 to 39,000",more than 4,Policy Holder
No,Urban,48,"30,000 to 39,000",1,Policy Holder
No,Urban,0,"more than 69,000",none,Policy Holder
No,Urban,33,"20,000 to 29,000",none,Policy Holder
No,Urban,54,"20,000 to 29,000",none,Third Party
No,Rural,45,"30,000 to 39,000",2 to 4,Policy Holder
No,Urban,41,"20,000 to 29,000",none,Third Party
No,Urban,65,"20,000 to 29,000",more than 4,Policy Holder
No,Urban,48,"20,000 to 29,000",none,Policy Holder
No,Urban,45,"20,000 to 29,000",none,Policy Holder
No,Urban,43,"20,000 to 29,000",none,Policy Holder
No,Urban,28,"20,000 to 29,000",1,Policy Holder
Yes,Urban,49,"less than 20,000",none,Policy Holder
No,Urban,18,"less than 20,000",2 to 4,Policy Holder
No,Urban,35,"30,000 to 39,000",none,Policy Holder
No,Urban,38,"less than 20,000",2 to 4,Policy Holder
No,Urban,43,"30,000 to 39,000",2 to 4,Policy Holder
No,Urban,58,"more than 69,000",2 to 4,Third Party
No,Urban,34,"20,000 to 29,000",1,Third Party
No,Urban,50,"20,000 to 29,000",2 to 4,Policy Holder
No,Urban,29,"20,000 to 29,000",more than 4,Policy Holder
No,Urban,51,"less than 20,000",1,Policy Holder
No,Urban,27,"30,000 to 39,000",none,Policy Holder
No,Urban,31,"20,000 to 29,000",1,Third Party
Yes,Urban,36,"more than 69,000",none,Policy Holder
No,Urban,38,"less than 20,000",none,Policy Holder
Yes,Urban,26,"30,000 to 39,000",2 to 4,Policy Holder
No,Urban,29,"30,000 to 39,000",2 to 4,Policy Holder
No,Rural,49,"20,000 to 29,000",2 to 4,Policy Holder
No,Urban,31,"more than 69,000",2 to 4,Policy Holder
No,Urban,80,"less than 20,000",none,Policy Holder
No,Urban,47,"30,000 to 39,000",none,Third Party
No,Rural,0,"more than 69,000",none,Policy Holder
No,Urban,0,"more than 69,000",1,Policy Holder
No,Urban,27,"more than 69,000",2 to 4,Third Party
Yes,Urban,34,"20,000 to 29,000",none,Policy Holder
Yes,Urban,34,"30,000 to 39,000",2 to 4,Policy Holder
No,Urban,46,"20,000 to 29,000",1,Third Party
No,Urban,30,"20,000 to 29,000",2 to 4,Policy Holder
No,Urban,31,"20,000 to 29,000",more than 4,Policy Holder
No,Urban,56,"20,000 to 29,000",1,Policy Holder
No,Urban,54,"20,000 to 29,000",none,Policy Holder
No,Urban,38,"30,000 to 39,000",none,Third Party
No,Rural,49,"30,000 to 39,000",none,Policy Holder
No,Urban,43,"20,000 to 29,000",2 to 4,Third Party
No,Urban,26,"30,000 to 39,000",2 to 4,Policy Holder
No,Urban,26,"20,000 to 29,000",1,Policy Holder
Yes,Urban,22,"20,000 to 29,000",2 to 4,Policy Holder
No,Urban,31,"20,000 to 29,000",2 to 4,Policy Holder
No,Urban,60,"30,000 to 39,000",1,Policy Holder
No,Urban,44,"more than 69,000",2 to 4,Policy Holder
No,Urban,26,"30,000 to 39,000",2 to 4,Policy Holder
No,Urban,47,"20,000 to 29,000",1,Third Party
No,Urban,77,"60,000 to 69,000",2 to 4,Third Party
No,Urban,61,"40,000 to 59,000",2 to 4,Policy Holder
No,Urban,47,"less than 20,000",none,Policy Holder
No,Urban,53,"40,000 to 59,000",1,Policy Holder
No,Urban,38,"20,000 to 29,000",2 to 4,Policy Holder
No,Urban,33,"20,000 to 29,000",none,Third Party
No,Urban,47,"more than 69,000",more than 4,Policy Holder
No,Urban,33,"more than 69,000",2 to 4,Policy Holder
No,Urban,45,"20,000 to 29,000",none,Policy Holder
No,Urban,72,"more than 69,000",none,Policy Holder
No,Urban,64,"20,000 to 29,000",2 to 4,Policy Holder
No,Urban,51,"30,000 to 39,000",none,Policy Holder
No,Urban,0,"more than 69,000",2 to 4,Policy Holder
No,Urban,44,"more than 69,000",1,Policy Holder
No,Rural,31,"20,000 to 29,000",none,Third Party
No,Urban,29,"30,000 to 39,000",more than 4,Third Party
No,Urban,35,"30,000 to 39,000",none,Policy Holder
No,Urban,53,"30,000 to 39,000",2 to 4,Policy Holder
No,Urban,59,"more than 69,000",1,Policy Holder
No,Urban,51,"30,000 to 39,000",2 to 4,Third Party
No,Urban,25,"less than 20,000",none,Policy Holder
No,Urban,51,"20,000 to 29,000",2 to 4,Third Party
No,Urban,51,"20,000 to 29,000",none,Policy Holder
No,Urban,54,"20,000 to 29,000",1,Policy Holder
No,Urban,33,"20,000 to 29,000",1,Policy Holder
No,Urban,28,"20,000 to 29,000",none,Policy Holder
No,Urban,40,"20,000 to 29,000",1,Policy Holder
Yes,Urban,37,"less than 20,000",1,Policy Holder
No,Urban,39,"more than 69,000",2 to 4,Third Party
No,Urban,26,"20,000 to 29,000",2 to 4,Policy Holder
No,Urban,44,"20,000 to 29,000",2 to 4,Policy Holder
No,Urban,40,"20,000 to 29,000",none,Third Party
No,Urban,26,"20,000 to 29,000",1,Third Party
No,Urban,62,"20,000 to 29,000",none,Policy Holder
No,Urban,30,"more than 69,000",2 to 4,Third Party
No,Urban,38,"20,000 to 29,000",2 to 4,Policy Holder
No,Urban,31,"20,000 to 29,000",none,Policy Holder
No,Urban,51,"20,000 to 29,000",2 to 4,Policy Holder
No,Urban,52,"20,000 to 29,000",more than 4,Policy Holder
No,Urban,57,"30,000 to 39,000",1,Policy Holder
No,Urban,54,"30,000 to 39,000",1,Third Party
No,Rural,31,"20,000 to 29,000",none,Policy Holder
No,Urban,33,"20,000 to 29,000",2 to 4,Third Party
No,Urban,42,"20,000 to 29,000",1,Policy Holder
No,Urban,36,"30,000 to 39,000",none,Policy Holder
No,Urban,32,"30,000 to 39,000",2 to 4,Policy Holder
No,Urban,34,"20,000 to 29,000",more than 4,Policy Holder
No,Urban,32,"less than 20,000",none,Policy Holder
No,Urban,31,"20,000 to 29,000",2 to 4,Policy Holder
Yes,Urban,44,"less than 20,000",2 to 4,Policy Holder
No,Urban,28,"30,000 to 39,000",2 to 4,Policy Holder
No,Urban,51,"20,000 to 29,000",none,Policy Holder
No,Urban,48,"30,000 to 39,000",more than 4,Policy Holder
No,Rural,24,"20,000 to 29,000",1,Policy Holder
No,Urban,34,"20,000 to 29,000",2 to 4,Policy Holder
No,Urban,40,"30,000 to 39,000",2 to 4,Policy Holder
No,Urban,42,"30,000 to 39,000",2 to 4,Policy Holder
No,Urban,48,"more than 69,000",none,Policy Holder
No,Urban,31,"20,000 to 29,000",none,Policy Holder
No,Rural,39,"20,000 to 29,000",none,Policy Holder
No,Urban,26,"20,000 to 29,000",none,Policy Holder
No,Urban,50,"20,000 to 29,000",more than 4,Policy Holder
No,Urban,72,"20,000 to 29,000",none,Policy Holder
No,Urban,50,"20,000 to 29,000",2 to 4,Policy Holder
Yes,Urban,46,"more than 69,000",none,Policy Holder
No,Urban,27,"20,000 to 29,000",2 to 4,Third Party
No,Urban,30,"20,000 to 29,000",2 to 4,Policy Holder
No,Urban,41,"30,000 to 39,000",2 to 4,Third Party
No,Urban,46,"30,000 to 39,000",2 to 4,Policy Holder
No,Urban,28,"more than 69,000",2 to 4,Third Party
No,Urban,54,"20,000 to 29,000",2 to 4,Policy Holder
No,Urban,62,"30,000 to 39,000",none,Policy Holder
No,Urban,32,"20,000 to 29,000",2 to 4,Policy Holder
No,Urban,29,"less than 20,000",none,Third Party
No,Urban,39,"20,000 to 29,000",1,Third Party
No,Urban,79,"30,000 to 39,000",none,Third Party
No,Urban,45,"20,000 to 29,000",none,Policy Holder
No,Urban,46,"20,000 to 29,000",none,Third Party
No,Urban,29,"20,000 to 29,000",more than 4,Policy Holder
No,Urban,28,"20,000 to 29,000",2 to 4,Third Party
No,Urban,30,"more than 69,000",none,Policy Holder
No,Urban,54,"20,000 to 29,000",more than 4,Policy Holder
No,Urban,0,"more than 69,000",2 to 4,Policy Holder
No,Urban,33,"20,000 to 29,000",none,Third Party
No,Rural,48,"20,000 to 29,000",none,Policy Holder
No,Urban,41,"20,000 to 29,000",2 to 4,Policy Holder
No,Urban,64,"less than 20,000",2 to 4,Policy Holder
No,Urban,52,"less than 20,000",none,Third Party
No,Urban,35,"30,000 to 39,000",more than 4,Policy Holder
No,Urban,35,"20,000 to 29,000",2 to 4,Policy Holder
No,Urban,34,"20,000 to 29,000",1,Third Party
No,Urban,44,"30,000 to 39,000",more than 4,Policy Holder
No,Urban,38,"20,000 to 29,000",more than 4,Policy Holder
No,Urban,28,"20,000 to 29,000",2 to 4,Policy Holder
No,Urban,27,"20,000 to 29,000",2 to 4,Policy Holder
No,Urban,46,"more than 69,000",none,Third Party
No,Urban,33,"more than 69,000",2 to 4,Third Party
No,Rural,25,"20,000 to 29,000",1,Third Party
No,Urban,27,"30,000 to 39,000",2 to 4,Policy Holder
No,Urban,49,"30,000 to 39,000",2 to 4,Policy Holder
No,Urban,40,"20,000 to 29,000",none,Third Party
No,Urban,47,"30,000 to 39,000",1,Policy Holder
No,Urban,33,"20,000 to 29,000",2 to 4,Policy Holder
No,Urban,36,"30,000 to 39,000",2 to 4,Policy Holder
No,Urban,43,"20,000 to 29,000",more than 4,Policy Holder
No,Urban,47,"more than 69,000",1,Policy Holder
No,Urban,53,"30,000 to 39,000",1,Third Party
No,Urban,24,"20,000 to 29,000",2 to 4,Policy Holder
No,Urban,51,"less than 20,000",more than 4,Policy Holder
No,Rural,60,"30,000 to 39,000",none,Third Party
Yes,Urban,47,"20,000 to 29,000",2 to 4,Policy Holder
No,Urban,51,"20,000 to 29,000",none,Policy Holder
No,Urban,25,"20,000 to 29,000",1,Policy Holder
No,Urban,55,"30,000 to 39,000",1,Policy Holder
No,Urban,36,"30,000 to 39,000",1,Policy Holder
No,Rural,40,"30,000 to 39,000",2 to 4,Third Party
No,Urban,47,"20,000 to 29,000",2 to 4,Policy Holder
No,Urban,30,"60,000 to 69,000",more than 4,Policy Holder
No,Urban,37,"20,000 to 29,000",1,Third Party
No,Urban,26,"20,000 to 29,000",1,Third Party
No,Urban,73,"30,000 to 39,000",more than 4,Policy Holder
No,Urban,46,"less than 20,000",none,Third Party
No,Urban,50,"less than 20,000",none,Policy Holder
No,Urban,55,"less than 20,000",none,Policy Holder
No,Urban,47,"20,000 to 29,000",1,Policy Holder
Yes,Urban,22,"20,000 to 29,000",2 to 4,Policy Holder
No,Urban,44,"30,000 to 39,000",1,Policy Holder
No,Urban,28,"30,000 to 39,000",more than 4,Third Party
No,Urban,26,"more than 69,000",more than 4,Third Party
No,Urban,30,"20,000 to 29,000",2 to 4,Policy Holder
No,Urban,78,"less than 20,000",none,Third Party
No,Urban,37,"30,000 to 39,000",2 to 4,Third Party
No,Urban,32,"more than 69,000",1,Policy Holder
No,Urban,32,"20,000 to 29,000",1,Policy Holder
Yes,Urban,38,"20,000 to 29,000",none,Policy Holder
No,Urban,38,"20,000 to 29,000",2 to 4,Third Party
No,Urban,59,"30,000 to 39,000",none,Policy Holder
No,Urban,30,"20,000 to 29,000",more than 4,Policy Holder
No,Urban,55,"20,000 to 29,000",2 to 4,Policy Holder
No,Urban,38,"20,000 to 29,000",2 to 4,Policy Holder
No,Urban,46,"20,000 to 29,000",more than 4,Policy Holder
No,Urban,27,"20,000 to 29,000",none,Policy Holder
No,Urban,44,"30,000 to 39,000",none,Third Party
No,Urban,38,"more than 69,000",none,Policy Holder
No,Urban,29,"20,000 to 29,000",2 to 4,Third Party
No,Urban,31,"20,000 to 29,000",1,Third Party
No,Urban,28,"20,000 to 29,000",2 to 4,Policy Holder
No,Urban,32,"20,000 to 29,000",2 to 4,Policy Holder
No,Urban,20,"more than 69,000",2 to 4,Policy Holder
No,Urban,46,"20,000 to 29,000",2 to 4,Policy Holder
No,Urban,37,"30,000 to 39,000",more than 4,Policy Holder
No,Urban,43,"40,000 to 59,000",2 to 4,Policy Holder
No,Urban,38,"20,000 to 29,000",2 to 4,Policy Holder
Yes,Urban,27,"20,000 to 29,000",1,Policy Holder
No,Urban,37,"20,000 to 29,000",none,Policy Holder
Yes,Urban,46,"more than 69,000",none,Policy Holder
No,Urban,19,"20,000 to 29,000",none,Policy Holder
Yes,Rural,32,"20,000 to 29,000",1,Policy Holder
No,Urban,41,"20,000 to 29,000",2 to 4,Policy Holder
No,Urban,54,"30,000 to 39,000",1,Policy Holder
No,Urban,29,"20,000 to 29,000",2 to 4,Third Party
No,Urban,29,"20,000 to 29,000",none,Policy Holder
No,Urban,46,"20,000 to 29,000",more than 4,Policy Holder
No,Urban,80,"more than 69,000",1,Policy Holder
No,Urban,55,"more than 69,000",1,Policy Holder
No,Urban,45,"20,000 to 29,000",2 to 4,Third Party
No,Urban,48,"20,000 to 29,000",none,Policy Holder
No,Urban,46,"30,000 to 39,000",1,Third Party
No,Urban,26,"20,000 to 29,000",1,Policy Holder
No,Rural,26,"40,000 to 59,000",2 to 4,Third Party
No,Urban,46,"30,000 to 39,000",2 to 4,Third Party
No,Rural,36,"20,000 to 29,000",1,Policy Holder
No,Rural,0,"more than 69,000",none,Policy Holder
No,Urban,33,"30,000 to 39,000",2 to 4,Policy Holder
No,Urban,57,"more than 69,000",more than 4,Third Party
No,Urban,79,"40,000 to 59,000",none,Policy Holder
No,Urban,43,"more than 69,000",2 to 4,Policy Holder
No,Urban,33,"20,000 to 29,000",2 to 4,Policy Holder
No,Urban,23,"20,000 to 29,000",none,Policy Holder
No,Urban,30,"20,000 to 29,000",none,Policy Holder
No,Urban,38,"30,000 to 39,000",2 to 4,Policy Holder
No,Urban,56,"30,000 to 39,000",1,Third Party
No,Urban,21,"20,000 to 29,000",1,Third Party
No,Urban,42,"30,000 to 39,000",2 to 4,Policy Holder
No,Urban,34,"20,000 to 29,000",none,Policy Holder
No,Urban,44,"20,000 to 29,000",1,Third Party
No,Urban,34,"20,000 to 29,000",2 to 4,Policy Holder
No,Urban,30,"20,000 to 29,000",1,Policy Holder
No,Urban,47,"more than 69,000",1,Policy Holder
No,Urban,34,"20,000 to 29,000",2 to 4,Policy Holder
No,Rural,34,"20,000 to 29,000",2 to 4,Policy Holder
No,Urban,49,"more than 69,000",2 to 4,Policy Holder
No,Urban,41,"30,000 to 39,000",more than 4,Third Party
No,Urban,35,"30,000 to 39,000",2 to 4,Third Party
No,Urban,0,"more than 69,000",more than 4,Policy Holder
No,Urban,42,"30,000 to 39,000",more than 4,Policy Holder
No,Urban,26,"30,000 to 39,000",none,Policy Holder
No,Urban,0,"more than 69,000",2 to 4,Policy Holder
No,Urban,28,"20,000 to 29,000",none,Third Party
No,Urban,27,"20,000 to 29,000",2 to 4,Policy Holder
No,Rural,26,"30,000 to 39,000",none,Policy Holder
No,Urban,38,"less than 20,000",1,Policy Holder
No,Urban,41,"20,000 to 29,000",none,Policy Holder
No,Urban,32,"40,000 to 59,000",2 to 4,Third Party
No,Urban,33,"20,000 to 29,000",2 to 4,Policy Holder
No,Urban,36,"30,000 to 39,000",none,Policy Holder
No,Urban,33,"20,000 to 29,000",2 to 4,Policy Holder
No,Urban,31,"20,000 to 29,000",1,Third Party
No,Urban,26,"30,000 to 39,000",none,Policy Holder
No,Urban,63,"30,000 to 39,000",2 to 4,Policy Holder
No,Urban,32,"more than 69,000",none,Policy Holder
No,Urban,47,"more than 69,000",1,Policy Holder
No,Urban,34,"20,000 to 29,000",2 to 4,Third Party
No,Urban,28,"30,000 to 39,000",2 to 4,Policy Holder
No,Urban,50,"20,000 to 29,000",none,Third Party
No,Urban,29,"20,000 to 29,000",2 to 4,Policy Holder
No,Urban,49,"less than 20,000",none,Policy Holder
No,Urban,47,"more than 69,000",none,Policy Holder
No,Urban,26,"20,000 to 29,000",none,Third Party
No,Urban,34,"30,000 to 39,000",2 to 4,Policy Holder
No,Urban,26,"20,000 to 29,000",more than 4,Policy Holder
No,Urban,46,"30,000 to 39,000",none,Policy Holder
No,Urban,31,"more than 69,000",2 to 4,Policy Holder
No,Urban,27,"20,000 to 29,000",2 to 4,Policy Holder
No,Rural,38,"20,000 to 29,000",1,Policy Holder
No,Rural,47,"less than 20,000",none,Third Party
No,Urban,43,"20,000 to 29,000",2 to 4,Policy Holder
No,Urban,30,"more than 69,000",2 to 4,Policy Holder
No,Rural,36,"30,000 to 39,000",none,Policy Holder
No,Urban,36,"30,000 to 39,000",2 to 4,Third Party
No,Urban,41,"20,000 to 29,000",1,Policy Holder
No,Urban,29,"20,000 to 29,000",more than 4,Policy Holder
No,Urban,32,"20,000 to 29,000",2 to 4,Policy Holder
No,Urban,78,"20,000 to 29,000",2 to 4,Policy Holder
No,Rural,32,"30,000 to 39,000",2 to 4,Policy Holder
No,Rural,26,"20,000 to 29,000",more than 4,Third Party
No,Urban,45,"20,000 to 29,000",none,Policy Holder
No,Urban,41,"20,000 to 29,000",1,Third Party
No,Urban,36,"30,000 to 39,000",2 to 4,Policy Holder
Yes,Urban,26,"less than 20,000",1,Policy Holder
No,Urban,47,"20,000 to 29,000",none,Third Party
No,Urban,65,"20,000 to 29,000",none,Third Party
No,Urban,30,"20,000 to 29,000",2 to 4,Policy Holder
Yes,Urban,62,"20,000 to 29,000",none,Policy Holder
No,Rural,33,"20,000 to 29,000",2 to 4,Policy Holder
No,Urban,0,"more than 69,000",more than 4,Policy Holder
No,Urban,28,"30,000 to 39,000",none,Policy Holder
No,Rural,40,"20,000 to 29,000",1,Third Party
No,Rural,41,"20,000 to 29,000",1,Policy Holder
No,Urban,60,"40,000 to 59,000",2 to 4,Policy Holder
No,Urban,64,"30,000 to 39,000",2 to 4,Third Party
No,Urban,39,"20,000 to 29,000",1,Third Party
No,Urban,31,"20,000 to 29,000",more than 4,Third Party
No,Rural,26,"30,000 to 39,000",more than 4,Third Party
No,Urban,30,"more than 69,000",none,Third Party
No,Urban,30,"more than 69,000",more than 4,Policy Holder
No,Urban,63,"20,000 to 29,000",2 to 4,Policy Holder
No,Urban,50,"30,000 to 39,000",1,Third Party
No,Urban,59,"20,000 to 29,000",1,Third Party
No,Urban,39,"20,000 to 29,000",none,Policy Holder
No,Urban,63,"more than 69,000",none,Third Party
No,Urban,40,"30,000 to 39,000",more than 4,Policy Holder
No,Rural,52,"20,000 to 29,000",more than 4,Policy Holder
No,Urban,31,"20,000 to 29,000",2 to 4,Policy Holder
No,Urban,36,"more than 69,000",more than 4,Policy Holder
No,Urban,30,"30,000 to 39,000",1,Policy Holder
No,Urban,30,"20,000 to 29,000",2 to 4,Third Party
No,Urban,39,"20,000 to 29,000",none,Policy Holder
No,Urban,47,"20,000 to 29,000",none,Third Party
No,Urban,55,"20,000 to 29,000",2 to 4,Third Party
No,Rural,53,"20,000 to 29,000",2 to 4,Policy Holder
No,Urban,55,"20,000 to 29,000",2 to 4,Third Party
No,Rural,40,"30,000 to 39,000",1,Policy Holder
No,Urban,43,"more than 69,000",1,Third Party
No,Urban,32,"30,000 to 39,000",none,Policy Holder
No,Urban,38,"30,000 to 39,000",2 to 4,Policy Holder
No,Urban,36,"20,000 to 29,000",more than 4,Policy Holder
No,Urban,44,"30,000 to 39,000",more than 4,Policy Holder
No,Urban,27,"20,000 to 29,000",1,Policy Holder
No,Urban,28,"20,000 to 29,000",none,Third Party
No,Rural,45,"20,000 to 29,000",none,Third Party
No,Urban,40,"20,000 to 29,000",2 to 4,Policy Holder
No,Urban,28,"20,000 to 29,000",1,Third Party
No,Urban,30,"20,000 to 29,000",none,Policy Holder
No,Urban,48,"less than 20,000",none,Third Party
No,Urban,61,"20,000 to 29,000",1,Policy Holder
Yes,Rural,34,"20,000 to 29,000",2 to 4,Policy Holder
No,Urban,26,"20,000 to 29,000",none,Policy Holder
No,Urban,51,"30,000 to 39,000",none,Third Party
No,Urban,55,"more than 69,000",2 to 4,Policy Holder
No,Urban,55,"20,000 to 29,000",none,Policy Holder
No,Rural,38,"20,000 to 29,000",2 to 4,Third Party
No,Urban,56,"20,000 to 29,000",none,Policy Holder
No,Urban,34,"20,000 to 29,000",1,Third Party
No,Urban,34,"20,000 to 29,000",2 to 4,Policy Holder
No,Urban,29,"20,000 to 29,000",1,Policy Holder
No,Urban,48,"more than 69,000",none,Policy Holder
No,Urban,42,"less than 20,000",none,Third Party
No,Urban,28,"40,000 to 59,000",2 to 4,Policy Holder
No,Urban,26,"20,000 to 29,000",none,Policy Holder
No,Urban,33,"20,000 to 29,000",1,Policy Holder
No,Urban,30,"20,000 to 29,000",1,Policy Holder
No,Urban,25,"20,000 to 29,000",2 to 4,Policy Holder
No,Urban,33,"30,000 to 39,000",more than 4,Policy Holder
No,Urban,56,"30,000 to 39,000",2 to 4,Policy Holder
No,Urban,30,"20,000 to 29,000",more than 4,Policy Holder
No,Urban,40,"20,000 to 29,000",2 to 4,Policy Holder
No,Urban,47,"20,000 to 29,000",none,Policy Holder
No,Urban,34,"30,000 to 39,000",more than 4,Policy Holder
No,Urban,42,"20,000 to 29,000",1,Third Party
No,Urban,40,"20,000 to 29,000",2 to 4,Policy Holder
No,Urban,45,"20,000 to 29,000",none,Third Party
No,Urban,29,"20,000 to 29,000",1,Third Party
No,Urban,30,"30,000 to 39,000",2 to 4,Policy Holder
No,Urban,47,"more than 69,000",1,Third Party
No,Urban,36,"20,000 to 29,000",1,Policy Holder
No,Urban,39,"30,000 to 39,000",2 to 4,Third Party
Yes,Urban,22,"more than 69,000",none,Policy Holder
No,Urban,39,"20,000 to 29,000",none,Policy Holder
No,Urban,31,"20,000 to 29,000",none,Policy Holder
No,Urban,28,"more than 69,000",1,Third Party
No,Urban,35,"20,000 to 29,000",none,Policy Holder
No,Urban,38,"20,000 to 29,000",2 to 4,Third Party
No,Urban,51,"more than 69,000",2 to 4,Third Party
No,Urban,32,"20,000 to 29,000",2 to 4,Policy Holder
No,Urban,35,"20,000 to 29,000",2 to 4,Third Party
No,Urban,22,"20,000 to 29,000",2 to 4,Policy Holder
No,Urban,30,"20,000 to 29,000",1,Third Party
No,Urban,38,"30,000 to 39,000",1,Policy Holder
No,Urban,36,"20,000 to 29,000",none,Policy Holder
Yes,Urban,29,"more than 69,000",2 to 4,Policy Holder
No,Urban,47,"20,000 to 29,000",none,Policy Holder
No,Urban,47,"30,000 to 39,000",2 to 4,Policy Holder
No,Urban,54,"20,000 to 29,000",1,Policy Holder
No,Urban,26,"30,000 to 39,000",2 to 4,Policy Holder
Yes,Urban,43,"less than 20,000",none,Policy Holder
No,Urban,42,"20,000 to 29,000",2 to 4,Policy Holder
No,Urban,39,"20,000 to 29,000",2 to 4,Policy Holder
No,Urban,31,"20,000 to 29,000",more than 4,Policy Holder
No,Rural,29,"20,000 to 29,000",more than 4,Policy Holder
No,Rural,59,"20,000 to 29,000",none,Third Party
No,Urban,38,"30,000 to 39,000",1,Policy Holder
No,Urban,42,"less than 20,000",none,Third Party
No,Urban,34,"more than 69,000",more than 4,Policy Holder
No,Rural,28,"more than 69,000",1,Third Party
No,Urban,40,"less than 20,000",1,Policy Holder
No,Urban,34,"20,000 to 29,000",1,Third Party
No,Urban,35,"20,000 to 29,000",none,Policy Holder
No,Urban,32,"30,000 to 39,000",1,Third Party
No,Urban,0,"more than 69,000",2 to 4,Policy Holder
Yes,Urban,47,"20,000 to 29,000",none,Policy Holder
No,Urban,42,"20,000 to 29,000",none,Policy Holder
No,Urban,32,"20,000 to 29,000",2 to 4,Policy Holder
No,Urban,27,"20,000 to 29,000",2 to 4,Third Party
No,Urban,36,"40,000 to 59,000",none,Policy Holder
No,Urban,54,"30,000 to 39,000",none,Policy Holder
No,Urban,47,"more than 69,000",2 to 4,Policy Holder
No,Urban,47,"30,000 to 39,000",more than 4,Policy Holder
No,Urban,45,"20,000 to 29,000",2 to 4,Policy Holder
No,Urban,48,"more than 69,000",2 to 4,Third Party
No,Urban,62,"20,000 to 29,000",more than 4,Third Party
No,Urban,23,"20,000 to 29,000",more than 4,Policy Holder
No,Rural,38,"20,000 to 29,000",none,Third Party
No,Urban,61,"20,000 to 29,000",2 to 4,Third Party
No,Urban,31,"more than 69,000",none,Third Party
No,Urban,39,"less than 20,000",1,Policy Holder
No,Urban,75,"20,000 to 29,000",2 to 4,Policy Holder
Yes,Urban,28,"20,000 to 29,000",none,Policy Holder
No,Rural,49,"more than 69,000",none,Policy Holder
No,Urban,29,"20,000 to 29,000",2 to 4,Policy Holder
No,Rural,55,"20,000 to 29,000",1,Third Party
No,Urban,30,"20,000 to 29,000",1,Policy Holder
No,Urban,55,"more than 69,000",1,Policy Holder
No,Urban,37,"less than 20,000",none,Policy Holder
No,Urban,30,"30,000 to 39,000",2 to 4,Policy Holder
No,Rural,18,"more than 69,000",2 to 4,Third Party
No,Urban,24,"30,000 to 39,000",2 to 4,Policy Holder
No,Urban,46,"more than 69,000",more than 4,Policy Holder
No,Urban,62,"30,000 to 39,000",2 to 4,Policy Holder
No,Urban,41,"20,000 to 29,000",2 to 4,Policy Holder
No,Urban,18,"20,000 to 29,000",1,Policy Holder
No,Urban,34,"20,000 to 29,000",2 to 4,Policy Holder
No,Urban,35,"20,000 to 29,000",more than 4,Third Party
No,Urban,32,"20,000 to 29,000",none,Policy Holder
No,Urban,61,"20,000 to 29,000",1,Policy Holder
No,Urban,35,"30,000 to 39,000",none,Policy Holder
Yes,Urban,29,"20,000 to 29,000",1,Policy Holder
No,Urban,44,"20,000 to 29,000",2 to 4,Policy Holder
No,Urban,54,"30,000 to 39,000",none,Policy Holder
No,Urban,63,"20,000 to 29,000",1,Policy Holder
Yes,Rural,29,"less than 20,000",none,Policy Holder
No,Urban,0,"more than 69,000",more than 4,Policy Holder
No,Urban,33,"20,000 to 29,000",more than 4,Policy Holder
No,Urban,47,"20,000 to 29,000",2 to 4,Third Party
No,Urban,33,"more than 69,000",none,Third Party
No,Urban,57,"30,000 to 39,000",1,Third Party
No,Urban,55,"20,000 to 29,000",2 to 4,Third Party
No,Urban,34,"20,000 to 29,000",2 to 4,Policy Holder
No,Urban,53,"20,000 to 29,000",1,Policy Holder
No,Urban,35,"20,000 to 29,000",none,Policy Holder
No,Urban,30,"20,000 to 29,000",2 to 4,Third Party
No,Urban,51,"60,000 to 69,000",2 to 4,Policy Holder
No,Urban,27,"20,000 to 29,000",more than 4,Third Party
No,Rural,41,"20,000 to 29,000",2 to 4,Third Party
No,Urban,49,"less than 20,000",none,Third Party
No,Urban,33,"20,000 to 29,000",more than 4,Third Party
No,Urban,32,"20,000 to 29,000",none,Policy Holder
Yes,Urban,40,"40,000 to 59,000",2 to 4,Policy Holder
No,Urban,24,"20,000 to 29,000",none,Policy Holder
No,Urban,21,"more than 69,000",2 to 4,Third Party
No,Urban,53,"20,000 to 29,000",1,Policy Holder
No,Urban,29,"less than 20,000",none,Policy Holder
No,Urban,51,"20,000 to 29,000",none,Policy Holder
No,Urban,54,"30,000 to 39,000",1,Policy Holder
No,Urban,34,"20,000 to 29,000",1,Third Party
No,Urban,75,"20,000 to 29,000",2 to 4,Policy Holder
No,Urban,45,"20,000 to 29,000",2 to 4,Policy Holder
Yes,Urban,45,"40,000 to 59,000",more than 4,Policy Holder
No,Urban,39,"20,000 to 29,000",2 to 4,Third Party
No,Rural,47,"20,000 to 29,000",2 to 4,Third Party
Yes,Urban,49,"20,000 to 29,000",none,Policy Holder
No,Urban,33,"20,000 to 29,000",2 to 4,Policy Holder
Yes,Urban,64,"40,000 to 59,000",none,Policy Holder
Yes,Urban,38,"20,000 to 29,000",2 to 4,Policy Holder
No,Urban,40,"30,000 to 39,000",2 to 4,Policy Holder
No,Urban,30,"30,000 to 39,000",none,Third Party
No,Urban,29,"30,000 to 39,000",none,Policy Holder
No,Urban,24,"less than 20,000",none,Third Party
No,Urban,30,"30,000 to 39,000",1,Policy Holder
No,Urban,36,"20,000 to 29,000",2 to 4,Policy Holder
No,Urban,42,"20,000 to 29,000",none,Policy Holder
No,Urban,38,"20,000 to 29,000",none,Policy Holder
Yes,Rural,54,"20,000 to 29,000",more than 4,Policy Holder
No,Rural,57,"20,000 to 29,000",2 to 4,Policy Holder
No,Urban,60,"30,000 to 39,000",2 to 4,Third Party
No,Rural,41,"20,000 to 29,000",1,Policy Holder
No,Urban,33,"20,000 to 29,000",2 to 4,Third Party
No,Urban,34,"30,000 to 39,000",2 to 4,Policy Holder
No,Urban,43,"less than 20,000",none,Policy Holder
No,Urban,26,"30,000 to 39,000",more than 4,Third Party
No,Urban,51,"30,000 to 39,000",2 to 4,Policy Holder
Yes,Urban,38,"more than 69,000",2 to 4,Policy Holder
No,Urban,47,"30,000 to 39,000",1,Policy Holder
No,Urban,31,"30,000 to 39,000",1,Policy Holder
No,Urban,24,"20,000 to 29,000",2 to 4,Policy Holder
No,Urban,53,"20,000 to 29,000",2 to 4,Third Party
No,Urban,48,"20,000 to 29,000",2 to 4,Policy Holder
No,Urban,26,"20,000 to 29,000",1,Policy Holder
No,Urban,35,"20,000 to 29,000",more than 4,Third Party
No,Urban,40,"more than 69,000",none,Policy Holder
No,Urban,31,"20,000 to 29,000",2 to 4,Policy Holder
No,Urban,53,"20,000 to 29,000",2 to 4,Policy Holder
No,Urban,24,"30,000 to 39,000",more than 4,Policy Holder
No,Urban,48,"30,000 to 39,000",more than 4,Third Party
No,Urban,34,"30,000 to 39,000",more than 4,Policy Holder
Yes,Urban,32,"less than 20,000",more than 4,Policy Holder
No,Urban,66,"less than 20,000",1,Policy Holder
No,Urban,44,"30,000 to 39,000",1,Policy Holder
No,Urban,39,"20,000 to 29,000",1,Policy Holder
No,Urban,30,"20,000 to 29,000",1,Policy Holder
Yes,Urban,33,"20,000 to 29,000",2 to 4,Third Party
No,Urban,26,"30,000 to 39,000",none,Third Party
No,Urban,40,"30,000 to 39,000",1,Third Party
No,Urban,64,"less than 20,000",none,Policy Holder
No,Urban,54,"30,000 to 39,000",2 to 4,Policy Holder
No,Rural,29,"20,000 to 29,000",2 to 4,Third Party
No,Urban,35,"30,000 to 39,000",none,Third Party
No,Urban,22,"20,000 to 29,000",2 to 4,Third Party
No,Urban,49,"less than 20,000",2 to 4,Policy Holder
No,Urban,42,"30,000 to 39,000",2 to 4,Policy Holder
No,Rural,37,"20,000 to 29,000",1,Policy Holder
No,Urban,45,"30,000 to 39,000",2 to 4,Policy Holder
No,Rural,60,"30,000 to 39,000",1,Policy Holder
No,Urban,37,"30,000 to 39,000",2 to 4,Policy Holder
No,Urban,40,"20,000 to 29,000",1,Policy Holder
No,Urban,32,"20,000 to 29,000",more than 4,Policy Holder
No,Urban,59,"less than 20,000",none,Policy Holder
No,Urban,26,"more than 69,000",1,Third Party
No,Urban,60,"20,000 to 29,000",none,Third Party
No,Rural,50,"20,000 to 29,000",1,Policy Holder
No,Urban,47,"20,000 to 29,000",none,Policy Holder
No,Urban,35,"20,000 to 29,000",none,Policy Holder
No,Urban,38,"30,000 to 39,000",none,Policy Holder
Yes,Urban,35,"20,000 to 29,000",none,Policy Holder
No,Urban,54,"more than 69,000",2 to 4,Policy Holder
No,Urban,47,"more than 69,000",none,Policy Holder
No,Urban,38,"30,000 to 39,000",1,Policy Holder
No,Urban,33,"20,000 to 29,000",none,Policy Holder
No,Urban,58,"20,000 to 29,000",none,Third Party
No,Urban,53,"20,000 to 29,000",2 to 4,Policy Holder
Yes,Urban,26,"20,000 to 29,000",2 to 4,Policy Holder
No,Urban,44,"20,000 to 29,000",none,Third Party
No,Urban,50,"20,000 to 29,000",none,Policy Holder
No,Urban,51,"20,000 to 29,000",2 to 4,Third Party
No,Urban,34,"20,000 to 29,000",1,Policy Holder
No,Urban,41,"more than 69,000",2 to 4,Third Party
No,Urban,41,"30,000 to 39,000",1,Policy Holder
No,Urban,23,"20,000 to 29,000",2 to 4,Third Party
No,Urban,60,"20,000 to 29,000",none,Policy Holder
Yes,Rural,32,"more than 69,000",none,Policy Holder
No,Urban,44,"20,000 to 29,000",1,Third Party
No,Urban,53,"30,000 to 39,000",none,Policy Holder
No,Urban,64,"20,000 to 29,000",2 to 4,Policy Holder
No,Urban,65,"20,000 to 29,000",1,Third Party
No,Urban,30,"30,000 to 39,000",2 to 4,Third Party
No,Urban,40,"20,000 to 29,000",1,Policy Holder
No,Urban,56,"40,000 to 59,000",2 to 4,Policy Holder
No,Urban,49,"20,000 to 29,000",1,Third Party
No,Urban,33,"20,000 to 29,000",none,Policy Holder
No,Urban,49,"30,000 to 39,000",2 to 4,Policy Holder
No,Urban,26,"more than 69,000",2 to 4,Third Party
No,Urban,38,"20,000 to 29,000",1,Third Party
No,Rural,42,"20,000 to 29,000",more than 4,Policy Holder
No,Urban,51,"20,000 to 29,000",none,Third Party
No,Urban,28,"20,000 to 29,000",2 to 4,Policy Holder
No,Urban,32,"20,000 to 29,000",2 to 4,Policy Holder
No,Urban,29,"30,000 to 39,000",none,Policy Holder
No,Urban,53,"30,000 to 39,000",1,Third Party
No,Urban,24,"more than 69,000",none,Policy Holder
No,Urban,35,"20,000 to 29,000",none,Policy Holder
No,Urban,31,"20,000 to 29,000",none,Policy Holder
No,Urban,56,"30,000 to 39,000",none,Policy Holder
No,Rural,32,"20,000 to 29,000",none,Third Party
No,Urban,29,"more than 69,000",1,Third Party
No,Rural,57,"more than 69,000",1,Policy Holder
No,Urban,24,"20,000 to 29,000",1,Policy Holder
Yes,Urban,32,"20,000 to 29,000",none,Policy Holder
No,Urban,36,"20,000 to 29,000",1,Third Party
No,Urban,33,"20,000 to 29,000",none,Policy Holder
No,Urban,32,"20,000 to 29,000",2 to 4,Policy Holder
No,Urban,62,"less than 20,000",none,Policy Holder
No,Urban,41,"20,000 to 29,000",2 to 4,Policy Holder
No,Rural,31,"20,000 to 29,000",none,Policy Holder
No,Urban,42,"20,000 to 29,000",none,Third Party
No,Urban,53,"20,000 to 29,000",more than 4,Policy Holder
No,Urban,52,"20,000 to 29,000",2 to 4,Policy Holder
No,Urban,30,"60,000 to 69,000",none,Policy Holder
No,Urban,58,"20,000 to 29,000",1,Third Party
No,Urban,35,"20,000 to 29,000",none,Third Party
No,Urban,33,"20,000 to 29,000",2 to 4,Policy Holder
No,Rural,65,"20,000 to 29,000",2 to 4,Third Party
No,Urban,39,"20,000 to 29,000",none,Policy Holder
Yes,Urban,53,"30,000 to 39,000",2 to 4,Policy Holder
No,Urban,76,"20,000 to 29,000",2 to 4,Policy Holder
No,Urban,0,"more than 69,000",more than 4,Policy Holder
No,Rural,38,"30,000 to 39,000",2 to 4,Policy Holder
No,Urban,23,"20,000 to 29,000",none,Third Party
No,Urban,47,"30,000 to 39,000",none,Policy Holder
Yes,Urban,50,"less than 20,000",2 to 4,Policy Holder
Yes,Urban,33,"20,000 to 29,000",more than 4,Policy Holder
No,Urban,30,"20,000 to 29,000",2 to 4,Policy Holder
No,Urban,34,"20,000 to 29,000",1,Policy Holder
No,Urban,49,"less than 20,000",2 to 4,Policy Holder
No,Urban,26,"less than 20,000",none,Third Party
No,Urban,49,"20,000 to 29,000",2 to 4,Policy Holder
No,Urban,33,"30,000 to 39,000",2 to 4,Policy Holder
No,Urban,50,"30,000 to 39,000",1,Policy Holder
No,Urban,24,"20,000 to 29,000",1,Policy Holder
No,Urban,26,"20,000 to 29,000",1,Policy Holder
No,Urban,27,"more than 69,000",2 to 4,Third Party
No,Urban,31,"20,000 to 29,000",2 to 4,Policy Holder
No,Urban,37,"20,000 to 29,000",2 to 4,Policy Holder
Yes,Urban,32,"20,000 to 29,000",2 to 4,Policy Holder
No,Urban,21,"more than 69,000",1,Policy Holder
No,Urban,45,"20,000 to 29,000",none,Policy Holder
No,Urban,52,"20,000 to 29,000",2 to 4,Policy Holder
No,Rural,39,"20,000 to 29,000",2 to 4,Policy Holder
Yes,Urban,44,"30,000 to 39,000",2 to 4,Policy Holder
No,Urban,32,"20,000 to 29,000",2 to 4,Policy Holder
No,Rural,64,"less than 20,000",1,Policy Holder
No,Urban,35,"20,000 to 29,000",2 to 4,Third Party
No,Rural,36,"30,000 to 39,000",none,Policy Holder
Yes,Urban,44,"20,000 to 29,000",2 to 4,Policy Holder
No,Urban,28,"20,000 to 29,000",1,Third Party
No,Urban,65,"more than 69,000",2 to 4,Policy Holder
No,Urban,58,"30,000 to 39,000",none,Policy Holder
No,Urban,44,"20,000 to 29,000",1,Third Party
No,Urban,29,"30,000 to 39,000",more than 4,Policy Holder
No,Urban,28,"20,000 to 29,000",2 to 4,Policy Holder
Yes,Urban,35,"20,000 to 29,000",1,Policy Holder
No,Urban,37,"20,000 to 29,000",1,Policy Holder
No,Urban,37,"20,000 to 29,000",2 to 4,Third Party
No,Urban,30,"20,000 to 29,000",none,Policy Holder
No,Urban,29,"20,000 to 29,000",none,Third Party
No,Urban,58,"60,000 to 69,000",2 to 4,Policy Holder
No,Urban,0,"more than 69,000",2 to 4,Policy Holder
No,Urban,28,"20,000 to 29,000",more than 4,Policy Holder
No,Urban,41,"20,000 to 29,000",1,Policy Holder
Yes,Urban,35,"20,000 to 29,000",2 to 4,Policy Holder
No,Urban,51,"20,000 to 29,000",1,Policy Holder
No,Urban,70,"20,000 to 29,000",none,Policy Holder
No,Urban,23,"20,000 to 29,000",2 to 4,Policy Holder
No,Urban,52,"20,000 to 29,000",1,Policy Holder
No,Urban,30,"20,000 to 29,000",1,Policy Holder
No,Urban,42,"more than 69,000",1,Policy Holder
No,Urban,32,"20,000 to 29,000",1,Policy Holder
No,Urban,77,"20,000 to 29,000",2 to 4,Third Party
No,Urban,34,"20,000 to 29,000",none,Policy Holder
No,Urban,39,"less than 20,000",2 to 4,Policy Holder
No,Urban,49,"40,000 to 59,000",2 to 4,Third Party
No,Urban,31,"20,000 to 29,000",none,Policy Holder
No,Urban,44,"more than 69,000",none,Third Party
No,Urban,29,"more than 69,000",none,Third Party
No,Urban,32,"20,000 to 29,000",2 to 4,Policy Holder
No,Urban,29,"20,000 to 29,000",more than 4,Policy Holder
No,Rural,32,"20,000 to 29,000",1,Policy Holder
No,Urban,43,"30,000 to 39,000",2 to 4,Third Party
No,Urban,27,"30,000 to 39,000",2 to 4,Policy Holder
No,Urban,44,"40,000 to 59,000",more than 4,Policy Holder
No,Urban,59,"20,000 to 29,000",2 to 4,Policy Holder
No,Rural,32,"20,000 to 29,000",none,Policy Holder
No,Urban,31,"30,000 to 39,000",2 to 4,Third Party
No,Urban,29,"20,000 to 29,000",1,Policy Holder
No,Urban,44,"20,000 to 29,000",none,Policy Holder
No,Urban,35,"20,000 to 29,000",none,Policy Holder
No,Urban,42,"60,000 to 69,000",2 to 4,Policy Holder
No,Urban,28,"20,000 to 29,000",2 to 4,Policy Holder
No,Rural,47,"30,000 to 39,000",2 to 4,Policy Holder
No,Urban,24,"20,000 to 29,000",2 to 4,Policy Holder
No,Urban,42,"30,000 to 39,000",more than 4,Policy Holder
No,Urban,32,"20,000 to 29,000",none,Third Party
No,Urban,43,"30,000 to 39,000",2 to 4,Policy Holder
No,Rural,55,"less than 20,000",1,Policy Holder
No,Urban,48,"60,000 to 69,000",more than 4,Policy Holder
No,Urban,31,"less than 20,000",none,Policy Holder
No,Urban,32,"20,000 to 29,000",none,Third Party
No,Urban,21,"more than 69,000",none,Policy Holder
No,Urban,47,"20,000 to 29,000",2 to 4,Policy Holder
No,Urban,32,"20,000 to 29,000",2 to 4,Policy Holder
No,Urban,30,"more than 69,000",2 to 4,Third Party
Yes,Urban,26,"less than 20,000",none,Policy Holder
Yes,Urban,46,"more than 69,000",more than 4,Policy Holder
No,Urban,62,"more than 69,000",2 to 4,Policy Holder
No,Urban,70,"20,000 to 29,000",1,Policy Holder
No,Rural,48,"20,000 to 29,000",2 to 4,Policy Holder
No,Urban,33,"20,000 to 29,000",2 to 4,Third Party
No,Urban,25,"20,000 to 29,000",none,Policy Holder
No,Urban,49,"20,000 to 29,000",1,Policy Holder
No,Rural,29,"30,000 to 39,000",more than 4,Policy Holder
No,Urban,34,"more than 69,000",2 to 4,Policy Holder
No,Urban,29,"30,000 to 39,000",2 to 4,Policy Holder
No,Urban,34,"30,000 to 39,000",none,Policy Holder
No,Rural,78,"less than 20,000",2 to 4,Policy Holder
No,Urban,45,"20,000 to 29,000",1,Policy Holder
No,Urban,55,"20,000 to 29,000",more than 4,Policy Holder
No,Urban,43,"20,000 to 29,000",none,Policy Holder
No,Urban,36,"30,000 to 39,000",1,Policy Holder
No,Urban,39,"20,000 to 29,000",1,Third Party
No,Urban,55,"20,000 to 29,000",2 to 4,Policy Holder
No,Urban,71,"less than 20,000",1,Policy Holder
No,Urban,29,"20,000 to 29,000",2 to 4,Third Party
No,Urban,32,"20,000 to 29,000",1,Policy Holder
No,Urban,30,"less than 20,000",none,Policy Holder
No,Urban,21,"20,000 to 29,000",none,Third Party
No,Urban,58,"20,000 to 29,000",2 to 4,Third Party
No,Rural,51,"20,000 to 29,000",more than 4,Policy Holder
No,Urban,74,"30,000 to 39,000",none,Third Party
No,Urban,27,"20,000 to 29,000",1,Policy Holder
No,Rural,52,"20,000 to 29,000",none,Policy Holder
No,Urban,34,"30,000 to 39,000",1,Policy Holder
No,Urban,48,"more than 69,000",1,Third Party
No,Urban,75,"30,000 to 39,000",none,Policy Holder
No,Urban,29,"20,000 to 29,000",2 to 4,Policy Holder
No,Urban,31,"20,000 to 29,000",2 to 4,Policy Holder
No,Urban,42,"40,000 to 59,000",2 to 4,Policy Holder
No,Urban,27,"40,000 to 59,000",1,Policy Holder
No,Urban,55,"30,000 to 39,000",2 to 4,Policy Holder
No,Urban,24,"20,000 to 29,000",none,Policy Holder
No,Urban,32,"20,000 to 29,000",2 to 4,Third Party
No,Urban,30,"more than 69,000",1,Third Party
No,Urban,66,"30,000 to 39,000",more than 4,Policy Holder
No,Urban,25,"less than 20,000",1,Policy Holder
No,Urban,26,"20,000 to 29,000",2 to 4,Policy Holder
No,Urban,55,"more than 69,000",none,Third Party
No,Urban,78,"20,000 to 29,000",more than 4,Policy Holder
No,Urban,22,"20,000 to 29,000",2 to 4,Policy Holder
No,Urban,36,"20,000 to 29,000",2 to 4,Policy Holder
No,Urban,59,"20,000 to 29,000",2 to 4,Policy Holder
No,Urban,52,"20,000 to 29,000",2 to 4,Policy Holder
No,Urban,47,"20,000 to 29,000",more than 4,Policy Holder
No,Urban,33,"20,000 to 29,000",more than 4,Policy Holder
No,Urban,28,"less than 20,000",none,Policy Holder
No,Urban,48,"less than 20,000",none,Policy Holder
No,Urban,33,"20,000 to 29,000",none,Third Party
No,Urban,46,"40,000 to 59,000",none,Policy Holder
No,Urban,40,"20,000 to 29,000",2 to 4,Policy Holder
No,Urban,50,"less than 20,000",none,Policy Holder
No,Urban,35,"30,000 to 39,000",none,Policy Holder
No,Urban,44,"20,000 to 29,000",none,Policy Holder
No,Urban,24,"30,000 to 39,000",2 to 4,Third Party
No,Rural,31,"20,000 to 29,000",2 to 4,Third Party
No,Urban,49,"20,000 to 29,000",2 to 4,Third Party
No,Rural,33,"less than 20,000",none,Policy Holder
No,Urban,60,"30,000 to 39,000",none,Third Party
No,Urban,31,"more than 69,000",2 to 4,Policy Holder
No,Urban,30,"20,000 to 29,000",2 to 4,Policy Holder
No,Urban,45,"20,000 to 29,000",1,Policy Holder
No,Urban,50,"30,000 to 39,000",2 to 4,Policy Holder
No,Urban,30,"more than 69,000",more than 4,Policy Holder
No,Urban,57,"30,000 to 39,000",none,Policy Holder
No,Urban,36,"30,000 to 39,000",1,Policy Holder
No,Urban,52,"20,000 to 29,000",more than 4,Policy Holder
No,Urban,50,"20,000 to 29,000",none,Policy Holder
No,Urban,25,"less than 20,000",2 to 4,Policy Holder
No,Urban,42,"30,000 to 39,000",none,Third Party
No,Urban,30,"20,000 to 29,000",more than 4,Policy Holder
No,Urban,61,"more than 69,000",2 to 4,Policy Holder
No,Urban,29,"30,000 to 39,000",2 to 4,Policy Holder
No,Urban,34,"more than 69,000",more than 4,Policy Holder
No,Urban,30,"20,000 to 29,000",2 to 4,Policy Holder
No,Urban,42,"30,000 to 39,000",more than 4,Policy Holder
No,Urban,45,"more than 69,000",none,Policy Holder
No,Urban,59,"more than 69,000",none,Policy Holder
Yes,Urban,27,"20,000 to 29,000",none,Policy Holder
No,Urban,27,"20,000 to 29,000",2 to 4,Policy Holder
No,Urban,22,"20,000 to 29,000",more than 4,Third Party
No,Urban,49,"20,000 to 29,000",1,Third Party
No,Urban,42,"20,000 to 29,000",2 to 4,Policy Holder
No,Urban,45,"20,000 to 29,000",more than 4,Policy Holder
Yes,Urban,72,"less than 20,000",2 to 4,Policy Holder
No,Urban,18,"20,000 to 29,000",2 to 4,Policy Holder
No,Urban,32,"20,000 to 29,000",1,Third Party
No,Urban,35,"30,000 to 39,000",2 to 4,Policy Holder
No,Urban,35,"20,000 to 29,000",more than 4,Policy Holder
No,Urban,35,"20,000 to 29,000",2 to 4,Third Party
No,Rural,31,"20,000 to 29,000",2 to 4,Policy Holder
No,Urban,32,"less than 20,000",none,Policy Holder
No,Urban,35,"20,000 to 29,000",2 to 4,Policy Holder
No,Urban,37,"less than 20,000",1,Policy Holder
No,Urban,65,"30,000 to 39,000",2 to 4,Policy Holder
No,Urban,30,"30,000 to 39,000",2 to 4,Policy Holder
No,Urban,44,"less than 20,000",1,Policy Holder
No,Urban,46,"30,000 to 39,000",1,Policy Holder
No,Urban,58,"less than 20,000",2 to 4,Policy Holder
No,Urban,49,"more than 69,000",more than 4,Policy Holder
No,Urban,0,"more than 69,000",1,Policy Holder
No,Urban,41,"more than 69,000",none,Policy Holder
No,Urban,29,"20,000 to 29,000",none,Policy Holder
No,Urban,33,"20,000 to 29,000",2 to 4,Policy Holder
No,Rural,55,"more than 69,000",2 to 4,Third Party
Yes,Rural,29,"30,000 to 39,000",1,Policy Holder
No,Urban,0,"more than 69,000",2 to 4,Policy Holder
No,Urban,71,"30,000 to 39,000",2 to 4,Policy Holder
No,Urban,47,"20,000 to 29,000",more than 4,Third Party
No,Urban,63,"30,000 to 39,000",none,Policy Holder
No,Urban,27,"20,000 to 29,000",1,Third Party
No,Urban,49,"20,000 to 29,000",1,Policy Holder
No,Urban,39,"20,000 to 29,000",none,Policy Holder
No,Rural,53,"20,000 to 29,000",none,Policy Holder
No,Urban,23,"30,000 to 39,000",more than 4,Policy Holder
No,Rural,26,"30,000 to 39,000",2 to 4,Policy Holder
No,Urban,46,"more than 69,000",2 to 4,Policy Holder
No,Urban,34,"20,000 to 29,000",2 to 4,Policy Holder
No,Urban,58,"30,000 to 39,000",2 to 4,Policy Holder
No,Urban,28,"more than 69,000",1,Policy Holder
No,Urban,52,"20,000 to 29,000",none,Policy Holder
No,Urban,48,"20,000 to 29,000",none,Policy Holder
No,Urban,43,"20,000 to 29,000",more than 4,Policy Holder
No,Urban,29,"less than 20,000",none,Policy Holder
No,Urban,59,"less than 20,000",none,Policy Holder
No,Rural,49,"30,000 to 39,000",more than 4,Third Party
No,Urban,42,"20,000 to 29,000",2 to 4,Third Party
No,Urban,44,"20,000 to 29,000",none,Policy Holder
Yes,Urban,49,"20,000 to 29,000",2 to 4,Policy Holder
No,Urban,43,"40,000 to 59,000",more than 4,Policy Holder
No,Urban,26,"40,000 to 59,000",none,Policy Holder
No,Urban,54,"30,000 to 39,000",more than 4,Policy Holder
No,Rural,27,"20,000 to 29,000",1,Third Party
No,Urban,32,"20,000 to 29,000",2 to 4,Policy Holder
No,Rural,43,"30,000 to 39,000",none,Third Party
No,Rural,47,"30,000 to 39,000",2 to 4,Policy Holder
No,Urban,32,"30,000 to 39,000",2 to 4,Policy Holder
No,Rural,55,"30,000 to 39,000",none,Policy Holder
No,Urban,53,"20,000 to 29,000",none,Third Party
No,Urban,36,"20,000 to 29,000",1,Third Party
No,Urban,55,"20,000 to 29,000",1,Policy Holder
No,Urban,42,"20,000 to 29,000",none,Third Party
No,Urban,28,"20,000 to 29,000",2 to 4,Policy Holder
No,Urban,43,"20,000 to 29,000",1,Policy Holder
No,Urban,48,"more than 69,000",2 to 4,Third Party
No,Urban,28,"20,000 to 29,000",2 to 4,Policy Holder
No,Urban,53,"20,000 to 29,000",1,Policy Holder
No,Urban,50,"20,000 to 29,000",2 to 4,Policy Holder
No,Urban,48,"30,000 to 39,000",1,Third Party
No,Urban,27,"20,000 to 29,000",1,Third Party
No,Urban,38,"20,000 to 29,000",1,Policy Holder
No,Urban,49,"more than 69,000",none,Policy Holder
No,Urban,57,"20,000 to 29,000",none,Third Party
No,Urban,28,"20,000 to 29,000",1,Policy Holder
Yes,Urban,38,"30,000 to 39,000",2 to 4,Policy Holder
No,Urban,29,"20,000 to 29,000",1,Third Party
No,Urban,32,"20,000 to 29,000",none,Policy Holder
No,Urban,43,"less than 20,000",1,Policy Holder
No,Urban,26,"20,000 to 29,000",more than 4,Policy Holder
No,Urban,33,"20,000 to 29,000",2 to 4,Policy Holder
No,Urban,59,"20,000 to 29,000",none,Third Party
No,Rural,53,"20,000 to 29,000",1,Policy Holder
No,Urban,34,"30,000 to 39,000",none,Policy Holder
Yes,Urban,32,"20,000 to 29,000",1,Policy Holder
No,Urban,33,"20,000 to 29,000",2 to 4,Policy Holder
No,Urban,51,"60,000 to 69,000",1,Policy Holder
No,Urban,46,"30,000 to 39,000",more than 4,Policy Holder
No,Urban,45,"30,000 to 39,000",2 to 4,Policy Holder
No,Rural,33,"20,000 to 29,000",none,Third Party
No,Urban,28,"more than 69,000",1,Policy Holder
No,Urban,30,"20,000 to 29,000",1,Policy Holder
No,Urban,39,"20,000 to 29,000",more than 4,Policy Holder
No,Urban,40,"more than 69,000",2 to 4,Policy Holder
No,Rural,0,"more than 69,000",2 to 4,Policy Holder
No,Urban,38,"more than 69,000",2 to 4,Third Party
No,Urban,41,"20,000 to 29,000",2 to 4,Policy Holder
No,Urban,57,"20,000 to 29,000",none,Third Party
No,Urban,33,"30,000 to 39,000",none,Policy Holder
No,Urban,28,"20,000 to 29,000",more than 4,Policy Holder
No,Urban,47,"20,000 to 29,000",1,Policy Holder
No,Urban,42,"40,000 to 59,000",more than 4,Policy Holder
No,Urban,33,"20,000 to 29,000",more than 4,Policy Holder
No,Urban,47,"20,000 to 29,000",more than 4,Policy Holder
No,Urban,35,"30,000 to 39,000",2 to 4,Policy Holder
No,Urban,48,"20,000 to 29,000",1,Policy Holder
No,Urban,0,"more than 69,000",2 to 4,Policy Holder
No,Urban,40,"30,000 to 39,000",1,Policy Holder
No,Urban,31,"20,000 to 29,000",2 to 4,Policy Holder
No,Urban,42,"less than 20,000",2 to 4,Policy Holder
No,Urban,38,"20,000 to 29,000",2 to 4,Policy Holder
No,Urban,33,"20,000 to 29,000",none,Third Party
No,Urban,35,"20,000 to 29,000",2 to 4,Policy Holder
No,Urban,33,"20,000 to 29,000",1,Policy Holder
No,Urban,39,"more than 69,000",none,Third Party
No,Urban,39,"20,000 to 29,000",more than 4,Policy Holder
No,Urban,29,"20,000 to 29,000",more than 4,Policy Holder
No,Urban,54,"30,000 to 39,000",2 to 4,Policy Holder
No,Urban,41,"20,000 to 29,000",2 to 4,Policy Holder
No,Urban,0,"more than 69,000",none,Policy Holder
No,Urban,45,"20,000 to 29,000",2 to 4,Policy Holder
No,Urban,80,"less than 20,000",1,Policy Holder
No,Urban,42,"30,000 to 39,000",1,Policy Holder
No,Urban,51,"20,000 to 29,000",2 to 4,Third Party
No,Urban,33,"20,000 to 29,000",none,Policy Holder
No,Urban,59,"20,000 to 29,000",1,Policy Holder
No,Urban,0,"more than 69,000",more than 4,Policy Holder
No,Urban,37,"20,000 to 29,000",none,Third Party
Yes,Urban,65,"20,000 to 29,000",more than 4,Policy Holder
No,Rural,28,"20,000 to 29,000",none,Policy Holder
No,Urban,45,"20,000 to 29,000",more than 4,Policy Holder
No,Urban,25,"less than 20,000",none,Third Party
No,Urban,26,"20,000 to 29,000",1,Policy Holder
No,Urban,36,"20,000 to 29,000",1,Third Party
No,Urban,35,"20,000 to 29,000",1,Policy Holder
No,Urban,23,"20,000 to 29,000",2 to 4,Third Party
No,Urban,36,"more than 69,000",1,Policy Holder
No,Urban,39,"40,000 to 59,000",none,Policy Holder
No,Urban,26,"20,000 to 29,000",2 to 4,Policy Holder
No,Rural,48,"30,000 to 39,000",none,Policy Holder
No,Urban,22,"20,000 to 29,000",more than 4,Policy Holder
No,Urban,43,"30,000 to 39,000",1,Policy Holder
No,Urban,27,"20,000 to 29,000",more than 4,Third Party
No,Urban,41,"20,000 to 29,000",none,Third Party
No,Urban,72,"20,000 to 29,000",1,Policy Holder
No,Urban,36,"20,000 to 29,000",more than 4,Policy Holder
No,Urban,34,"20,000 to 29,000",1,Policy Holder
No,Rural,36,"20,000 to 29,000",1,Policy Holder
No,Rural,41,"40,000 to 59,000",2 to 4,Third Party
No,Urban,42,"20,000 to 29,000",more than 4,Policy Holder
No,Urban,35,"more than 69,000",2 to 4,Policy Holder
No,Urban,43,"20,000 to 29,000",1,Policy Holder
No,Urban,40,"30,000 to 39,000",none,Third Party
No,Urban,30,"20,000 to 29,000",2 to 4,Policy Holder
No,Urban,49,"20,000 to 29,000",more than 4,Policy Holder
No,Urban,40,"30,000 to 39,000",2 to 4,Third Party
No,Urban,36,"more than 69,000",none,Policy Holder
No,Urban,34,"20,000 to 29,000",more than 4,Third Party
No,Urban,43,"20,000 to 29,000",2 to 4,Policy Holder
No,Urban,27,"less than 20,000",none,Third Party
No,Urban,80,"20,000 to 29,000",2 to 4,Policy Holder
No,Urban,66,"20,000 to 29,000",none,Policy Holder
No,Rural,44,"more than 69,000",2 to 4,Third Party
No,Urban,32,"20,000 to 29,000",2 to 4,Policy Holder
No,Urban,38,"20,000 to 29,000",2 to 4,Policy Holder
No,Urban,42,"20,000 to 29,000",1,Third Party
No,Urban,52,"less than 20,000",1,Policy Holder
No,Urban,60,"20,000 to 29,000",2 to 4,Policy Holder
No,Urban,31,"30,000 to 39,000",1,Policy Holder
No,Urban,48,"20,000 to 29,000",none,Third Party
No,Urban,31,"20,000 to 29,000",1,Policy Holder
No,Urban,36,"40,000 to 59,000",2 to 4,Policy Holder
No,Urban,36,"more than 69,000",none,Policy Holder
No,Urban,37,"20,000 to 29,000",none,Policy Holder
No,Urban,24,"20,000 to 29,000",2 to 4,Policy Holder
No,Urban,36,"more than 69,000",2 to 4,Policy Holder
No,Urban,39,"more than 69,000",2 to 4,Third Party
No,Urban,30,"30,000 to 39,000",none,Third Party
No,Rural,80,"20,000 to 29,000",none,Policy Holder
Yes,Urban,26,"20,000 to 29,000",2 to 4,Policy Holder
No,Urban,43,"20,000 to 29,000",none,Third Party
No,Rural,40,"20,000 to 29,000",none,Policy Holder
No,Urban,38,"20,000 to 29,000",2 to 4,Third Party
No,Urban,27,"less than 20,000",none,Third Party
No,Urban,28,"more than 69,000",1,Policy Holder
No,Rural,37,"20,000 to 29,000",more than 4,Third Party
No,Urban,50,"30,000 to 39,000",1,Third Party
No,Urban,39,"20,000 to 29,000",2 to 4,Policy Holder
No,Urban,43,"20,000 to 29,000",2 to 4,Third Party
No,Urban,39,"less than 20,000",1,Third Party
No,Urban,43,"20,000 to 29,000",2 to 4,Policy Holder
No,Urban,33,"30,000 to 39,000",2 to 4,Third Party
No,Urban,28,"20,000 to 29,000",1,Third Party
No,Rural,29,"30,000 to 39,000",1,Policy Holder
No,Urban,38,"30,000 to 39,000",1,Policy Holder
No,Urban,31,"20,000 to 29,000",more than 4,Policy Holder
No,Urban,62,"less than 20,000",none,Policy Holder
No,Urban,26,"30,000 to 39,000",1,Third Party
No,Urban,35,"more than 69,000",none,Policy Holder
No,Urban,38,"30,000 to 39,000",2 to 4,Policy Holder
No,Urban,33,"20,000 to 29,000",none,Third Party
No,Urban,23,"less than 20,000",1,Policy Holder
No,Urban,31,"more than 69,000",2 to 4,Policy Holder
No,Urban,52,"30,000 to 39,000",1,Policy Holder
No,Urban,31,"20,000 to 29,000",2 to 4,Policy Holder
No,Urban,36,"30,000 to 39,000",more than 4,Policy Holder
No,Rural,53,"60,000 to 69,000",none,Policy Holder
No,Urban,40,"20,000 to 29,000",more than 4,Policy Holder
No,Urban,27,"20,000 to 29,000",2 to 4,Policy Holder
No,Urban,47,"20,000 to 29,000",2 to 4,Third Party
No,Urban,46,"more than 69,000",1,Policy Holder
No,Urban,75,"20,000 to 29,000",2 to 4,Third Party
No,Rural,39,"20,000 to 29,000",1,Third Party
No,Rural,47,"less than 20,000",none,Policy Holder
No,Urban,44,"20,000 to 29,000",none,Policy Holder
No,Urban,51,"more than 69,000",1,Policy Holder
No,Urban,43,"40,000 to 59,000",none,Policy Holder
No,Urban,41,"30,000 to 39,000",2 to 4,Policy Holder
No,Urban,20,"30,000 to 39,000",2 to 4,Third Party
No,Urban,40,"20,000 to 29,000",2 to 4,Policy Holder
No,Urban,77,"less than 20,000",none,Third Party
No,Urban,22,"20,000 to 29,000",1,Policy Holder
No,Urban,62,"20,000 to 29,000",1,Policy Holder
No,Urban,54,"more than 69,000",none,Policy Holder
No,Urban,26,"30,000 to 39,000",2 to 4,Third Party
No,Urban,52,"20,000 to 29,000",1,Policy Holder
No,Urban,47,"20,000 to 29,000",none,Policy Holder
No,Urban,33,"30,000 to 39,000",1,Policy Holder
No,Urban,56,"20,000 to 29,000",none,Third Party
No,Urban,60,"20,000 to 29,000",1,Policy Holder
No,Urban,55,"less than 20,000",none,Policy Holder
No,Urban,44,"30,000 to 39,000",more than 4,Policy Holder
No,Urban,60,"more than 69,000",none,Policy Holder
No,Urban,42,"20,000 to 29,000",1,Policy Holder
No,Urban,31,"20,000 to 29,000",1,Third Party
Yes,Urban,37,"more than 69,000",2 to 4,Policy Holder
No,Urban,58,"30,000 to 39,000",none,Policy Holder
No,Urban,50,"20,000 to 29,000",2 to 4,Policy Holder
No,Urban,22,"20,000 to 29,000",none,Third Party
No,Urban,28,"more than 69,000",none,Third Party
No,Rural,39,"40,000 to 59,000",none,Policy Holder
No,Urban,50,"20,000 to 29,000",none,Policy Holder
No,Urban,42,"30,000 to 39,000",none,Third Party
No,Urban,43,"30,000 to 39,000",more than 4,Third Party
No,Urban,38,"more than 69,000",none,Policy Holder
No,Urban,42,"20,000 to 29,000",more than 4,Policy Holder
No,Urban,23,"less than 20,000",1,Third Party
No,Urban,45,"20,000 to 29,000",1,Third Party
No,Urban,50,"20,000 to 29,000",none,Third Party
No,Urban,52,"20,000 to 29,000",none,Third Party
No,Urban,35,"20,000 to 29,000",none,Policy Holder
No,Rural,30,"30,000 to 39,000",2 to 4,Third Party
No,Urban,75,"20,000 to 29,000",1,Policy Holder
No,Rural,52,"20,000 to 29,000",2 to 4,Third Party
No,Urban,26,"20,000 to 29,000",2 to 4,Policy Holder
No,Urban,40,"20,000 to 29,000",none,Third Party
Yes,Urban,29,"20,000 to 29,000",none,Third Party
No,Urban,33,"20,000 to 29,000",2 to 4,Policy Holder
No,Urban,44,"more than 69,000",1,Policy Holder
No,Urban,31,"30,000 to 39,000",1,Policy Holder
No,Urban,29,"20,000 to 29,000",2 to 4,Policy Holder
No,Urban,29,"20,000 to 29,000",none,Policy Holder
No,Urban,28,"20,000 to 29,000",2 to 4,Policy Holder
No,Urban,41,"20,000 to 29,000",none,Policy Holder
No,Urban,53,"20,000 to 29,000",2 to 4,Policy Holder
No,Urban,27,"20,000 to 29,000",more than 4,Policy Holder
No,Urban,46,"30,000 to 39,000",1,Third Party
No,Urban,37,"20,000 to 29,000",1,Policy Holder
No,Urban,29,"30,000 to 39,000",more than 4,Third Party
No,Urban,50,"20,000 to 29,000",none,Policy Holder
No,Rural,35,"less than 20,000",1,Policy Holder
No,Urban,46,"more than 69,000",none,Third Party
No,Urban,41,"more than 69,000",2 to 4,Policy Holder
No,Urban,38,"30,000 to 39,000",none,Policy Holder
No,Urban,77,"more than 69,000",none,Policy Holder
No,Urban,30,"20,000 to 29,000",1,Policy Holder
No,Urban,31,"20,000 to 29,000",more than 4,Policy Holder
No,Urban,37,"less than 20,000",1,Policy Holder
No,Urban,49,"20,000 to 29,000",none,Policy Holder
No,Urban,28,"20,000 to 29,000",none,Third Party
No,Rural,44,"20,000 to 29,000",2 to 4,Policy Holder
No,Urban,35,"20,000 to 29,000",2 to 4,Policy Holder
No,Urban,57,"30,000 to 39,000",2 to 4,Policy Holder
No,Urban,27,"20,000 to 29,000",1,Policy Holder
No,Urban,55,"more than 69,000",none,Policy Holder
No,Urban,55,"20,000 to 29,000",1,Policy Holder
No,Urban,45,"20,000 to 29,000",2 to 4,Policy Holder
No,Urban,39,"20,000 to 29,000",none,Third Party
No,Urban,26,"30,000 to 39,000",1,Third Party
No,Urban,34,"less than 20,000",none,Policy Holder
No,Urban,68,"20,000 to 29,000",2 to 4,Policy Holder
No,Urban,30,"30,000 to 39,000",none,Third Party
No,Urban,19,"20,000 to 29,000",1,Policy Holder
No,Urban,32,"20,000 to 29,000",none,Third Party
No,Urban,32,"20,000 to 29,000",none,Third Party
No,Urban,44,"30,000 to 39,000",more than 4,Policy Holder
No,Urban,32,"20,000 to 29,000",none,Policy Holder
No,Urban,43,"20,000 to 29,000",none,Third Party
No,Rural,22,"30,000 to 39,000",none,Policy Holder
No,Urban,45,"20,000 to 29,000",none,Policy Holder
No,Urban,43,"20,000 to 29,000",2 to 4,Policy Holder
No,Urban,50,"20,000 to 29,000",none,Third Party
No,Rural,59,"20,000 to 29,000",1,Policy Holder
No,Urban,33,"30,000 to 39,000",more than 4,Policy Holder
No,Urban,45,"20,000 to 29,000",none,Policy Holder
No,Urban,31,"20,000 to 29,000",more than 4,Policy Holder
No,Urban,53,"30,000 to 39,000",1,Policy Holder
No,Urban,40,"20,000 to 29,000",2 to 4,Policy Holder
No,Rural,27,"20,000 to 29,000",2 to 4,Policy Holder
No,Urban,43,"more than 69,000",none,Policy Holder
No,Urban,55,"20,000 to 29,000",none,Policy Holder
No,Urban,30,"30,000 to 39,000",1,Third Party
No,Urban,29,"30,000 to 39,000",none,Policy Holder
No,Urban,48,"20,000 to 29,000",more than 4,Third Party
No,Urban,29,"20,000 to 29,000",more than 4,Policy Holder
No,Urban,33,"20,000 to 29,000",none,Policy Holder
No,Urban,38,"30,000 to 39,000",2 to 4,Third Party
No,Urban,27,"20,000 to 29,000",1,Policy Holder
No,Urban,42,"more than 69,000",2 to 4,Third Party
No,Urban,27,"30,000 to 39,000",2 to 4,Policy Holder
No,Urban,65,"30,000 to 39,000",2 to 4,Policy Holder
No,Urban,33,"20,000 to 29,000",none,Policy Holder
No,Urban,34,"20,000 to 29,000",none,Policy Holder
No,Urban,28,"20,000 to 29,000",more than 4,Policy Holder
No,Rural,30,"30,000 to 39,000",none,Policy Holder
No,Urban,32,"more than 69,000",2 to 4,Policy Holder
No,Urban,52,"20,000 to 29,000",none,Policy Holder
No,Urban,56,"20,000 to 29,000",2 to 4,Third Party
No,Urban,0,"more than 69,000",none,Policy Holder
No,Urban,35,"30,000 to 39,000",2 to 4,Policy Holder
No,Urban,43,"20,000 to 29,000",2 to 4,Third Party
No,Urban,49,"20,000 to 29,000",1,Policy Holder
No,Urban,48,"20,000 to 29,000",more than 4,Third Party
No,Urban,44,"30,000 to 39,000",2 to 4,Third Party
No,Rural,22,"30,000 to 39,000",more than 4,Third Party
No,Urban,31,"20,000 to 29,000",1,Policy Holder
No,Urban,76,"20,000 to 29,000",1,Third Party
No,Urban,38,"20,000 to 29,000",2 to 4,Policy Holder
No,Urban,27,"20,000 to 29,000",2 to 4,Policy Holder
No,Urban,26,"30,000 to 39,000",none,Policy Holder
No,Urban,36,"30,000 to 39,000",2 to 4,Third Party
No,Urban,26,"30,000 to 39,000",2 to 4,Policy Holder
No,Urban,39,"more than 69,000",more than 4,Policy Holder
No,Urban,24,"20,000 to 29,000",2 to 4,Policy Holder
No,Urban,44,"more than 69,000",more than 4,Policy Holder
No,Urban,46,"more than 69,000",1,Policy Holder
No,Urban,39,"less than 20,000",1,Third Party
No,Urban,33,"more than 69,000",none,Third Party
No,Urban,38,"20,000 to 29,000",2 to 4,Third Party
No,Urban,60,"less than 20,000",1,Policy Holder
No,Urban,76,"less than 20,000",1,Policy Holder
No,Urban,54,"30,000 to 39,000",none,Third Party
No,Urban,49,"20,000 to 29,000",none,Policy Holder
No,Rural,33,"20,000 to 29,000",none,Policy Holder
No,Urban,21,"less than 20,000",2 to 4,Policy Holder
No,Urban,40,"30,000 to 39,000",1,Third Party
No,Urban,26,"30,000 to 39,000",1,Policy Holder
No,Urban,55,"20,000 to 29,000",2 to 4,Policy Holder
No,Urban,0,"more than 69,000",2 to 4,Policy Holder
No,Urban,45,"20,000 to 29,000",more than 4,Policy Holder
No,Urban,30,"20,000 to 29,000",1,Policy Holder
No,Urban,42,"less than 20,000",none,Third Party
No,Urban,56,"20,000 to 29,000",1,Policy Holder
No,Urban,34,"20,000 to 29,000",2 to 4,Policy Holder
No,Urban,34,"30,000 to 39,000",2 to 4,Policy Holder
No,Urban,28,"30,000 to 39,000",1,Policy Holder
No,Urban,28,"30,000 to 39,000",2 to 4,Third Party
No,Rural,34,"30,000 to 39,000",none,Third Party
No,Urban,37,"30,000 to 39,000",1,Policy Holder
No,Urban,26,"30,000 to 39,000",1,Policy Holder
No,Urban,29,"30,000 to 39,000",none,Policy Holder
No,Urban,35,"30,000 to 39,000",1,Policy Holder
No,Urban,28,"20,000 to 29,000",2 to 4,Third Party
No,Urban,66,"20,000 to 29,000",none,Policy Holder
Yes,Urban,51,"less than 20,000",none,Policy Holder
No,Urban,35,"20,000 to 29,000",more than 4,Policy Holder
No,Urban,63,"20,000 to 29,000",1,Policy Holder
No,Urban,59,"30,000 to 39,000",1,Third Party
No,Urban,35,"20,000 to 29,000",more than 4,Policy Holder
Yes,Urban,26,"30,000 to 39,000",1,Policy Holder
No,Urban,0,"more than 69,000",none,Policy Holder
No,Urban,28,"20,000 to 29,000",none,Third Party
No,Urban,24,"20,000 to 29,000",2 to 4,Third Party
No,Urban,55,"20,000 to 29,000",1,Policy Holder
No,Urban,30,"20,000 to 29,000",none,Policy Holder
No,Rural,30,"20,000 to 29,000",more than 4,Third Party
No,Urban,78,"20,000 to 29,000",none,Policy Holder
No,Urban,31,"20,000 to 29,000",none,Policy Holder
No,Urban,49,"more than 69,000",1,Third Party
No,Urban,26,"20,000 to 29,000",none,Policy Holder
No,Urban,39,"30,000 to 39,000",2 to 4,Policy Holder
No,Urban,31,"20,000 to 29,000",more than 4,Policy Holder
No,Urban,37,"30,000 to 39,000",more than 4,Policy Holder
No,Urban,39,"20,000 to 29,000",1,Policy Holder
No,Urban,35,"20,000 to 29,000",2 to 4,Policy Holder
No,Urban,32,"20,000 to 29,000",2 to 4,Policy Holder
No,Urban,62,"40,000 to 59,000",1,Third Party
No,Urban,55,"more than 69,000",more than 4,Policy Holder
No,Urban,27,"30,000 to 39,000",2 to 4,Policy Holder
No,Urban,44,"20,000 to 29,000",none,Third Party
No,Urban,58,"30,000 to 39,000",none,Policy Holder
No,Urban,27,"30,000 to 39,000",more than 4,Policy Holder
No,Urban,47,"20,000 to 29,000",none,Policy Holder
No,Urban,29,"less than 20,000",2 to 4,Third Party
No,Urban,78,"30,000 to 39,000",1,Policy Holder
No,Urban,34,"20,000 to 29,000",2 to 4,Policy Holder
No,Urban,29,"20,000 to 29,000",2 to 4,Policy Holder
Yes,Urban,76,"more than 69,000",none,Policy Holder
No,Urban,61,"20,000 to 29,000",more than 4,Policy Holder
No,Urban,39,"30,000 to 39,000",none,Policy Holder
No,Urban,23,"20,000 to 29,000",1,Third Party
No,Urban,42,"less than 20,000",2 to 4,Policy Holder
No,Urban,52,"20,000 to 29,000",2 to 4,Policy Holder
No,Urban,41,"less than 20,000",2 to 4,Policy Holder
No,Urban,25,"20,000 to 29,000",1,Third Party
Yes,Rural,27,"30,000 to 39,000",none,Policy Holder
No,Urban,59,"20,000 to 29,000",2 to 4,Policy Holder
No,Rural,29,"20,000 to 29,000",2 to 4,Policy Holder
No,Urban,52,"20,000 to 29,000",none,Policy Holder
No,Rural,56,"30,000 to 39,000",1,Third Party
No,Urban,47,"30,000 to 39,000",none,Third Party
No,Rural,48,"20,000 to 29,000",2 to 4,Policy Holder
No,Urban,54,"30,000 to 39,000",2 to 4,Policy Holder
No,Urban,27,"20,000 to 29,000",2 to 4,Policy Holder
No,Urban,29,"20,000 to 29,000",none,Policy Holder
No,Urban,48,"20,000 to 29,000",1,Third Party
No,Urban,28,"20,000 to 29,000",1,Policy Holder
No,Urban,21,"20,000 to 29,000",1,Policy Holder
No,Rural,28,"less than 20,000",none,Policy Holder
No,Urban,61,"30,000 to 39,000",2 to 4,Third Party
No,Urban,31,"20,000 to 29,000",2 to 4,Policy Holder
No,Rural,46,"60,000 to 69,000",none,Third Party
Yes,Urban,44,"more than 69,000",none,Policy Holder
No,Urban,39,"20,000 to 29,000",more than 4,Third Party
No,Urban,33,"20,000 to 29,000",2 to 4,Policy Holder
No,Urban,33,"30,000 to 39,000",none,Third Party
No,Urban,41,"20,000 to 29,000",1,Policy Holder
No,Urban,30,"20,000 to 29,000",none,Policy Holder
Yes,Urban,29,"20,000 to 29,000",1,Policy Holder
Yes,Urban,32,"20,000 to 29,000",2 to 4,Policy Holder
No,Urban,24,"20,000 to 29,000",2 to 4,Policy Holder
No,Urban,54,"20,000 to 29,000",2 to 4,Third Party
No,Urban,45,"more than 69,000",2 to 4,Policy Holder
No,Urban,54,"20,000 to 29,000",1,Policy Holder
No,Urban,30,"20,000 to 29,000",none,Third Party
Yes,Urban,28,"30,000 to 39,000",none,Policy Holder
No,Urban,36,"20,000 to 29,000",2 to 4,Policy Holder
No,Urban,29,"30,000 to 39,000",none,Policy Holder
No,Urban,63,"more than 69,000",2 to 4,Policy Holder
No,Urban,60,"40,000 to 59,000",2 to 4,Policy Holder
No,Urban,26,"20,000 to 29,000",none,Third Party
No,Urban,45,"less than 20,000",none,Third Party
No,Urban,27,"less than 20,000",2 to 4,Policy Holder
No,Urban,39,"30,000 to 39,000",more than 4,Policy Holder
No,Rural,60,"more than 69,000",2 to 4,Policy Holder
No,Urban,33,"20,000 to 29,000",2 to 4,Third Party
No,Urban,31,"20,000 to 29,000",1,Third Party
No,Rural,70,"30,000 to 39,000",1,Third Party
No,Urban,34,"20,000 to 29,000",more than 4,Policy Holder
No,Urban,40,"more than 69,000",2 to 4,Third Party
No,Urban,29,"more than 69,000",2 to 4,Policy Holder
No,Rural,54,"20,000 to 29,000",none,Policy Holder
No,Rural,27,"more than 69,000",2 to 4,Policy Holder
No,Urban,51,"20,000 to 29,000",1,Policy Holder
No,Urban,27,"20,000 to 29,000",1,Policy Holder
No,Urban,38,"30,000 to 39,000",1,Third Party
No,Urban,41,"20,000 to 29,000",2 to 4,Policy Holder
No,Urban,58,"30,000 to 39,000",more than 4,Policy Holder
No,Urban,41,"20,000 to 29,000",1,Policy Holder
No,Urban,26,"20,000 to 29,000",none,Policy Holder
No,Urban,40,"30,000 to 39,000",1,Policy Holder
No,Rural,36,"30,000 to 39,000",2 to 4,Policy Holder
No,Urban,65,"20,000 to 29,000",more than 4,Third Party
No,Urban,69,"20,000 to 29,000",1,Third Party
No,Urban,56,"20,000 to 29,000",none,Third Party
No,Urban,73,"20,000 to 29,000",2 to 4,Third Party
No,Urban,64,"40,000 to 59,000",2 to 4,Policy Holder
No,Urban,38,"20,000 to 29,000",2 to 4,Policy Holder
No,Urban,43,"20,000 to 29,000",more than 4,Policy Holder
No,Urban,35,"30,000 to 39,000",none,Policy Holder
No,Urban,38,"more than 69,000",2 to 4,Policy Holder
No,Rural,31,"20,000 to 29,000",2 to 4,Third Party
No,Urban,39,"30,000 to 39,000",more than 4,Policy Holder
No,Urban,29,"30,000 to 39,000",2 to 4,Policy Holder
No,Urban,35,"20,000 to 29,000",more than 4,Policy Holder
No,Urban,35,"20,000 to 29,000",2 to 4,Third Party
No,Urban,38,"30,000 to 39,000",2 to 4,Policy Holder
No,Rural,36,"more than 69,000",more than 4,Policy Holder
Yes,Urban,36,"20,000 to 29,000",2 to 4,Policy Holder
No,Urban,37,"20,000 to 29,000",2 to 4,Policy Holder
No,Urban,62,"more than 69,000",2 to 4,Third Party
No,Rural,58,"20,000 to 29,000",none,Policy Holder
No,Urban,33,"20,000 to 29,000",2 to 4,Policy Holder
No,Urban,47,"20,000 to 29,000",more than 4,Policy Holder
Yes,Urban,32,"less than 20,000",2 to 4,Policy Holder
No,Urban,43,"20,000 to 29,000",none,Policy Holder
No,Urban,58,"30,000 to 39,000",2 to 4,Third Party
No,Urban,31,"20,000 to 29,000",2 to 4,Policy Holder
No,Urban,33,"20,000 to 29,000",more than 4,Policy Holder
No,Urban,77,"more than 69,000",none,Policy Holder
No,Urban,38,"20,000 to 29,000",none,Policy Holder
No,Urban,64,"30,000 to 39,000",none,Policy Holder
No,Urban,36,"20,000 to 29,000",2 to 4,Policy Holder
No,Urban,27,"20,000 to 29,000",1,Third Party
No,Urban,49,"30,000 to 39,000",2 to 4,Policy Holder
No,Urban,71,"20,000 to 29,000",2 to 4,Policy Holder
No,Urban,64,"more than 69,000",none,Policy Holder
No,Urban,39,"20,000 to 29,000",2 to 4,Third Party
No,Urban,40,"more than 69,000",none,Policy Holder
No,Urban,32,"20,000 to 29,000",2 to 4,Third Party
No,Urban,33,"20,000 to 29,000",2 to 4,Third Party
Yes,Urban,30,"40,000 to 59,000",2 to 4,Third Party
Yes,Urban,34,"20,000 to 29,000",more than 4,Policy Holder
No,Urban,30,"20,000 to 29,000",2 to 4,Third Party
No,Urban,21,"20,000 to 29,000",1,Third Party
No,Urban,42,"20,000 to 29,000",1,Policy Holder
No,Rural,44,"more than 69,000",2 to 4,Policy Holder
No,Urban,26,"20,000 to 29,000",more than 4,Policy Holder
No,Urban,54,"less than 20,000",1,Policy Holder
No,Urban,26,"less than 20,000",1,Third Party
No,Rural,55,"30,000 to 39,000",none,Third Party
No,Urban,51,"30,000 to 39,000",more than 4,Policy Holder
No,Urban,29,"20,000 to 29,000",more than 4,Policy Holder
No,Urban,76,"less than 20,000",none,Third Party
No,Urban,60,"more than 69,000",2 to 4,Policy Holder
No,Urban,32,"20,000 to 29,000",2 to 4,Policy Holder
No,Urban,58,"more than 69,000",1,Third Party
No,Urban,27,"20,000 to 29,000",1,Third Party
No,Rural,27,"20,000 to 29,000",1,Policy Holder
No,Urban,33,"20,000 to 29,000",none,Third Party
No,Urban,55,"less than 20,000",1,Policy Holder
No,Urban,24,"20,000 to 29,000",1,Policy Holder
No,Urban,28,"20,000 to 29,000",none,Policy Holder
No,Urban,54,"30,000 to 39,000",more than 4,Policy Holder
No,Urban,35,"20,000 to 29,000",none,Policy Holder
No,Urban,50,"30,000 to 39,000",1,Policy Holder
No,Urban,33,"20,000 to 29,000",more than 4,Third Party
No,Urban,28,"40,000 to 59,000",2 to 4,Policy Holder
No,Urban,31,"20,000 to 29,000",1,Policy Holder
No,Urban,49,"20,000 to 29,000",none,Third Party
No,Urban,45,"20,000 to 29,000",more than 4,Third Party
No,Urban,27,"30,000 to 39,000",more than 4,Policy Holder
No,Urban,22,"20,000 to 29,000",none,Policy Holder
No,Urban,34,"30,000 to 39,000",none,Third Party
No,Urban,21,"30,000 to 39,000",1,Third Party
No,Urban,31,"30,000 to 39,000",1,Policy Holder
No,Urban,38,"20,000 to 29,000",2 to 4,Policy Holder
No,Urban,32,"less than 20,000",2 to 4,Third Party
No,Urban,41,"20,000 to 29,000",none,Third Party
No,Urban,60,"20,000 to 29,000",none,Third Party
No,Urban,18,"20,000 to 29,000",2 to 4,Policy Holder
Yes,Urban,51,"more than 69,000",more than 4,Policy Holder
No,Urban,54,"less than 20,000",2 to 4,Policy Holder
No,Urban,26,"30,000 to 39,000",2 to 4,Policy Holder
No,Urban,26,"30,000 to 39,000",more than 4,Policy Holder
No,Urban,57,"30,000 to 39,000",1,Policy Holder
No,Urban,27,"20,000 to 29,000",none,Policy Holder
No,Rural,22,"20,000 to 29,000",2 to 4,Third Party
No,Urban,31,"more than 69,000",none,Third Party
No,Urban,51,"more than 69,000",2 to 4,Policy Holder
No,Urban,53,"30,000 to 39,000",2 to 4,Policy Holder
No,Urban,40,"20,000 to 29,000",1,Third Party
Yes,Urban,30,"20,000 to 29,000",more than 4,Policy Holder
No,Urban,36,"20,000 to 29,000",2 to 4,Policy Holder
No,Urban,33,"30,000 to 39,000",2 to 4,Third Party
No,Urban,46,"30,000 to 39,000",1,Policy Holder
No,Rural,44,"20,000 to 29,000",2 to 4,Policy Holder
No,Urban,36,"20,000 to 29,000",2 to 4,Policy Holder
No,Urban,27,"30,000 to 39,000",2 to 4,Policy Holder
No,Urban,54,"30,000 to 39,000",more than 4,Policy Holder
No,Urban,58,"less than 20,000",1,Policy Holder
No,Urban,42,"30,000 to 39,000",more than 4,Policy Holder
No,Urban,36,"20,000 to 29,000",none,Policy Holder
No,Urban,41,"30,000 to 39,000",1,Policy Holder
No,Urban,27,"20,000 to 29,000",2 to 4,Policy Holder
No,Urban,41,"30,000 to 39,000",2 to 4,Policy Holder
No,Urban,60,"30,000 to 39,000",none,Policy Holder
No,Urban,30,"20,000 to 29,000",1,Policy Holder
No,Urban,53,"30,000 to 39,000",2 to 4,Third Party
No,Urban,50,"20,000 to 29,000",none,Policy Holder
No,Urban,32,"20,000 to 29,000",2 to 4,Policy Holder
Yes,Urban,33,"more than 69,000",2 to 4,Policy Holder
No,Rural,26,"20,000 to 29,000",2 to 4,Third Party
No,Urban,18,"20,000 to 29,000",more than 4,Policy Holder
No,Urban,36,"30,000 to 39,000",2 to 4,Policy Holder
No,Urban,53,"20,000 to 29,000",2 to 4,Third Party
No,Urban,41,"20,000 to 29,000",more than 4,Policy Holder
No,Urban,0,"more than 69,000",more than 4,Policy Holder
No,Urban,68,"more than 69,000",2 to 4,Policy Holder
No,Urban,54,"30,000 to 39,000",1,Policy Holder
No,Urban,54,"30,000 to 39,000",2 to 4,Policy Holder
No,Urban,37,"20,000 to 29,000",2 to 4,Policy Holder
No,Urban,26,"30,000 to 39,000",1,Policy Holder
No,Urban,39,"30,000 to 39,000",more than 4,Policy Holder
No,Urban,43,"30,000 to 39,000",1,Policy Holder
No,Urban,26,"20,000 to 29,000",2 to 4,Policy Holder
Yes,Urban,72,"20,000 to 29,000",2 to 4,Policy Holder
Yes,Urban,27,"less than 20,000",none,Policy Holder
No,Urban,35,"20,000 to 29,000",more than 4,Policy Holder
No,Urban,48,"less than 20,000",1,Third Party
No,Urban,49,"30,000 to 39,000",2 to 4,Policy Holder
No,Urban,55,"20,000 to 29,000",2 to 4,Third Party
No,Urban,41,"40,000 to 59,000",2 to 4,Third Party
No,Urban,47,"20,000 to 29,000",2 to 4,Third Party
No,Urban,40,"20,000 to 29,000",2 to 4,Third Party
No,Urban,54,"more than 69,000",2 to 4,Policy Holder
No,Urban,36,"more than 69,000",none,Policy Holder
No,Urban,44,"20,000 to 29,000",2 to 4,Policy Holder
No,Urban,30,"20,000 to 29,000",2 to 4,Policy Holder
No,Urban,27,"20,000 to 29,000",2 to 4,Third Party
No,Urban,30,"more than 69,000",none,Third Party
No,Urban,27,"20,000 to 29,000",1,Policy Holder
No,Urban,74,"20,000 to 29,000",more than 4,Policy Holder
No,Rural,23,"20,000 to 29,000",1,Policy Holder
No,Urban,31,"20,000 to 29,000",none,Policy Holder
No,Rural,38,"30,000 to 39,000",2 to 4,Policy Holder
No,Urban,41,"more than 69,000",2 to 4,Policy Holder
No,Urban,33,"30,000 to 39,000",none,Third Party
No,Urban,33,"20,000 to 29,000",2 to 4,Third Party
No,Urban,34,"30,000 to 39,000",more than 4,Policy Holder
No,Rural,54,"more than 69,000",more than 4,Policy Holder
No,Urban,43,"more than 69,000",none,Third Party
No,Urban,37,"20,000 to 29,000",1,Policy Holder
No,Urban,35,"more than 69,000",none,Policy Holder
No,Urban,63,"more than 69,000",1,Third Party
No,Urban,74,"20,000 to 29,000",2 to 4,Policy Holder
No,Urban,43,"less than 20,000",2 to 4,Policy Holder
No,Urban,50,"20,000 to 29,000",2 to 4,Policy Holder
No,Urban,34,"20,000 to 29,000",1,Policy Holder
No,Urban,60,"20,000 to 29,000",2 to 4,Policy Holder
No,Urban,74,"20,000 to 29,000",2 to 4,Policy Holder
No,Urban,34,"more than 69,000",2 to 4,Policy Holder
No,Urban,32,"20,000 to 29,000",more than 4,Policy Holder
No,Urban,33,"30,000 to 39,000",none,Policy Holder
No,Urban,26,"20,000 to 29,000",none,Third Party
No,Urban,54,"20,000 to 29,000",2 to 4,Policy Holder
No,Urban,70,"20,000 to 29,000",none,Policy Holder
No,Urban,40,"20,000 to 29,000",2 to 4,Third Party
No,Urban,28,"20,000 to 29,000",2 to 4,Policy Holder
No,Urban,30,"20,000 to 29,000",2 to 4,Policy Holder
No,Urban,34,"30,000 to 39,000",more than 4,Policy Holder
No,Urban,36,"20,000 to 29,000",2 to 4,Third Party
No,Urban,29,"more than 69,000",none,Policy Holder
No,Urban,44,"30,000 to 39,000",none,Policy Holder
No,Urban,32,"20,000 to 29,000",none,Policy Holder
No,Urban,30,"less than 20,000",1,Policy Holder
No,Urban,74,"20,000 to 29,000",none,Policy Holder
No,Urban,33,"40,000 to 59,000",more than 4,Policy Holder
No,Urban,34,"20,000 to 29,000",none,Third Party
No,Urban,35,"20,000 to 29,000",2 to 4,Policy Holder
No,Urban,51,"less than 20,000",none,Third Party
No,Urban,38,"30,000 to 39,000",none,Policy Holder
No,Urban,43,"30,000 to 39,000",2 to 4,Policy Holder
Yes,Urban,35,"20,000 to 29,000",2 to 4,Policy Holder
Yes,Urban,64,"30,000 to 39,000",more than 4,Policy Holder
No,Urban,38,"20,000 to 29,000",2 to 4,Policy Holder
No,Urban,35,"30,000 to 39,000",2 to 4,Policy Holder
No,Urban,31,"20,000 to 29,000",more than 4,Policy Holder
No,Urban,62,"20,000 to 29,000",none,Policy Holder
No,Urban,72,"20,000 to 29,000",none,Policy Holder
No,Urban,53,"30,000 to 39,000",more than 4,Policy Holder
No,Urban,39,"20,000 to 29,000",more than 4,Policy Holder
No,Rural,56,"20,000 to 29,000",none,Policy Holder
No,Urban,27,"20,000 to 29,000",1,Policy Holder
No,Urban,39,"20,000 to 29,000",2 to 4,Policy Holder
No,Urban,26,"20,000 to 29,000",more than 4,Policy Holder
Yes,Rural,35,"20,000 to 29,000",none,Policy Holder
No,Urban,29,"30,000 to 39,000",none,Third Party
No,Urban,39,"20,000 to 29,000",more than 4,Policy Holder
No,Urban,39,"more than 69,000",2 to 4,Policy Holder
No,Urban,41,"20,000 to 29,000",1,Policy Holder
No,Urban,32,"20,000 to 29,000",none,Policy Holder
No,Urban,35,"30,000 to 39,000",1,Policy Holder
No,Urban,57,"20,000 to 29,000",none,Third Party
No,Urban,37,"more than 69,000",2 to 4,Policy Holder
No,Urban,54,"20,000 to 29,000",2 to 4,Third Party
No,Urban,42,"20,000 to 29,000",none,Policy Holder
No,Urban,33,"20,000 to 29,000",2 to 4,Third Party
No,Urban,51,"more than 69,000",more than 4,Policy Holder
No,Urban,56,"40,000 to 59,000",none,Policy Holder
No,Urban,58,"20,000 to 29,000",2 to 4,Policy Holder
No,Urban,31,"20,000 to 29,000",more than 4,Policy Holder
Yes,Urban,0,"more than 69,000",none,Policy Holder
No,Urban,27,"30,000 to 39,000",1,Third Party
No,Urban,42,"20,000 to 29,000",none,Policy Holder
No,Urban,49,"20,000 to 29,000",2 to 4,Policy Holder
No,Urban,38,"30,000 to 39,000",more than 4,Policy Holder
No,Urban,55,"20,000 to 29,000",2 to 4,Policy Holder
No,Urban,45,"less than 20,000",none,Third Party
No,Urban,43,"20,000 to 29,000",more than 4,Policy Holder
Yes,Urban,36,"40,000 to 59,000",more than 4,Policy Holder
No,Urban,35,"20,000 to 29,000",2 to 4,Third Party
No,Urban,29,"20,000 to 29,000",more than 4,Policy Holder
No,Urban,52,"20,000 to 29,000",2 to 4,Policy Holder
No,Urban,53,"20,000 to 29,000",none,Policy Holder
No,Rural,42,"20,000 to 29,000",1,Policy Holder
No,Urban,45,"20,000 to 29,000",2 to 4,Policy Holder
No,Urban,33,"20,000 to 29,000",2 to 4,Policy Holder
No,Urban,59,"30,000 to 39,000",1,Policy Holder
No,Urban,41,"20,000 to 29,000",2 to 4,Policy Holder
No,Urban,38,"more than 69,000",1,Policy Holder
No,Urban,60,"20,000 to 29,000",2 to 4,Policy Holder
No,Urban,28,"20,000 to 29,000",2 to 4,Policy Holder
No,Urban,35,"20,000 to 29,000",1,Third Party
No,Urban,33,"20,000 to 29,000",1,Third Party
No,Urban,57,"20,000 to 29,000",1,Third Party
No,Urban,33,"20,000 to 29,000",none,Third Party
No,Urban,38,"20,000 to 29,000",none,Policy Holder
No,Rural,46,"20,000 to 29,000",1,Policy Holder
No,Urban,52,"20,000 to 29,000",more than 4,Policy Holder
No,Urban,29,"20,000 to 29,000",none,Policy Holder
No,Urban,42,"20,000 to 29,000",2 to 4,Policy Holder
No,Urban,46,"more than 69,000",2 to 4,Third Party
No,Urban,38,"30,000 to 39,000",2 to 4,Third Party
No,Urban,22,"20,000 to 29,000",2 to 4,Third Party
Yes,Urban,69,"20,000 to 29,000",2 to 4,Policy Holder
No,Rural,22,"20,000 to 29,000",more than 4,Policy Holder
No,Urban,34,"30,000 to 39,000",none,Policy Holder
No,Urban,74,"40,000 to 59,000",none,Policy Holder
Yes,Urban,49,"20,000 to 29,000",2 to 4,Policy Holder
No,Urban,61,"20,000 to 29,000",2 to 4,Third Party
Yes,Urban,41,"more than 69,000",none,Policy Holder
Yes,Urban,35,"more than 69,000",none,Policy Holder
No,Urban,32,"30,000 to 39,000",2 to 4,Policy Holder
No,Urban,37,"20,000 to 29,000",none,Policy Holder
No,Urban,33,"20,000 to 29,000",1,Policy Holder
No,Urban,35,"30,000 to 39,000",more than 4,Policy Holder
No,Urban,21,"20,000 to 29,000",2 to 4,Policy Holder
No,Urban,27,"less than 20,000",2 to 4,Third Party
No,Urban,39,"20,000 to 29,000",2 to 4,Third Party
No,Urban,45,"30,000 to 39,000",none,Third Party
No,Urban,23,"30,000 to 39,000",1,Policy Holder
No,Urban,34,"30,000 to 39,000",more than 4,Policy Holder
No,Urban,28,"20,000 to 29,000",1,Policy Holder
No,Urban,43,"20,000 to 29,000",2 to 4,Policy Holder
No,Urban,46,"30,000 to 39,000",1,Third Party
No,Urban,35,"20,000 to 29,000",none,Policy Holder
No,Urban,33,"20,000 to 29,000",none,Policy Holder
No,Urban,29,"20,000 to 29,000",more than 4,Third Party
No,Urban,49,"30,000 to 39,000",2 to 4,Third Party
No,Urban,49,"30,000 to 39,000",none,Third Party
No,Urban,30,"20,000 to 29,000",2 to 4,Policy Holder
No,Urban,33,"20,000 to 29,000",none,Policy Holder
No,Urban,32,"20,000 to 29,000",1,Third Party
No,Urban,64,"20,000 to 29,000",2 to 4,Policy Holder
No,Urban,30,"more than 69,000",1,Third Party
No,Rural,56,"less than 20,000",none,Policy Holder
No,Urban,0,"more than 69,000",1,Policy Holder
No,Urban,28,"20,000 to 29,000",none,Policy Holder
Yes,Urban,61,"30,000 to 39,000",more than 4,Policy Holder
No,Urban,51,"20,000 to 29,000",none,Policy Holder
No,Rural,30,"40,000 to 59,000",2 to 4,Third Party
No,Urban,45,"20,000 to 29,000",none,Third Party
No,Urban,30,"20,000 to 29,000",more than 4,Policy Holder
No,Urban,23,"less than 20,000",more than 4,Third Party
No,Urban,65,"20,000 to 29,000",none,Third Party
No,Urban,43,"20,000 to 29,000",none,Policy Holder
No,Rural,28,"20,000 to 29,000",none,Third Party
No,Urban,61,"30,000 to 39,000",2 to 4,Policy Holder
No,Urban,42,"30,000 to 39,000",2 to 4,Policy Holder
No,Urban,31,"more than 69,000",none,Third Party
No,Rural,57,"30,000 to 39,000",2 to 4,Policy Holder
No,Urban,52,"30,000 to 39,000",1,Third Party
No,Urban,56,"20,000 to 29,000",none,Policy Holder
No,Rural,32,"20,000 to 29,000",none,Policy Holder
No,Urban,35,"20,000 to 29,000",none,Policy Holder
No,Urban,53,"20,000 to 29,000",more than 4,Policy Holder
No,Urban,25,"less than 20,000",none,Third Party
No,Urban,29,"more than 69,000",more than 4,Third Party
No,Rural,78,"less than 20,000",1,Policy Holder
No,Urban,37,"20,000 to 29,000",2 to 4,Policy Holder
No,Urban,30,"more than 69,000",none,Policy Holder
No,Urban,44,"30,000 to 39,000",2 to 4,Policy Holder
No,Rural,49,"20,000 to 29,000",2 to 4,Policy Holder
No,Urban,28,"20,000 to 29,000",more than 4,Third Party
No,Urban,34,"30,000 to 39,000",2 to 4,Policy Holder
No,Urban,23,"20,000 to 29,000",none,Policy Holder
No,Rural,33,"20,000 to 29,000",none,Policy Holder
No,Urban,42,"30,000 to 39,000",more than 4,Policy Holder
No,Urban,24,"20,000 to 29,000",none,Third Party
No,Urban,27,"less than 20,000",2 to 4,Policy Holder
No,Urban,20,"20,000 to 29,000",2 to 4,Policy Holder
No,Rural,67,"60,000 to 69,000",2 to 4,Policy Holder
No,Urban,43,"30,000 to 39,000",2 to 4,Policy Holder
No,Urban,28,"20,000 to 29,000",1,Third Party
No,Urban,50,"30,000 to 39,000",more than 4,Policy Holder
No,Urban,49,"20,000 to 29,000",more than 4,Policy Holder
No,Urban,27,"20,000 to 29,000",2 to 4,Policy Holder
Yes,Urban,63,"more than 69,000",none,Policy Holder
Yes,Rural,38,"30,000 to 39,000",1,Policy Holder
No,Urban,59,"more than 69,000",1,Third Party
No,Rural,69,"30,000 to 39,000",none,Third Party
No,Urban,32,"20,000 to 29,000",none,Third Party
No,Urban,46,"20,000 to 29,000",1,Policy Holder
No,Rural,0,"more than 69,000",none,Policy Holder
No,Rural,34,"20,000 to 29,000",1,Policy Holder
No,Urban,23,"more than 69,000",none,Policy Holder
No,Urban,48,"less than 20,000",1,Third Party
No,Urban,38,"40,000 to 59,000",2 to 4,Policy Holder
No,Urban,42,"30,000 to 39,000",1,Policy Holder
No,Urban,50,"20,000 to 29,000",1,Policy Holder
No,Urban,33,"30,000 to 39,000",1,Policy Holder
No,Urban,51,"20,000 to 29,000",2 to 4,Third Party
No,Urban,37,"20,000 to 29,000",1,Third Party
No,Urban,39,"20,000 to 29,000",none,Policy Holder
No,Urban,49,"20,000 to 29,000",none,Third Party
No,Urban,22,"20,000 to 29,000",none,Policy Holder
No,Urban,79,"30,000 to 39,000",more than 4,Policy Holder
No,Urban,44,"30,000 to 39,000",1,Policy Holder
No,Urban,27,"more than 69,000",2 to 4,Third Party
No,Urban,29,"20,000 to 29,000",none,Third Party
No,Urban,51,"20,000 to 29,000",1,Third Party
No,Urban,47,"30,000 to 39,000",1,Third Party
No,Urban,29,"20,000 to 29,000",1,Policy Holder
No,Urban,33,"20,000 to 29,000",2 to 4,Third Party
No,Urban,76,"20,000 to 29,000",2 to 4,Policy Holder
No,Urban,49,"40,000 to 59,000",2 to 4,Policy Holder
Yes,Urban,35,"20,000 to 29,000",more than 4,Third Party
No,Urban,28,"more than 69,000",1,Policy Holder
No,Urban,32,"20,000 to 29,000",1,Policy Holder
Yes,Urban,29,"20,000 to 29,000",1,Policy Holder
No,Urban,32,"20,000 to 29,000",none,Policy Holder
No,Urban,66,"20,000 to 29,000",more than 4,Policy Holder
No,Urban,31,"30,000 to 39,000",2 to 4,Policy Holder
No,Urban,30,"30,000 to 39,000",2 to 4,Policy Holder
Yes,Urban,41,"20,000 to 29,000",2 to 4,Policy Holder
Yes,Urban,41,"more than 69,000",1,Policy Holder
No,Urban,26,"30,000 to 39,000",1,Third Party
No,Rural,31,"less than 20,000",2 to 4,Policy Holder
No,Urban,47,"30,000 to 39,000",none,Policy Holder
No,Urban,58,"20,000 to 29,000",none,Third Party
No,Urban,39,"30,000 to 39,000",none,Policy Holder
No,Urban,57,"20,000 to 29,000",more than 4,Policy Holder
No,Urban,32,"30,000 to 39,000",more than 4,Third Party
No,Urban,0,"more than 69,000",more than 4,Policy Holder
No,Rural,24,"20,000 to 29,000",2 to 4,Policy Holder
No,Urban,35,"30,000 to 39,000",2 to 4,Third Party
No,Urban,64,"more than 69,000",2 to 4,Policy Holder
No,Urban,28,"30,000 to 39,000",more than 4,Policy Holder
No,Urban,27,"20,000 to 29,000",none,Policy Holder
No,Urban,49,"20,000 to 29,000",1,Third Party
No,Urban,55,"40,000 to 59,000",none,Third Party
No,Rural,0,"more than 69,000",1,Policy Holder
No,Urban,29,"20,000 to 29,000",1,Third Party
No,Urban,31,"20,000 to 29,000",none,Third Party
No,Urban,64,"60,000 to 69,000",none,Policy Holder
No,Urban,42,"40,000 to 59,000",1,Policy Holder
No,Urban,44,"20,000 to 29,000",1,Third Party
No,Urban,47,"less than 20,000",none,Policy Holder
No,Urban,62,"20,000 to 29,000",2 to 4,Third Party
No,Urban,24,"20,000 to 29,000",2 to 4,Third Party
No,Urban,50,"40,000 to 59,000",2 to 4,Third Party
No,Urban,41,"30,000 to 39,000",2 to 4,Policy Holder
No,Urban,37,"20,000 to 29,000",1,Third Party
Yes,Urban,33,"20,000 to 29,000",none,Policy Holder
No,Urban,65,"20,000 to 29,000",none,Policy Holder
No,Rural,41,"less than 20,000",none,Policy Holder
Yes,Urban,68,"20,000 to 29,000",more than 4,Policy Holder
No,Rural,52,"less than 20,000",none,Third Party
No,Urban,33,"more than 69,000",2 to 4,Policy Holder
No,Urban,46,"20,000 to 29,000",2 to 4,Policy Holder
No,Urban,40,"20,000 to 29,000",more than 4,Policy Holder
No,Urban,37,"less than 20,000",2 to 4,Policy Holder
No,Rural,29,"more than 69,000",2 to 4,Policy Holder
No,Urban,29,"30,000 to 39,000",none,Third Party
No,Urban,42,"30,000 to 39,000",1,Third Party
No,Urban,46,"20,000 to 29,000",2 to 4,Policy Holder
No,Urban,32,"20,000 to 29,000",1,Policy Holder
No,Urban,64,"30,000 to 39,000",2 to 4,Policy Holder
No,Urban,34,"20,000 to 29,000",1,Policy Holder
No,Urban,0,"more than 69,000",1,Policy Holder
No,Urban,30,"less than 20,000",none,Policy Holder
No,Rural,0,"more than 69,000",1,Policy Holder
No,Urban,26,"20,000 to 29,000",1,Policy Holder
No,Urban,41,"20,000 to 29,000",more than 4,Policy Holder
No,Urban,65,"20,000 to 29,000",none,Policy Holder
No,Urban,21,"20,000 to 29,000",2 to 4,Policy Holder
No,Urban,27,"more than 69,000",more than 4,Third Party
No,Urban,36,"20,000 to 29,000",2 to 4,Policy Holder
No,Rural,37,"less than 20,000",none,Policy Holder
No,Urban,28,"20,000 to 29,000",2 to 4,Policy Holder
No,Urban,32,"20,000 to 29,000",none,Policy Holder
No,Urban,54,"30,000 to 39,000",1,Third Party
No,Urban,60,"less than 20,000",1,Policy Holder
No,Urban,39,"less than 20,000",2 to 4,Third Party
No,Urban,31,"20,000 to 29,000",none,Third Party
No,Urban,54,"20,000 to 29,000",2 to 4,Policy Holder
No,Urban,34,"20,000 to 29,000",more than 4,Policy Holder
No,Urban,49,"40,000 to 59,000",more than 4,Policy Holder
No,Urban,59,"20,000 to 29,000",2 to 4,Third Party
No,Urban,28,"20,000 to 29,000",1,Third Party
No,Urban,0,"more than 69,000",none,Third Party
No,Urban,21,"20,000 to 29,000",2 to 4,Third Party
No,Urban,46,"20,000 to 29,000",1,Third Party
No,Urban,35,"20,000 to 29,000",2 to 4,Policy Holder
No,Urban,64,"20,000 to 29,000",2 to 4,Policy Holder
No,Urban,29,"less than 20,000",none,Policy Holder
No,Urban,54,"more than 69,000",none,Policy Holder
No,Urban,29,"20,000 to 29,000",2 to 4,Policy Holder
No,Urban,54,"30,000 to 39,000",more than 4,Policy Holder
No,Urban,26,"20,000 to 29,000",2 to 4,Policy Holder
Yes,Urban,36,"20,000 to 29,000",1,Policy Holder
No,Urban,54,"20,000 to 29,000",2 to 4,Third Party
No,Urban,39,"20,000 to 29,000",2 to 4,Third Party
No,Urban,41,"20,000 to 29,000",2 to 4,Third Party
Yes,Urban,34,"less than 20,000",2 to 4,Policy Holder
No,Urban,23,"20,000 to 29,000",more than 4,Policy Holder
No,Urban,43,"20,000 to 29,000",none,Third Party
No,Urban,38,"20,000 to 29,000",2 to 4,Third Party
Yes,Urban,25,"20,000 to 29,000",none,Policy Holder
No,Urban,61,"20,000 to 29,000",none,Policy Holder
No,Urban,53,"20,000 to 29,000",none,Policy Holder
No,Urban,20,"20,000 to 29,000",none,Policy Holder
No,Urban,62,"30,000 to 39,000",more than 4,Policy Holder
No,Urban,55,"30,000 to 39,000",more than 4,Policy Holder
No,Urban,29,"20,000 to 29,000",1,Policy Holder
No,Urban,39,"30,000 to 39,000",none,Policy Holder
No,Urban,52,"40,000 to 59,000",2 to 4,Policy Holder
No,Urban,26,"20,000 to 29,000",2 to 4,Policy Holder
No,Urban,42,"20,000 to 29,000",2 to 4,Policy Holder
No,Urban,28,"30,000 to 39,000",2 to 4,Third Party
No,Urban,42,"30,000 to 39,000",2 to 4,Policy Holder
No,Urban,27,"20,000 to 29,000",1,Policy Holder
Yes,Rural,22,"20,000 to 29,000",1,Policy Holder
No,Rural,47,"30,000 to 39,000",2 to 4,Policy Holder
No,Urban,53,"20,000 to 29,000",1,Policy Holder
No,Urban,32,"20,000 to 29,000",2 to 4,Policy Holder
No,Urban,62,"20,000 to 29,000",none,Third Party
No,Urban,45,"20,000 to 29,000",2 to 4,Policy Holder
No,Urban,41,"40,000 to 59,000",1,Policy Holder
No,Urban,40,"20,000 to 29,000",2 to 4,Policy Holder
No,Urban,33,"30,000 to 39,000",1,Policy Holder
No,Urban,33,"more than 69,000",more than 4,Policy Holder
No,Urban,46,"20,000 to 29,000",1,Policy Holder
No,Urban,0,"more than 69,000",2 to 4,Policy Holder
No,Urban,40,"20,000 to 29,000",none,Policy Holder
No,Urban,56,"20,000 to 29,000",more than 4,Third Party
No,Urban,29,"less than 20,000",2 to 4,Policy Holder
No,Urban,48,"30,000 to 39,000",none,Third Party
No,Urban,35,"30,000 to 39,000",2 to 4,Policy Holder
No,Urban,31,"20,000 to 29,000",1,Policy Holder
No,Urban,52,"40,000 to 59,000",more than 4,Policy Holder
No,Rural,48,"20,000 to 29,000",none,Policy Holder
No,Urban,0,"more than 69,000",2 to 4,Third Party
No,Urban,26,"20,000 to 29,000",more than 4,Third Party
No,Urban,41,"30,000 to 39,000",2 to 4,Policy Holder
No,Rural,0,"more than 69,000",none,Policy Holder
No,Urban,33,"20,000 to 29,000",none,Third Party
No,Urban,36,"20,000 to 29,000",2 to 4,Policy Holder
No,Urban,33,"20,000 to 29,000",more than 4,Third Party
Yes,Urban,18,"more than 69,000",2 to 4,Policy Holder
No,Urban,27,"more than 69,000",none,Policy Holder
No,Urban,32,"30,000 to 39,000",more than 4,Policy Holder
No,Urban,32,"20,000 to 29,000",none,Policy Holder
Yes,Urban,63,"more than 69,000",none,Policy Holder
No,Urban,52,"20,000 to 29,000",2 to 4,Policy Holder
No,Urban,27,"30,000 to 39,000",1,Policy Holder
No,Urban,48,"20,000 to 29,000",2 to 4,Policy Holder
Yes,Rural,30,"20,000 to 29,000",2 to 4,Policy Holder
No,Urban,0,"more than 69,000",none,Policy Holder
No,Urban,35,"20,000 to 29,000",1,Policy Holder
No,Urban,44,"30,000 to 39,000",2 to 4,Policy Holder
No,Urban,33,"20,000 to 29,000",1,Third Party
No,Urban,47,"30,000 to 39,000",2 to 4,Policy Holder
No,Urban,58,"20,000 to 29,000",none,Policy Holder
No,Urban,28,"30,000 to 39,000",none,Third Party
No,Rural,26,"less than 20,000",none,Policy Holder
No,Urban,34,"20,000 to 29,000",more than 4,Third Party
No,Urban,49,"less than 20,000",none,Third Party
No,Urban,28,"20,000 to 29,000",more than 4,Third Party
No,Urban,54,"30,000 to 39,000",1,Policy Holder
No,Urban,52,"20,000 to 29,000",2 to 4,Third Party
No,Urban,39,"30,000 to 39,000",2 to 4,Policy Holder
No,Urban,69,"30,000 to 39,000",none,Policy Holder
No,Urban,53,"less than 20,000",none,Third Party
No,Urban,58,"20,000 to 29,000",none,Third Party
No,Rural,55,"less than 20,000",1,Policy Holder
No,Urban,33,"more than 69,000",more than 4,Third Party
Yes,Urban,44,"20,000 to 29,000",1,Policy Holder
No,Urban,51,"20,000 to 29,000",none,Policy Holder
Yes,Urban,34,"20,000 to 29,000",none,Policy Holder
No,Urban,32,"20,000 to 29,000",1,Policy Holder
No,Urban,28,"20,000 to 29,000",2 to 4,Policy Holder
No,Urban,35,"20,000 to 29,000",1,Third Party
No,Urban,21,"30,000 to 39,000",2 to 4,Policy Holder
No,Urban,31,"20,000 to 29,000",1,Policy Holder
No,Urban,44,"less than 20,000",1,Policy Holder
No,Urban,33,"20,000 to 29,000",1,Policy Holder
No,Urban,45,"20,000 to 29,000",more than 4,Policy Holder
No,Urban,33,"30,000 to 39,000",none,Third Party
No,Urban,35,"less than 20,000",more than 4,Third Party
No,Rural,38,"less than 20,000",none,Policy Holder
No,Urban,32,"30,000 to 39,000",more than 4,Policy Holder
No,Urban,32,"less than 20,000",2 to 4,Third Party
No,Rural,47,"more than 69,000",none,Policy Holder
No,Urban,31,"20,000 to 29,000",2 to 4,Policy Holder
No,Urban,34,"20,000 to 29,000",1,Policy Holder
No,Urban,42,"less than 20,000",2 to 4,Third Party
No,Urban,27,"30,000 to 39,000",2 to 4,Policy Holder
No,Urban,46,"20,000 to 29,000",2 to 4,Third Party
No,Urban,26,"20,000 to 29,000",2 to 4,Policy Holder
No,Urban,36,"20,000 to 29,000",2 to 4,Third Party
No,Urban,28,"20,000 to 29,000",none,Policy Holder
No,Rural,45,"less than 20,000",none,Policy Holder
No,Rural,56,"less than 20,000",1,Policy Holder
Yes,Rural,54,"20,000 to 29,000",none,Policy Holder
No,Urban,61,"20,000 to 29,000",none,Third Party
Yes,Urban,30,"20,000 to 29,000",none,Policy Holder
Yes,Urban,35,"20,000 to 29,000",2 to 4,Policy Holder
No,Urban,28,"20,000 to 29,000",1,Third Party
No,Rural,30,"20,000 to 29,000",1,Policy Holder
No,Urban,42,"20,000 to 29,000",1,Policy Holder
Yes,Urban,60,"less than 20,000",1,Policy Holder
No,Urban,43,"20,000 to 29,000",1,Policy Holder
No,Rural,72,"20,000 to 29,000",1,Third Party
No,Urban,28,"less than 20,000",none,Third Party
No,Urban,50,"20,000 to 29,000",2 to 4,Policy Holder
No,Urban,65,"20,000 to 29,000",2 to 4,Policy Holder
No,Rural,32,"30,000 to 39,000",2 to 4,Policy Holder
No,Urban,42,"20,000 to 29,000",none,Policy Holder
No,Urban,48,"20,000 to 29,000",none,Policy Holder
No,Urban,30,"30,000 to 39,000",2 to 4,Policy Holder
No,Urban,34,"20,000 to 29,000",2 to 4,Policy Holder
No,Urban,39,"20,000 to 29,000",2 to 4,Policy Holder
No,Urban,37,"20,000 to 29,000",2 to 4,Third Party
No,Urban,64,"20,000 to 29,000",1,Third Party
No,Urban,33,"30,000 to 39,000",2 to 4,Policy Holder
No,Urban,30,"30,000 to 39,000",none,Policy Holder
No,Urban,29,"20,000 to 29,000",more than 4,Policy Holder
No,Urban,52,"30,000 to 39,000",2 to 4,Third Party
No,Urban,36,"30,000 to 39,000",1,Policy Holder
No,Urban,40,"20,000 to 29,000",more than 4,Policy Holder
No,Urban,76,"less than 20,000",none,Policy Holder
No,Urban,64,"less than 20,000",2 to 4,Third Party
No,Urban,36,"30,000 to 39,000",1,Policy Holder
No,Urban,35,"20,000 to 29,000",none,Policy Holder
No,Urban,51,"30,000 to 39,000",none,Policy Holder
No,Urban,55,"20,000 to 29,000",none,Policy Holder
No,Urban,31,"more than 69,000",2 to 4,Policy Holder
No,Urban,27,"20,000 to 29,000",1,Third Party
No,Urban,29,"30,000 to 39,000",more than 4,Policy Holder
No,Urban,31,"30,000 to 39,000",none,Third Party
No,Urban,47,"30,000 to 39,000",none,Policy Holder
No,Urban,45,"20,000 to 29,000",more than 4,Policy Holder
No,Urban,35,"20,000 to 29,000",1,Policy Holder
No,Urban,33,"less than 20,000",2 to 4,Third Party
No,Urban,46,"20,000 to 29,000",more than 4,Policy Holder
No,Urban,33,"20,000 to 29,000",1,Policy Holder
No,Urban,26,"20,000 to 29,000",1,Policy Holder
No,Urban,34,"20,000 to 29,000",1,Policy Holder
No,Rural,32,"30,000 to 39,000",2 to 4,Policy Holder
No,Urban,0,"more than 69,000",2 to 4,Policy Holder
No,Rural,34,"20,000 to 29,000",2 to 4,Policy Holder
No,Urban,47,"30,000 to 39,000",none,Third Party
No,Urban,39,"20,000 to 29,000",2 to 4,Policy Holder
No,Urban,45,"20,000 to 29,000",2 to 4,Policy Holder
No,Urban,37,"20,000 to 29,000",2 to 4,Third Party
No,Urban,51,"20,000 to 29,000",2 to 4,Third Party
No,Urban,46,"40,000 to 59,000",none,Policy Holder
No,Urban,31,"20,000 to 29,000",2 to 4,Third Party
No,Urban,63,"20,000 to 29,000",1,Third Party
No,Urban,53,"20,000 to 29,000",1,Third Party
No,Urban,32,"20,000 to 29,000",2 to 4,Policy Holder
No,Urban,31,"less than 20,000",2 to 4,Policy Holder
No,Urban,0,"more than 69,000",2 to 4,Third Party
No,Urban,26,"20,000 to 29,000",2 to 4,Policy Holder
No,Urban,61,"20,000 to 29,000",2 to 4,Third Party
No,Urban,25,"20,000 to 29,000",2 to 4,Third Party
No,Urban,33,"more than 69,000",none,Third Party
No,Urban,39,"more than 69,000",none,Third Party
No,Urban,44,"more than 69,000",none,Policy Holder
No,Urban,42,"20,000 to 29,000",2 to 4,Policy Holder
No,Rural,48,"less than 20,000",none,Policy Holder
No,Urban,25,"more than 69,000",none,Policy Holder
No,Rural,47,"20,000 to 29,000",2 to 4,Policy Holder
Yes,Urban,32,"more than 69,000",1,Policy Holder
No,Urban,36,"less than 20,000",1,Policy Holder
No,Urban,35,"20,000 to 29,000",none,Policy Holder
No,Urban,52,"30,000 to 39,000",1,Policy Holder
No,Urban,63,"20,000 to 29,000",2 to 4,Policy Holder
No,Urban,54,"40,000 to 59,000",none,Third Party
No,Urban,31,"20,000 to 29,000",2 to 4,Policy Holder
No,Urban,27,"more than 69,000",more than 4,Policy Holder
No,Urban,31,"20,000 to 29,000",2 to 4,Policy Holder
No,Urban,34,"more than 69,000",none,Third Party
No,Urban,41,"20,000 to 29,000",2 to 4,Policy Holder
Yes,Urban,41,"more than 69,000",none,Policy Holder
No,Urban,58,"20,000 to 29,000",none,Policy Holder
No,Urban,26,"20,000 to 29,000",1,Third Party
No,Urban,49,"40,000 to 59,000",more than 4,Policy Holder
No,Urban,48,"20,000 to 29,000",2 to 4,Policy Holder
No,Urban,39,"20,000 to 29,000",1,Policy Holder
No,Urban,34,"20,000 to 29,000",2 to 4,Policy Holder
No,Urban,30,"20,000 to 29,000",none,Policy Holder
No,Urban,28,"30,000 to 39,000",none,Policy Holder
Yes,Urban,45,"20,000 to 29,000",1,Policy Holder
No,Urban,48,"20,000 to 29,000",none,Policy Holder
No,Urban,30,"20,000 to 29,000",2 to 4,Third Party
No,Urban,51,"40,000 to 59,000",more than 4,Policy Holder
No,Urban,51,"more than 69,000",1,Policy Holder
No,Urban,35,"20,000 to 29,000",1,Policy Holder
No,Urban,34,"20,000 to 29,000",2 to 4,Policy Holder
No,Rural,34,"40,000 to 59,000",2 to 4,Policy Holder
No,Urban,34,"20,000 to 29,000",2 to 4,Policy Holder
No,Urban,43,"more than 69,000",2 to 4,Policy Holder
No,Urban,0,"more than 69,000",2 to 4,Policy Holder
No,Rural,37,"less than 20,000",none,Policy Holder
No,Urban,36,"more than 69,000",none,Policy Holder
No,Urban,29,"20,000 to 29,000",2 to 4,Policy Holder
No,Urban,42,"20,000 to 29,000",2 to 4,Third Party
No,Urban,64,"less than 20,000",none,Policy Holder
No,Urban,36,"more than 69,000",2 to 4,Policy Holder
No,Urban,31,"30,000 to 39,000",2 to 4,Policy Holder
No,Urban,46,"30,000 to 39,000",2 to 4,Third Party
No,Urban,43,"20,000 to 29,000",more than 4,Policy Holder
No,Urban,43,"20,000 to 29,000",2 to 4,Policy Holder
No,Urban,23,"30,000 to 39,000",1,Third Party
No,Urban,35,"20,000 to 29,000",none,Third Party
No,Urban,46,"30,000 to 39,000",none,Policy Holder
No,Urban,54,"less than 20,000",2 to 4,Third Party
No,Urban,28,"20,000 to 29,000",none,Third Party
No,Urban,41,"less than 20,000",none,Policy Holder
Yes,Urban,40,"20,000 to 29,000",none,Policy Holder
No,Urban,61,"20,000 to 29,000",none,Third Party
No,Rural,32,"more than 69,000",2 to 4,Policy Holder
No,Urban,39,"30,000 to 39,000",2 to 4,Policy Holder
No,Urban,30,"more than 69,000",more than 4,Policy Holder
No,Urban,64,"20,000 to 29,000",2 to 4,Policy Holder
No,Urban,48,"30,000 to 39,000",2 to 4,Third Party
No,Urban,26,"20,000 to 29,000",1,Third Party
No,Urban,27,"20,000 to 29,000",1,Policy Holder
No,Urban,49,"20,000 to 29,000",none,Third Party
No,Urban,33,"less than 20,000",1,Third Party
No,Urban,25,"20,000 to 29,000",2 to 4,Third Party
No,Urban,55,"20,000 to 29,000",none,Policy Holder
No,Urban,35,"more than 69,000",1,Third Party
No,Urban,30,"20,000 to 29,000",1,Policy Holder
No,Urban,40,"more than 69,000",2 to 4,Policy Holder
No,Urban,53,"40,000 to 59,000",1,Third Party
No,Urban,75,"more than 69,000",none,Policy Holder
No,Urban,42,"20,000 to 29,000",none,Third Party
No,Urban,33,"20,000 to 29,000",none,Third Party
No,Urban,46,"20,000 to 29,000",2 to 4,Policy Holder
No,Urban,58,"30,000 to 39,000",none,Policy Holder
No,Urban,29,"more than 69,000",none,Third Party
No,Urban,29,"20,000 to 29,000",2 to 4,Third Party
No,Urban,42,"30,000 to 39,000",none,Third Party
No,Urban,75,"30,000 to 39,000",none,Policy Holder
No,Urban,44,"20,000 to 29,000",2 to 4,Third Party
No,Urban,50,"20,000 to 29,000",none,Third Party
No,Urban,33,"less than 20,000",none,Third Party
No,Urban,41,"20,000 to 29,000",none,Policy Holder
No,Urban,43,"20,000 to 29,000",2 to 4,Policy Holder
No,Urban,34,"30,000 to 39,000",1,Policy Holder
No,Urban,37,"20,000 to 29,000",none,Policy Holder
No,Rural,43,"30,000 to 39,000",more than 4,Policy Holder
No,Urban,34,"20,000 to 29,000",2 to 4,Third Party
No,Urban,0,"more than 69,000",2 to 4,Policy Holder
No,Urban,71,"20,000 to 29,000",2 to 4,Policy Holder
No,Urban,29,"20,000 to 29,000",2 to 4,Policy Holder
No,Rural,43,"20,000 to 29,000",none,Policy Holder
No,Urban,38,"20,000 to 29,000",2 to 4,Third Party
No,Urban,34,"30,000 to 39,000",1,Policy Holder
No,Urban,65,"more than 69,000",2 to 4,Policy Holder
No,Urban,30,"20,000 to 29,000",none,Third Party
No,Urban,54,"30,000 to 39,000",2 to 4,Third Party
No,Urban,37,"20,000 to 29,000",2 to 4,Policy Holder
No,Urban,60,"30,000 to 39,000",2 to 4,Policy Holder
No,Urban,59,"30,000 to 39,000",1,Policy Holder
No,Urban,58,"more than 69,000",none,Policy Holder
No,Urban,27,"20,000 to 29,000",none,Policy Holder
No,Urban,22,"more than 69,000",1,Policy Holder
No,Urban,29,"40,000 to 59,000",more than 4,Policy Holder
No,Urban,39,"more than 69,000",2 to 4,Policy Holder
No,Urban,33,"20,000 to 29,000",2 to 4,Policy Holder
No,Urban,39,"20,000 to 29,000",none,Policy Holder
No,Urban,22,"30,000 to 39,000",2 to 4,Policy Holder
No,Urban,64,"30,000 to 39,000",1,Third Party
No,Urban,37,"20,000 to 29,000",2 to 4,Policy Holder
No,Urban,48,"20,000 to 29,000",more than 4,Policy Holder
No,Urban,32,"20,000 to 29,000",more than 4,Third Party
No,Rural,0,"more than 69,000",none,Policy Holder
No,Urban,68,"20,000 to 29,000",1,Third Party
No,Urban,34,"more than 69,000",1,Third Party
No,Urban,63,"more than 69,000",2 to 4,Policy Holder
No,Urban,69,"more than 69,000",2 to 4,Policy Holder
No,Urban,64,"more than 69,000",none,Third Party
No,Urban,38,"20,000 to 29,000",2 to 4,Policy Holder
No,Urban,40,"20,000 to 29,000",2 to 4,Policy Holder
No,Urban,47,"20,000 to 29,000",2 to 4,Third Party
No,Urban,43,"20,000 to 29,000",1,Third Party
No,Urban,29,"20,000 to 29,000",1,Third Party
No,Urban,50,"30,000 to 39,000",1,Policy Holder
No,Urban,37,"20,000 to 29,000",more than 4,Third Party
No,Urban,34,"30,000 to 39,000",more than 4,Policy Holder
Yes,Urban,45,"20,000 to 29,000",2 to 4,Policy Holder
No,Urban,27,"more than 69,000",2 to 4,Policy Holder
No,Urban,43,"more than 69,000",more than 4,Policy Holder
No,Urban,29,"more than 69,000",more than 4,Policy Holder
No,Urban,40,"less than 20,000",2 to 4,Policy Holder
No,Urban,26,"20,000 to 29,000",2 to 4,Third Party
No,Urban,0,"more than 69,000",2 to 4,Policy Holder
No,Urban,38,"20,000 to 29,000",2 to 4,Policy Holder
No,Urban,29,"less than 20,000",2 to 4,Policy Holder
No,Urban,51,"less than 20,000",1,Policy Holder
No,Urban,27,"20,000 to 29,000",2 to 4,Policy Holder
No,Urban,47,"more than 69,000",2 to 4,Third Party
No,Urban,37,"20,000 to 29,000",more than 4,Policy Holder
Yes,Urban,53,"30,000 to 39,000",none,Policy Holder
No,Urban,26,"20,000 to 29,000",2 to 4,Policy Holder
No,Urban,35,"20,000 to 29,000",more than 4,Policy Holder
No,Urban,30,"20,000 to 29,000",2 to 4,Policy Holder
No,Urban,45,"30,000 to 39,000",none,Policy Holder
No,Urban,44,"30,000 to 39,000",1,Policy Holder
No,Urban,23,"20,000 to 29,000",2 to 4,Third Party
No,Rural,29,"20,000 to 29,000",2 to 4,Policy Holder
No,Urban,60,"less than 20,000",none,Third Party
No,Rural,36,"30,000 to 39,000",2 to 4,Policy Holder
No,Urban,37,"less than 20,000",none,Third Party
No,Urban,32,"30,000 to 39,000",1,Policy Holder
No,Urban,51,"20,000 to 29,000",1,Third Party
No,Rural,53,"20,000 to 29,000",none,Policy Holder
No,Urban,42,"20,000 to 29,000",2 to 4,Policy Holder
No,Rural,45,"30,000 to 39,000",none,Policy Holder
No,Urban,30,"30,000 to 39,000",more than 4,Policy Holder
No,Urban,33,"30,000 to 39,000",2 to 4,Policy Holder
No,Urban,30,"30,000 to 39,000",2 to 4,Policy Holder
No,Rural,39,"less than 20,000",more than 4,Policy Holder
No,Urban,32,"20,000 to 29,000",more than 4,Policy Holder
No,Urban,27,"20,000 to 29,000",2 to 4,Policy Holder
No,Urban,34,"20,000 to 29,000",more than 4,Policy Holder
No,Urban,44,"20,000 to 29,000",2 to 4,Third Party
No,Urban,60,"20,000 to 29,000",none,Policy Holder
Yes,Urban,35,"more than 69,000",none,Policy Holder
No,Urban,41,"20,000 to 29,000",1,Policy Holder
No,Urban,46,"20,000 to 29,000",2 to 4,Policy Holder
No,Urban,29,"20,000 to 29,000",2 to 4,Policy Holder
No,Urban,37,"40,000 to 59,000",2 to 4,Policy Holder
No,Rural,33,"20,000 to 29,000",1,Policy Holder
No,Urban,29,"20,000 to 29,000",1,Policy Holder
No,Urban,32,"20,000 to 29,000",2 to 4,Policy Holder
No,Urban,43,"20,000 to 29,000",2 to 4,Policy Holder
No,Urban,52,"30,000 to 39,000",none,Third Party
No,Urban,69,"20,000 to 29,000",2 to 4,Policy Holder
No,Rural,52,"20,000 to 29,000",1,Third Party
No,Urban,35,"20,000 to 29,000",none,Policy Holder
No,Urban,43,"30,000 to 39,000",1,Policy Holder
No,Urban,21,"20,000 to 29,000",2 to 4,Policy Holder
No,Urban,30,"20,000 to 29,000",2 to 4,Policy Holder
No,Urban,40,"20,000 to 29,000",2 to 4,Third Party
No,Urban,54,"20,000 to 29,000",2 to 4,Policy Holder
No,Urban,33,"20,000 to 29,000",2 to 4,Third Party
No,Urban,44,"20,000 to 29,000",none,Policy Holder
No,Urban,21,"20,000 to 29,000",2 to 4,Policy Holder
No,Urban,39,"20,000 to 29,000",1,Policy Holder
No,Rural,36,"20,000 to 29,000",none,Policy Holder
No,Urban,29,"20,000 to 29,000",1,Policy Holder
Yes,Urban,33,"20,000 to 29,000",more than 4,Policy Holder
No,Rural,41,"more than 69,000",2 to 4,Policy Holder
No,Urban,44,"more than 69,000",none,Third Party
No,Urban,33,"30,000 to 39,000",1,Policy Holder
No,Urban,26,"30,000 to 39,000",more than 4,Policy Holder
No,Rural,26,"20,000 to 29,000",more than 4,Policy Holder
No,Rural,26,"20,000 to 29,000",none,Third Party
Yes,Urban,36,"30,000 to 39,000",2 to 4,Policy Holder
No,Urban,33,"20,000 to 29,000",2 to 4,Policy Holder
No,Urban,34,"20,000 to 29,000",more than 4,Policy Holder
No,Urban,31,"30,000 to 39,000",more than 4,Policy Holder
Yes,Urban,39,"20,000 to 29,000",none,Policy Holder
Yes,Urban,46,"more than 69,000",2 to 4,Policy Holder
No,Urban,36,"20,000 to 29,000",2 to 4,Policy Holder
No,Urban,77,"20,000 to 29,000",2 to 4,Policy Holder
No,Urban,27,"30,000 to 39,000",2 to 4,Policy Holder
No,Urban,31,"20,000 to 29,000",2 to 4,Third Party
No,Urban,36,"20,000 to 29,000",more than 4,Policy Holder
No,Urban,41,"less than 20,000",none,Third Party
Yes,Urban,31,"20,000 to 29,000",none,Third Party
No,Urban,44,"40,000 to 59,000",more than 4,Policy Holder
No,Urban,44,"20,000 to 29,000",1,Policy Holder
No,Urban,44,"20,000 to 29,000",2 to 4,Policy Holder
No,Urban,30,"20,000 to 29,000",more than 4,Policy Holder
No,Urban,50,"30,000 to 39,000",2 to 4,Policy Holder
No,Urban,56,"20,000 to 29,000",none,Policy Holder
No,Urban,38,"30,000 to 39,000",1,Third Party
No,Urban,35,"less than 20,000",1,Third Party
No,Urban,37,"30,000 to 39,000",1,Policy Holder
No,Urban,35,"30,000 to 39,000",2 to 4,Policy Holder
No,Urban,43,"30,000 to 39,000",2 to 4,Policy Holder
No,Urban,37,"20,000 to 29,000",none,Third Party
No,Urban,54,"30,000 to 39,000",more than 4,Policy Holder
Yes,Urban,46,"more than 69,000",2 to 4,Policy Holder
No,Urban,48,"30,000 to 39,000",2 to 4,Policy Holder
No,Urban,26,"20,000 to 29,000",2 to 4,Policy Holder
No,Urban,65,"20,000 to 29,000",none,Third Party
No,Rural,33,"30,000 to 39,000",1,Third Party
No,Urban,35,"less than 20,000",more than 4,Policy Holder
No,Urban,34,"less than 20,000",more than 4,Policy Holder
No,Urban,38,"30,000 to 39,000",2 to 4,Policy Holder
Yes,Urban,26,"20,000 to 29,000",2 to 4,Policy Holder
No,Urban,53,"20,000 to 29,000",more than 4,Third Party
No,Urban,62,"20,000 to 29,000",none,Policy Holder
No,Urban,32,"more than 69,000",none,Policy Holder
No,Urban,66,"30,000 to 39,000",more than 4,Policy Holder
No,Urban,31,"20,000 to 29,000",1,Third Party
No,Urban,65,"20,000 to 29,000",more than 4,Policy Holder
No,Urban,31,"20,000 to 29,000",2 to 4,Policy Holder
No,Urban,33,"20,000 to 29,000",2 to 4,Policy Holder
No,Urban,53,"less than 20,000",1,Third Party
No,Urban,27,"20,000 to 29,000",none,Third Party
No,Rural,36,"20,000 to 29,000",none,Policy Holder
No,Urban,29,"more than 69,000",none,Policy Holder
No,Urban,65,"20,000 to 29,000",none,Third Party
No,Urban,42,"more than 69,000",none,Third Party
No,Urban,29,"20,000 to 29,000",2 to 4,Policy Holder
Yes,Urban,39,"20,000 to 29,000",2 to 4,Policy Holder
No,Rural,43,"less than 20,000",none,Policy Holder
No,Urban,44,"20,000 to 29,000",2 to 4,Policy Holder
No,Urban,30,"20,000 to 29,000",2 to 4,Third Party
No,Urban,0,"more than 69,000",2 to 4,Third Party
No,Urban,41,"20,000 to 29,000",none,Policy Holder
No,Urban,38,"less than 20,000",none,Policy Holder
No,Urban,29,"20,000 to 29,000",2 to 4,Third Party
No,Urban,30,"20,000 to 29,000",2 to 4,Policy Holder
No,Urban,36,"30,000 to 39,000",2 to 4,Policy Holder
No,Rural,33,"20,000 to 29,000",1,Policy Holder
No,Rural,30,"20,000 to 29,000",none,Policy Holder
No,Urban,35,"more than 69,000",1,Third Party
No,Urban,60,"20,000 to 29,000",none,Policy Holder
No,Urban,0,"more than 69,000",2 to 4,Policy Holder
No,Urban,21,"20,000 to 29,000",more than 4,Third Party
No,Urban,33,"20,000 to 29,000",1,Policy Holder
No,Urban,28,"20,000 to 29,000",2 to 4,Policy Holder
No,Urban,51,"20,000 to 29,000",none,Policy Holder
No,Urban,32,"30,000 to 39,000",1,Third Party
No,Urban,45,"20,000 to 29,000",none,Policy Holder
No,Urban,27,"20,000 to 29,000",more than 4,Policy Holder
No,Urban,35,"20,000 to 29,000",2 to 4,Policy Holder
Yes,Urban,40,"more than 69,000",1,Policy Holder
No,Urban,38,"30,000 to 39,000",1,Policy Holder
No,Rural,30,"more than 69,000",1,Policy Holder
No,Urban,32,"20,000 to 29,000",1,Policy Holder
No,Urban,34,"20,000 to 29,000",1,Policy Holder
No,Urban,31,"less than 20,000",2 to 4,Policy Holder
No,Urban,43,"less than 20,000",none,Policy Holder
No,Urban,48,"30,000 to 39,000",1,Third Party
No,Urban,64,"20,000 to 29,000",none,Policy Holder
No,Rural,31,"more than 69,000",1,Policy Holder
No,Urban,60,"20,000 to 29,000",1,Policy Holder
No,Urban,54,"20,000 to 29,000",2 to 4,Policy Holder
No,Urban,61,"20,000 to 29,000",1,Policy Holder
No,Urban,0,"more than 69,000",1,Third Party
No,Urban,54,"40,000 to 59,000",more than 4,Third Party
No,Urban,0,"more than 69,000",none,Policy Holder
No,Urban,40,"20,000 to 29,000",2 to 4,Policy Holder
No,Urban,45,"30,000 to 39,000",2 to 4,Policy Holder
No,Urban,51,"less than 20,000",2 to 4,Policy Holder
No,Urban,42,"20,000 to 29,000",none,Policy Holder
No,Urban,30,"30,000 to 39,000",none,Policy Holder
No,Urban,26,"20,000 to 29,000",1,Policy Holder
No,Urban,34,"20,000 to 29,000",2 to 4,Third Party
No,Rural,30,"30,000 to 39,000",2 to 4,Policy Holder
No,Urban,26,"30,000 to 39,000",1,Third Party
No,Urban,51,"30,000 to 39,000",2 to 4,Third Party
No,Urban,47,"less than 20,000",none,Policy Holder
No,Urban,28,"30,000 to 39,000",2 to 4,Policy Holder
No,Urban,47,"20,000 to 29,000",none,Policy Holder
No,Urban,32,"more than 69,000",1,Policy Holder
No,Urban,34,"30,000 to 39,000",none,Policy Holder
No,Urban,34,"20,000 to 29,000",1,Policy Holder
No,Urban,35,"30,000 to 39,000",none,Policy Holder
No,Urban,37,"20,000 to 29,000",1,Third Party
No,Rural,39,"40,000 to 59,000",1,Policy Holder
No,Urban,44,"20,000 to 29,000",2 to 4,Policy Holder
No,Urban,33,"20,000 to 29,000",2 to 4,Third Party
No,Urban,43,"less than 20,000",2 to 4,Policy Holder
No,Urban,33,"20,000 to 29,000",none,Policy Holder
No,Urban,36,"30,000 to 39,000",1,Policy Holder
No,Rural,51,"30,000 to 39,000",2 to 4,Policy Holder
No,Urban,50,"30,000 to 39,000",1,Policy Holder
No,Urban,52,"20,000 to 29,000",2 to 4,Third Party
No,Urban,41,"20,000 to 29,000",1,Policy Holder
No,Urban,57,"30,000 to 39,000",1,Policy Holder
No,Urban,37,"20,000 to 29,000",more than 4,Policy Holder
No,Urban,27,"20,000 to 29,000",none,Policy Holder
No,Rural,27,"20,000 to 29,000",2 to 4,Policy Holder
No,Urban,49,"30,000 to 39,000",2 to 4,Third Party
No,Urban,35,"30,000 to 39,000",none,Third Party
No,Urban,29,"30,000 to 39,000",2 to 4,Policy Holder
No,Urban,40,"40,000 to 59,000",2 to 4,Policy Holder
No,Urban,29,"20,000 to 29,000",none,Policy Holder
No,Urban,43,"30,000 to 39,000",2 to 4,Policy Holder
No,Urban,36,"20,000 to 29,000",2 to 4,Policy Holder
No,Urban,35,"20,000 to 29,000",1,Policy Holder
No,Urban,45,"20,000 to 29,000",1,Policy Holder
No,Rural,53,"30,000 to 39,000",none,Policy Holder
No,Urban,52,"20,000 to 29,000",1,Policy Holder
No,Urban,28,"more than 69,000",none,Policy Holder
No,Urban,39,"40,000 to 59,000",2 to 4,Policy Holder
No,Rural,32,"20,000 to 29,000",2 to 4,Policy Holder
No,Urban,43,"less than 20,000",none,Third Party
No,Urban,0,"more than 69,000",2 to 4,Policy Holder
No,Urban,54,"30,000 to 39,000",2 to 4,Policy Holder
No,Urban,26,"30,000 to 39,000",2 to 4,Policy Holder
Yes,Urban,53,"20,000 to 29,000",1,Policy Holder
No,Urban,51,"30,000 to 39,000",none,Policy Holder
No,Rural,30,"20,000 to 29,000",1,Policy Holder
No,Urban,26,"30,000 to 39,000",2 to 4,Policy Holder
No,Urban,44,"30,000 to 39,000",none,Policy Holder
No,Urban,51,"20,000 to 29,000",2 to 4,Policy Holder
No,Rural,45,"30,000 to 39,000",2 to 4,Policy Holder
No,Urban,61,"more than 69,000",2 to 4,Policy Holder
Yes,Urban,41,"20,000 to 29,000",2 to 4,Policy Holder
No,Urban,54,"20,000 to 29,000",none,Policy Holder
No,Urban,34,"20,000 to 29,000",more than 4,Policy Holder
No,Urban,35,"less than 20,000",none,Third Party
No,Urban,43,"20,000 to 29,000",more than 4,Policy Holder
Yes,Rural,28,"20,000 to 29,000",2 to 4,Policy Holder
No,Urban,49,"less than 20,000",2 to 4,Third Party
No,Urban,49,"30,000 to 39,000",1,Policy Holder
No,Urban,34,"more than 69,000",none,Policy Holder
No,Rural,0,"more than 69,000",none,Policy Holder
No,Urban,42,"less than 20,000",1,Policy Holder
No,Urban,44,"20,000 to 29,000",2 to 4,Policy Holder
No,Urban,0,"more than 69,000",more than 4,Policy Holder
No,Rural,21,"20,000 to 29,000",none,Policy Holder
No,Urban,30,"30,000 to 39,000",more than 4,Third Party
No,Urban,54,"30,000 to 39,000",1,Third Party
No,Urban,26,"20,000 to 29,000",1,Third Party
No,Urban,36,"30,000 to 39,000",2 to 4,Policy Holder
No,Urban,23,"20,000 to 29,000",2 to 4,Policy Holder
No,Urban,38,"20,000 to 29,000",2 to 4,Policy Holder
No,Urban,29,"20,000 to 29,000",1,Policy Holder
No,Urban,25,"20,000 to 29,000",2 to 4,Third Party
No,Urban,54,"20,000 to 29,000",2 to 4,Policy Holder
No,Urban,48,"20,000 to 29,000",none,Third Party
No,Urban,36,"20,000 to 29,000",2 to 4,Policy Holder
No,Urban,46,"20,000 to 29,000",none,Third Party
No,Urban,27,"30,000 to 39,000",1,Policy Holder
No,Urban,40,"30,000 to 39,000",1,Policy Holder
Yes,Urban,36,"more than 69,000",2 to 4,Policy Holder
No,Urban,21,"more than 69,000",2 to 4,Policy Holder
No,Urban,61,"20,000 to 29,000",1,Policy Holder
Yes,Rural,55,"more than 69,000",1,Policy Holder
No,Urban,51,"20,000 to 29,000",2 to 4,Policy Holder
Yes,Urban,35,"20,000 to 29,000",1,Policy Holder
No,Urban,51,"20,000 to 29,000",1,Third Party
No,Urban,44,"40,000 to 59,000",2 to 4,Policy Holder
No,Urban,34,"40,000 to 59,000",1,Third Party
No,Rural,34,"20,000 to 29,000",none,Third Party
No,Urban,30,"30,000 to 39,000",2 to 4,Policy Holder
No,Rural,58,"30,000 to 39,000",1,Third Party
No,Urban,28,"20,000 to 29,000",2 to 4,Policy Holder
No,Rural,37,"20,000 to 29,000",none,Policy Holder
No,Urban,33,"20,000 to 29,000",2 to 4,Policy Holder
No,Rural,30,"20,000 to 29,000",1,Policy Holder
Yes,Urban,51,"more than 69,000",1,Policy Holder
No,Urban,54,"20,000 to 29,000",none,Third Party
No,Urban,27,"20,000 to 29,000",2 to 4,Policy Holder
No,Rural,43,"20,000 to 29,000",2 to 4,Policy Holder
No,Rural,28,"30,000 to 39,000",1,Third Party
No,Urban,53,"20,000 to 29,000",1,Policy Holder
Yes,Urban,53,"more than 69,000",more than 4,Policy Holder
No,Urban,59,"30,000 to 39,000",none,Policy Holder
No,Urban,30,"20,000 to 29,000",none,Third Party
No,Urban,49,"30,000 to 39,000",2 to 4,Policy Holder
Yes,Urban,26,"more than 69,000",none,Policy Holder
No,Urban,32,"30,000 to 39,000",1,Policy Holder
No,Urban,30,"30,000 to 39,000",2 to 4,Policy Holder
No,Urban,65,"20,000 to 29,000",2 to 4,Policy Holder
Yes,Urban,36,"30,000 to 39,000",1,Policy Holder
No,Urban,26,"less than 20,000",none,Policy Holder
No,Urban,22,"less than 20,000",2 to 4,Third Party
No,Urban,48,"20,000 to 29,000",2 to 4,Policy Holder
No,Rural,41,"20,000 to 29,000",1,Third Party
No,Urban,40,"20,000 to 29,000",1,Policy Holder
No,Urban,26,"30,000 to 39,000",1,Policy Holder
No,Urban,32,"30,000 to 39,000",2 to 4,Policy Holder
No,Urban,31,"more than 69,000",more than 4,Policy Holder
No,Urban,33,"20,000 to 29,000",1,Third Party
No,Urban,43,"30,000 to 39,000",2 to 4,Policy Holder
No,Urban,42,"30,000 to 39,000",1,Policy Holder
No,Urban,33,"more than 69,000",more than 4,Policy Holder
Yes,Rural,51,"30,000 to 39,000",none,Policy Holder
No,Urban,80,"less than 20,000",1,Policy Holder
No,Urban,52,"40,000 to 59,000",1,Policy Holder
No,Urban,33,"more than 69,000",1,Policy Holder
No,Urban,27,"20,000 to 29,000",2 to 4,Policy Holder
No,Rural,35,"20,000 to 29,000",none,Policy Holder
No,Urban,45,"30,000 to 39,000",1,Policy Holder
No,Urban,33,"20,000 to 29,000",more than 4,Policy Holder
No,Urban,35,"30,000 to 39,000",2 to 4,Policy Holder
No,Urban,32,"more than 69,000",none,Policy Holder
No,Urban,37,"20,000 to 29,000",1,Third Party
Yes,Urban,27,"20,000 to 29,000",2 to 4,Policy Holder
No,Urban,35,"20,000 to 29,000",2 to 4,Third Party
No,Rural,37,"20,000 to 29,000",2 to 4,Policy Holder
Yes,Urban,60,"30,000 to 39,000",1,Policy Holder
No,Urban,46,"30,000 to 39,000",1,Policy Holder
Yes,Urban,58,"20,000 to 29,000",none,Policy Holder
No,Urban,27,"20,000 to 29,000",1,Policy Holder
No,Urban,27,"20,000 to 29,000",2 to 4,Third Party
No,Urban,52,"20,000 to 29,000",2 to 4,Policy Holder
No,Urban,39,"30,000 to 39,000",none,Policy Holder
No,Urban,40,"30,000 to 39,000",1,Third Party
No,Urban,33,"20,000 to 29,000",more than 4,Policy Holder
No,Urban,26,"less than 20,000",2 to 4,Third Party
No,Urban,44,"30,000 to 39,000",more than 4,Policy Holder
No,Urban,48,"30,000 to 39,000",more than 4,Policy Holder
No,Urban,55,"30,000 to 39,000",1,Third Party
No,Urban,64,"more than 69,000",none,Third Party
No,Urban,44,"20,000 to 29,000",2 to 4,Policy Holder
No,Urban,55,"30,000 to 39,000",1,Third Party
No,Urban,52,"less than 20,000",1,Policy Holder
No,Urban,30,"20,000 to 29,000",more than 4,Policy Holder
No,Urban,40,"less than 20,000",2 to 4,Policy Holder
No,Urban,62,"more than 69,000",more than 4,Policy Holder
No,Rural,29,"20,000 to 29,000",1,Third Party
No,Urban,46,"less than 20,000",none,Policy Holder
No,Urban,52,"20,000 to 29,000",1,Third Party
No,Rural,31,"20,000 to 29,000",2 to 4,Policy Holder
No,Urban,43,"30,000 to 39,000",2 to 4,Policy Holder
No,Urban,33,"20,000 to 29,000",none,Policy Holder
No,Urban,36,"20,000 to 29,000",none,Policy Holder
No,Urban,30,"20,000 to 29,000",2 to 4,Third Party
No,Urban,49,"20,000 to 29,000",2 to 4,Policy Holder
No,Urban,52,"30,000 to 39,000",1,Policy Holder
No,Urban,48,"40,000 to 59,000",2 to 4,Policy Holder
No,Urban,39,"30,000 to 39,000",none,Policy Holder
No,Urban,58,"30,000 to 39,000",1,Policy Holder
No,Urban,27,"less than 20,000",none,Policy Holder
No,Rural,59,"30,000 to 39,000",2 to 4,Policy Holder
No,Urban,31,"20,000 to 29,000",2 to 4,Policy Holder
No,Urban,59,"20,000 to 29,000",2 to 4,Policy Holder
No,Urban,36,"20,000 to 29,000",2 to 4,Policy Holder
No,Urban,28,"20,000 to 29,000",none,Policy Holder
No,Urban,27,"30,000 to 39,000",2 to 4,Policy Holder
No,Urban,35,"20,000 to 29,000",more than 4,Third Party
No,Urban,54,"more than 69,000",more than 4,Policy Holder
No,Urban,23,"more than 69,000",2 to 4,Policy Holder
No,Urban,32,"30,000 to 39,000",1,Policy Holder
No,Urban,45,"20,000 to 29,000",2 to 4,Policy Holder
No,Urban,55,"20,000 to 29,000",1,Third Party
No,Urban,35,"20,000 to 29,000",2 to 4,Third Party
No,Urban,32,"30,000 to 39,000",none,Policy Holder
No,Urban,46,"30,000 to 39,000",more than 4,Policy Holder
No,Urban,41,"30,000 to 39,000",2 to 4,Policy Holder
No,Urban,30,"more than 69,000",none,Third Party
No,Urban,65,"30,000 to 39,000",more than 4,Third Party
No,Urban,35,"20,000 to 29,000",2 to 4,Third Party
No,Urban,19,"less than 20,000",2 to 4,Policy Holder
No,Urban,39,"20,000 to 29,000",2 to 4,Third Party
No,Urban,31,"40,000 to 59,000",more than 4,Policy Holder
No,Urban,46,"20,000 to 29,000",1,Third Party
No,Rural,0,"more than 69,000",2 to 4,Policy Holder
No,Urban,43,"20,000 to 29,000",1,Policy Holder
No,Urban,44,"20,000 to 29,000",1,Policy Holder
No,Urban,31,"20,000 to 29,000",2 to 4,Policy Holder
No,Urban,34,"20,000 to 29,000",2 to 4,Third Party
No,Urban,65,"20,000 to 29,000",more than 4,Policy Holder
No,Urban,42,"20,000 to 29,000",none,Third Party
No,Urban,52,"more than 69,000",none,Third Party
No,Urban,24,"20,000 to 29,000",none,Policy Holder
No,Urban,29,"30,000 to 39,000",none,Policy Holder
No,Urban,44,"20,000 to 29,000",2 to 4,Policy Holder
No,Rural,34,"30,000 to 39,000",none,Policy Holder
No,Urban,41,"less than 20,000",more than 4,Policy Holder
Yes,Urban,25,"more than 69,000",1,Policy Holder
No,Urban,50,"more than 69,000",2 to 4,Third Party
No,Urban,38,"20,000 to 29,000",none,Policy Holder
No,Urban,56,"30,000 to 39,000",1,Policy Holder
No,Urban,25,"20,000 to 29,000",2 to 4,Policy Holder
No,Urban,27,"20,000 to 29,000",more than 4,Policy Holder
No,Urban,51,"20,000 to 29,000",2 to 4,Policy Holder
No,Urban,27,"30,000 to 39,000",1,Policy Holder
No,Rural,23,"20,000 to 29,000",none,Third Party
No,Rural,59,"20,000 to 29,000",2 to 4,Third Party
No,Urban,33,"20,000 to 29,000",none,Policy Holder
No,Urban,29,"20,000 to 29,000",1,Policy Holder
No,Urban,34,"20,000 to 29,000",1,Policy Holder
Yes,Urban,45,"30,000 to 39,000",2 to 4,Policy Holder
No,Urban,45,"30,000 to 39,000",none,Third Party
No,Urban,29,"30,000 to 39,000",2 to 4,Policy Holder
No,Urban,42,"less than 20,000",1,Policy Holder
No,Urban,47,"20,000 to 29,000",more than 4,Policy Holder
No,Urban,50,"20,000 to 29,000",2 to 4,Policy Holder
No,Urban,55,"30,000 to 39,000",none,Third Party
No,Urban,45,"30,000 to 39,000",2 to 4,Policy Holder
No,Urban,55,"20,000 to 29,000",more than 4,Third Party
Yes,Urban,31,"20,000 to 29,000",1,Policy Holder
No,Urban,32,"20,000 to 29,000",2 to 4,Policy Holder
No,Urban,24,"20,000 to 29,000",1,Policy Holder
No,Urban,54,"40,000 to 59,000",2 to 4,Policy Holder
No,Urban,27,"30,000 to 39,000",1,Third Party
No,Urban,27,"20,000 to 29,000",none,Third Party
No,Urban,36,"20,000 to 29,000",none,Policy Holder
No,Urban,22,"20,000 to 29,000",1,Policy Holder
No,Urban,37,"30,000 to 39,000",none,Third Party
No,Urban,61,"30,000 to 39,000",1,Policy Holder
No,Urban,32,"20,000 to 29,000",1,Third Party
Yes,Urban,64,"more than 69,000",2 to 4,Policy Holder
No,Urban,0,"more than 69,000",2 to 4,Policy Holder
No,Urban,39,"30,000 to 39,000",more than 4,Policy Holder
No,Urban,57,"20,000 to 29,000",more than 4,Policy Holder
No,Urban,36,"more than 69,000",none,Third Party
No,Urban,59,"20,000 to 29,000",2 to 4,Policy Holder
No,Urban,31,"20,000 to 29,000",more than 4,Policy Holder
No,Urban,35,"20,000 to 29,000",1,Third Party
No,Rural,40,"20,000 to 29,000",1,Policy Holder
No,Urban,37,"20,000 to 29,000",none,Policy Holder
No,Urban,51,"30,000 to 39,000",2 to 4,Policy Holder
No,Urban,35,"20,000 to 29,000",1,Third Party
No,Urban,0,"more than 69,000",1,Policy Holder
No,Urban,61,"20,000 to 29,000",1,Policy Holder
No,Urban,44,"40,000 to 59,000",1,Third Party
No,Urban,28,"20,000 to 29,000",2 to 4,Policy Holder
No,Urban,39,"40,000 to 59,000",1,Policy Holder
No,Rural,44,"20,000 to 29,000",1,Policy Holder
No,Urban,35,"40,000 to 59,000",1,Policy Holder
No,Urban,58,"20,000 to 29,000",2 to 4,Policy Holder
No,Urban,35,"20,000 to 29,000",none,Policy Holder
No,Urban,41,"more than 69,000",more than 4,Policy Holder
No,Urban,44,"40,000 to 59,000",2 to 4,Policy Holder
No,Rural,30,"20,000 to 29,000",none,Policy Holder
No,Urban,30,"30,000 to 39,000",more than 4,Policy Holder
No,Urban,61,"20,000 to 29,000",2 to 4,Third Party
No,Urban,27,"less than 20,000",more than 4,Policy Holder
No,Rural,22,"30,000 to 39,000",none,Third Party
No,Urban,0,"more than 69,000",2 to 4,Policy Holder
No,Urban,27,"30,000 to 39,000",more than 4,Policy Holder
No,Urban,36,"20,000 to 29,000",none,Policy Holder
No,Urban,39,"30,000 to 39,000",none,Third Party
No,Urban,45,"20,000 to 29,000",more than 4,Policy Holder
No,Urban,32,"20,000 to 29,000",1,Third Party
No,Rural,54,"20,000 to 29,000",2 to 4,Policy Holder
No,Urban,50,"20,000 to 29,000",more than 4,Policy Holder
Yes,Urban,32,"40,000 to 59,000",1,Policy Holder
No,Urban,35,"more than 69,000",none,Third Party
No,Urban,46,"more than 69,000",none,Policy Holder
No,Urban,37,"20,000 to 29,000",more than 4,Policy Holder
No,Urban,57,"20,000 to 29,000",1,Policy Holder
No,Urban,57,"more than 69,000",more than 4,Policy Holder
No,Urban,41,"20,000 to 29,000",none,Third Party
No,Urban,43,"20,000 to 29,000",2 to 4,Policy Holder
No,Urban,54,"more than 69,000",2 to 4,Policy Holder
Yes,Urban,28,"20,000 to 29,000",2 to 4,Policy Holder
No,Urban,34,"20,000 to 29,000",2 to 4,Policy Holder
No,Urban,28,"20,000 to 29,000",none,Policy Holder
No,Urban,63,"20,000 to 29,000",none,Third Party
No,Urban,62,"20,000 to 29,000",1,Policy Holder
No,Urban,26,"20,000 to 29,000",more than 4,Third Party
No,Urban,25,"30,000 to 39,000",none,Third Party
No,Urban,30,"30,000 to 39,000",1,Policy Holder
Yes,Urban,49,"30,000 to 39,000",more than 4,Policy Holder
No,Urban,46,"20,000 to 29,000",1,Policy Holder
No,Urban,40,"20,000 to 29,000",none,Policy Holder
No,Urban,33,"20,000 to 29,000",more than 4,Third Party
No,Urban,55,"30,000 to 39,000",1,Third Party
No,Urban,27,"20,000 to 29,000",1,Third Party
No,Urban,59,"30,000 to 39,000",none,Third Party
No,Rural,33,"30,000 to 39,000",1,Third Party
No,Urban,35,"20,000 to 29,000",1,Third Party
No,Urban,27,"30,000 to 39,000",1,Policy Holder
No,Urban,28,"20,000 to 29,000",1,Third Party
No,Urban,50,"30,000 to 39,000",1,Policy Holder
No,Urban,43,"30,000 to 39,000",1,Policy Holder
No,Urban,33,"20,000 to 29,000",none,Policy Holder
No,Urban,43,"20,000 to 29,000",none,Third Party
No,Urban,27,"20,000 to 29,000",1,Policy Holder
No,Urban,19,"20,000 to 29,000",1,Policy Holder
No,Urban,38,"20,000 to 29,000",none,Policy Holder
Yes,Urban,25,"20,000 to 29,000",none,Policy Holder
No,Urban,38,"less than 20,000",1,Policy Holder
No,Urban,28,"20,000 to 29,000",more than 4,Policy Holder
No,Urban,42,"20,000 to 29,000",1,Third Party
No,Urban,22,"more than 69,000",more than 4,Third Party
No,Urban,53,"30,000 to 39,000",1,Policy Holder
No,Urban,61,"30,000 to 39,000",2 to 4,Policy Holder
No,Urban,40,"30,000 to 39,000",1,Policy Holder
No,Urban,46,"more than 69,000",more than 4,Third Party
Yes,Urban,34,"more than 69,000",none,Policy Holder
No,Urban,33,"20,000 to 29,000",2 to 4,Policy Holder
No,Urban,39,"20,000 to 29,000",1,Policy Holder
No,Urban,43,"20,000 to 29,000",more than 4,Policy Holder
No,Urban,39,"more than 69,000",1,Policy Holder
Yes,Rural,33,"more than 69,000",none,Third Party
No,Urban,32,"20,000 to 29,000",none,Policy Holder
No,Urban,45,"20,000 to 29,000",2 to 4,Third Party
Yes,Urban,41,"20,000 to 29,000",2 to 4,Policy Holder
No,Urban,49,"20,000 to 29,000",none,Policy Holder
Yes,Urban,37,"less than 20,000",none,Policy Holder
No,Urban,46,"30,000 to 39,000",more than 4,Policy Holder
No,Rural,0,"more than 69,000",none,Policy Holder
No,Urban,61,"less than 20,000",1,Policy Holder
No,Urban,41,"20,000 to 29,000",2 to 4,Policy Holder
No,Urban,55,"30,000 to 39,000",1,Third Party
No,Urban,50,"20,000 to 29,000",1,Policy Holder
No,Urban,36,"more than 69,000",1,Policy Holder
No,Urban,54,"less than 20,000",none,Third Party
No,Urban,23,"20,000 to 29,000",1,Third Party
No,Urban,30,"20,000 to 29,000",2 to 4,Policy Holder
No,Urban,40,"20,000 to 29,000",2 to 4,Third Party
No,Urban,51,"30,000 to 39,000",more than 4,Policy Holder
No,Urban,36,"less than 20,000",1,Policy Holder
No,Rural,27,"20,000 to 29,000",2 to 4,Policy Holder
No,Urban,28,"20,000 to 29,000",none,Policy Holder
Yes,Urban,39,"20,000 to 29,000",more than 4,Policy Holder
No,Urban,54,"20,000 to 29,000",2 to 4,Policy Holder
No,Urban,22,"30,000 to 39,000",more than 4,Policy Holder
No,Urban,54,"20,000 to 29,000",1,Policy Holder
No,Rural,54,"more than 69,000",1,Policy Holder
No,Urban,30,"30,000 to 39,000",2 to 4,Third Party
No,Urban,36,"30,000 to 39,000",none,Policy Holder
No,Rural,45,"30,000 to 39,000",1,Third Party
No,Urban,51,"30,000 to 39,000",none,Third Party
No,Rural,52,"less than 20,000",none,Third Party
No,Urban,55,"20,000 to 29,000",1,Policy Holder
No,Urban,40,"40,000 to 59,000",none,Policy Holder
No,Rural,60,"20,000 to 29,000",none,Policy Holder
No,Urban,27,"30,000 to 39,000",2 to 4,Policy Holder
No,Urban,30,"more than 69,000",more than 4,Policy Holder
No,Urban,32,"40,000 to 59,000",1,Policy Holder
No,Urban,28,"30,000 to 39,000",2 to 4,Policy Holder
No,Urban,43,"30,000 to 39,000",more than 4,Policy Holder
No,Rural,35,"20,000 to 29,000",2 to 4,Policy Holder
No,Rural,50,"30,000 to 39,000",none,Third Party
No,Urban,34,"30,000 to 39,000",2 to 4,Third Party
No,Urban,26,"30,000 to 39,000",2 to 4,Policy Holder
No,Urban,26,"20,000 to 29,000",2 to 4,Third Party
No,Rural,28,"30,000 to 39,000",2 to 4,Third Party
No,Urban,29,"20,000 to 29,000",2 to 4,Policy Holder
No,Urban,31,"less than 20,000",1,Policy Holder
No,Urban,26,"30,000 to 39,000",2 to 4,Policy Holder
No,Urban,32,"more than 69,000",none,Policy Holder
No,Urban,50,"30,000 to 39,000",1,Policy Holder
No,Urban,34,"20,000 to 29,000",none,Policy Holder
No,Urban,50,"20,000 to 29,000",none,Third Party
No,Urban,23,"30,000 to 39,000",2 to 4,Policy Holder
No,Urban,41,"30,000 to 39,000",2 to 4,Policy Holder
No,Urban,31,"20,000 to 29,000",none,Policy Holder
No,Urban,63,"20,000 to 29,000",none,Policy Holder
No,Urban,54,"20,000 to 29,000",2 to 4,Third Party
No,Urban,37,"20,000 to 29,000",more than 4,Policy Holder
Yes,Urban,62,"20,000 to 29,000",1,Policy Holder
No,Rural,33,"less than 20,000",2 to 4,Third Party
No,Urban,63,"60,000 to 69,000",1,Policy Holder
No,Urban,54,"30,000 to 39,000",1,Policy Holder
No,Urban,59,"30,000 to 39,000",2 to 4,Third Party
No,Urban,35,"20,000 to 29,000",none,Policy Holder
No,Urban,73,"30,000 to 39,000",none,Policy Holder
No,Urban,30,"more than 69,000",none,Third Party
No,Urban,61,"20,000 to 29,000",2 to 4,Policy Holder
Yes,Urban,28,"20,000 to 29,000",none,Policy Holder
No,Urban,28,"30,000 to 39,000",more than 4,Policy Holder
No,Rural,65,"60,000 to 69,000",1,Policy Holder
Yes,Urban,50,"less than 20,000",none,Policy Holder
No,Urban,65,"30,000 to 39,000",1,Policy Holder
No,Urban,65,"less than 20,000",1,Policy Holder
No,Rural,43,"30,000 to 39,000",2 to 4,Policy Holder
No,Urban,27,"more than 69,000",none,Policy Holder
No,Rural,32,"30,000 to 39,000",2 to 4,Policy Holder
No,Urban,31,"20,000 to 29,000",1,Third Party
No,Rural,29,"20,000 to 29,000",more than 4,Third Party
No,Urban,43,"20,000 to 29,000",2 to 4,Third Party
No,Urban,31,"30,000 to 39,000",2 to 4,Policy Holder
No,Urban,25,"20,000 to 29,000",2 to 4,Third Party
No,Urban,28,"20,000 to 29,000",none,Third Party
No,Urban,34,"more than 69,000",1,Third Party
No,Urban,43,"more than 69,000",2 to 4,Third Party
No,Urban,64,"20,000 to 29,000",none,Policy Holder
No,Urban,61,"more than 69,000",none,Policy Holder
No,Urban,50,"20,000 to 29,000",2 to 4,Policy Holder
No,Urban,35,"20,000 to 29,000",2 to 4,Policy Holder
No,Urban,31,"20,000 to 29,000",2 to 4,Policy Holder
No,Rural,28,"less than 20,000",more than 4,Third Party
No,Urban,30,"more than 69,000",more than 4,Policy Holder
No,Urban,23,"less than 20,000",1,Policy Holder
Yes,Rural,28,"20,000 to 29,000",none,Policy Holder
No,Urban,48,"20,000 to 29,000",more than 4,Policy Holder
No,Urban,28,"20,000 to 29,000",none,Third Party
No,Urban,56,"30,000 to 39,000",none,Third Party
No,Urban,59,"30,000 to 39,000",2 to 4,Policy Holder
No,Urban,41,"20,000 to 29,000",none,Third Party
No,Urban,32,"20,000 to 29,000",1,Third Party
No,Rural,56,"more than 69,000",more than 4,Policy Holder
No,Urban,33,"20,000 to 29,000",1,Policy Holder
No,Urban,32,"20,000 to 29,000",none,Policy Holder
No,Urban,32,"20,000 to 29,000",none,Policy Holder
No,Rural,31,"30,000 to 39,000",none,Policy Holder
No,Urban,42,"20,000 to 29,000",2 to 4,Third Party
No,Urban,30,"20,000 to 29,000",2 to 4,Policy Holder
No,Urban,26,"30,000 to 39,000",2 to 4,Policy Holder
No,Urban,32,"20,000 to 29,000",2 to 4,Policy Holder
No,Urban,29,"20,000 to 29,000",2 to 4,Policy Holder
No,Urban,32,"more than 69,000",none,Third Party
No,Urban,54,"30,000 to 39,000",2 to 4,Third Party
No,Rural,66,"20,000 to 29,000",1,Third Party
No,Urban,29,"30,000 to 39,000",2 to 4,Policy Holder
No,Urban,59,"more than 69,000",more than 4,Policy Holder
No,Urban,47,"20,000 to 29,000",more than 4,Policy Holder
No,Urban,51,"20,000 to 29,000",none,Policy Holder
No,Urban,33,"20,000 to 29,000",2 to 4,Third Party
No,Urban,0,"more than 69,000",2 to 4,Policy Holder
No,Urban,0,"more than 69,000",none,Policy Holder
No,Rural,0,"more than 69,000",none,Policy Holder
No,Urban,62,"30,000 to 39,000",none,Policy Holder
No,Urban,22,"20,000 to 29,000",2 to 4,Policy Holder
No,Urban,51,"more than 69,000",1,Policy Holder
No,Urban,54,"less than 20,000",none,Policy Holder
No,Urban,51,"30,000 to 39,000",1,Policy Holder
No,Urban,67,"20,000 to 29,000",none,Policy Holder
No,Urban,55,"more than 69,000",2 to 4,Policy Holder
No,Rural,35,"20,000 to 29,000",none,Policy Holder
No,Urban,55,"30,000 to 39,000",1,Third Party
No,Urban,72,"20,000 to 29,000",1,Third Party
No,Urban,43,"30,000 to 39,000",2 to 4,Policy Holder
No,Urban,65,"30,000 to 39,000",1,Policy Holder
No,Rural,63,"20,000 to 29,000",2 to 4,Policy Holder
No,Urban,48,"less than 20,000",1,Third Party
No,Urban,49,"30,000 to 39,000",none,Policy Holder
No,Urban,39,"30,000 to 39,000",1,Policy Holder
No,Urban,35,"20,000 to 29,000",none,Policy Holder
No,Urban,58,"20,000 to 29,000",2 to 4,Policy Holder
No,Urban,44,"20,000 to 29,000",none,Third Party
No,Rural,40,"20,000 to 29,000",none,Third Party
No,Urban,39,"30,000 to 39,000",2 to 4,Policy Holder
No,Urban,41,"20,000 to 29,000",1,Policy Holder
No,Urban,38,"30,000 to 39,000",none,Policy Holder
Yes,Urban,72,"20,000 to 29,000",2 to 4,Policy Holder
No,Urban,55,"30,000 to 39,000",2 to 4,Policy Holder
No,Urban,48,"20,000 to 29,000",more than 4,Policy Holder
No,Urban,32,"less than 20,000",none,Policy Holder
No,Urban,75,"20,000 to 29,000",none,Policy Holder
Yes,Urban,40,"40,000 to 59,000",none,Policy Holder
No,Urban,62,"20,000 to 29,000",more than 4,Policy Holder
No,Urban,41,"20,000 to 29,000",1,Policy Holder
No,Urban,27,"20,000 to 29,000",1,Policy Holder
No,Urban,44,"20,000 to 29,000",none,Policy Holder
No,Urban,37,"20,000 to 29,000",2 to 4,Policy Holder
No,Urban,34,"more than 69,000",none,Third Party
No,Urban,36,"less than 20,000",2 to 4,Policy Holder
No,Urban,29,"20,000 to 29,000",1,Third Party
No,Urban,26,"20,000 to 29,000",1,Third Party
No,Urban,25,"20,000 to 29,000",more than 4,Policy Holder
No,Urban,27,"more than 69,000",2 to 4,Policy Holder
No,Urban,40,"60,000 to 69,000",2 to 4,Policy Holder
No,Urban,59,"less than 20,000",1,Policy Holder
No,Urban,31,"20,000 to 29,000",1,Third Party
No,Urban,60,"less than 20,000",1,Policy Holder
No,Urban,62,"more than 69,000",2 to 4,Policy Holder
No,Rural,63,"40,000 to 59,000",1,Third Party
No,Urban,26,"20,000 to 29,000",none,Policy Holder
No,Rural,27,"20,000 to 29,000",none,Policy Holder
No,Urban,47,"30,000 to 39,000",2 to 4,Third Party
No,Urban,39,"20,000 to 29,000",more than 4,Policy Holder
No,Urban,30,"more than 69,000",1,Policy Holder
Yes,Urban,48,"more than 69,000",1,Policy Holder
No,Urban,65,"less than 20,000",1,Policy Holder
No,Urban,28,"30,000 to 39,000",1,Policy Holder
No,Urban,45,"20,000 to 29,000",more than 4,Third Party
No,Rural,28,"20,000 to 29,000",more than 4,Policy Holder
No,Urban,22,"20,000 to 29,000",1,Third Party
No,Rural,36,"20,000 to 29,000",2 to 4,Policy Holder
Yes,Rural,54,"more than 69,000",1,Policy Holder
No,Urban,46,"less than 20,000",1,Policy Holder
No,Urban,48,"20,000 to 29,000",2 to 4,Third Party
No,Urban,34,"less than 20,000",none,Policy Holder
No,Rural,31,"20,000 to 29,000",more than 4,Third Party
No,Urban,45,"20,000 to 29,000",2 to 4,Policy Holder
No,Urban,35,"20,000 to 29,000",none,Policy Holder
No,Urban,26,"less than 20,000",2 to 4,Third Party
No,Urban,58,"40,000 to 59,000",2 to 4,Policy Holder
No,Urban,28,"30,000 to 39,000",2 to 4,Third Party
No,Urban,48,"30,000 to 39,000",2 to 4,Policy Holder
No,Urban,35,"30,000 to 39,000",more than 4,Policy Holder
No,Urban,63,"20,000 to 29,000",more than 4,Third Party
No,Urban,31,"20,000 to 29,000",none,Policy Holder
No,Urban,62,"20,000 to 29,000",none,Third Party
No,Urban,49,"more than 69,000",1,Third Party
Yes,Urban,33,"more than 69,000",1,Policy Holder
No,Urban,37,"less than 20,000",1,Third Party
No,Urban,50,"20,000 to 29,000",none,Policy Holder
No,Urban,50,"20,000 to 29,000",2 to 4,Policy Holder
No,Urban,22,"more than 69,000",none,Policy Holder
No,Urban,39,"20,000 to 29,000",more than 4,Policy Holder
No,Urban,28,"20,000 to 29,000",1,Third Party
No,Urban,49,"more than 69,000",1,Policy Holder
No,Urban,23,"20,000 to 29,000",2 to 4,Policy Holder
No,Urban,65,"less than 20,000",none,Policy Holder
No,Urban,39,"more than 69,000",1,Policy Holder
No,Urban,39,"30,000 to 39,000",more than 4,Policy Holder
No,Urban,74,"less than 20,000",none,Policy Holder
No,Urban,45,"30,000 to 39,000",2 to 4,Third Party
No,Urban,23,"20,000 to 29,000",none,Third Party
No,Urban,34,"20,000 to 29,000",2 to 4,Policy Holder
No,Urban,36,"20,000 to 29,000",more than 4,Policy Holder
No,Urban,38,"30,000 to 39,000",1,Policy Holder
Yes,Urban,16,"more than 69,000",2 to 4,Policy Holder
No,Rural,60,"30,000 to 39,000",none,Third Party
No,Urban,54,"20,000 to 29,000",none,Policy Holder
No,Urban,24,"20,000 to 29,000",none,Third Party
No,Urban,57,"20,000 to 29,000",2 to 4,Policy Holder
No,Urban,69,"30,000 to 39,000",2 to 4,Policy Holder
No,Urban,50,"20,000 to 29,000",2 to 4,Policy Holder
No,Urban,52,"20,000 to 29,000",none,Policy Holder
No,Urban,63,"40,000 to 59,000",more than 4,Policy Holder
No,Urban,37,"20,000 to 29,000",1,Third Party
No,Urban,62,"20,000 to 29,000",none,Policy Holder
No,Urban,40,"more than 69,000",more than 4,Policy Holder
No,Urban,32,"20,000 to 29,000",2 to 4,Third Party
No,Rural,62,"more than 69,000",none,Policy Holder
Yes,Urban,43,"30,000 to 39,000",none,Policy Holder
No,Urban,39,"less than 20,000",2 to 4,Policy Holder
No,Rural,27,"30,000 to 39,000",2 to 4,Policy Holder
No,Urban,33,"20,000 to 29,000",1,Policy Holder
Yes,Urban,48,"20,000 to 29,000",none,Policy Holder
No,Urban,58,"20,000 to 29,000",2 to 4,Third Party
No,Urban,52,"more than 69,000",1,Policy Holder
No,Urban,45,"20,000 to 29,000",2 to 4,Policy Holder
No,Urban,22,"20,000 to 29,000",1,Policy Holder
No,Urban,27,"more than 69,000",more than 4,Policy Holder
No,Urban,57,"40,000 to 59,000",2 to 4,Policy Holder
No,Rural,40,"more than 69,000",none,Third Party
No,Rural,38,"20,000 to 29,000",more than 4,Third Party
No,Urban,35,"20,000 to 29,000",none,Policy Holder
No,Urban,52,"30,000 to 39,000",1,Policy Holder
No,Urban,41,"20,000 to 29,000",2 to 4,Third Party
No,Urban,33,"30,000 to 39,000",2 to 4,Third Party
No,Urban,63,"more than 69,000",2 to 4,Policy Holder
Yes,Urban,64,"20,000 to 29,000",more than 4,Policy Holder
No,Urban,36,"30,000 to 39,000",none,Third Party
No,Urban,23,"20,000 to 29,000",2 to 4,Policy Holder
No,Urban,57,"20,000 to 29,000",2 to 4,Policy Holder
No,Urban,44,"less than 20,000",2 to 4,Policy Holder
No,Urban,72,"20,000 to 29,000",2 to 4,Policy Holder
No,Urban,35,"more than 69,000",1,Third Party
No,Rural,39,"30,000 to 39,000",2 to 4,Policy Holder
No,Urban,52,"20,000 to 29,000",1,Third Party
No,Urban,36,"20,000 to 29,000",1,Policy Holder
No,Urban,33,"20,000 to 29,000",1,Policy Holder
Yes,Urban,41,"more than 69,000",2 to 4,Third Party
No,Urban,40,"20,000 to 29,000",none,Policy Holder
No,Urban,46,"20,000 to 29,000",none,Policy Holder
No,Urban,51,"20,000 to 29,000",1,Third Party
No,Urban,27,"more than 69,000",2 to 4,Policy Holder
No,Urban,46,"30,000 to 39,000",more than 4,Policy Holder
No,Urban,30,"30,000 to 39,000",1,Policy Holder
No,Urban,45,"20,000 to 29,000",1,Third Party
No,Urban,31,"30,000 to 39,000",2 to 4,Policy Holder
No,Urban,68,"20,000 to 29,000",2 to 4,Policy Holder
No,Urban,39,"20,000 to 29,000",2 to 4,Policy Holder
No,Rural,28,"20,000 to 29,000",none,Policy Holder
No,Urban,43,"20,000 to 29,000",2 to 4,Policy Holder
No,Urban,31,"20,000 to 29,000",none,Third Party
No,Urban,29,"more than 69,000",none,Policy Holder
No,Urban,40,"more than 69,000",2 to 4,Policy Holder
No,Urban,24,"20,000 to 29,000",none,Policy Holder
No,Urban,35,"20,000 to 29,000",1,Third Party
No,Urban,47,"20,000 to 29,000",1,Policy Holder
No,Urban,35,"30,000 to 39,000",none,Third Party
No,Urban,26,"20,000 to 29,000",none,Policy Holder
No,Urban,18,"more than 69,000",none,Policy Holder
No,Urban,35,"20,000 to 29,000",none,Policy Holder
No,Urban,34,"more than 69,000",1,Policy Holder
No,Urban,54,"30,000 to 39,000",2 to 4,Third Party
No,Urban,37,"30,000 to 39,000",none,Policy Holder
No,Rural,32,"20,000 to 29,000",2 to 4,Third Party
No,Urban,43,"less than 20,000",1,Third Party
No,Urban,36,"30,000 to 39,000",1,Policy Holder
No,Urban,48,"30,000 to 39,000",2 to 4,Policy Holder
No,Urban,33,"less than 20,000",none,Policy Holder
No,Urban,40,"20,000 to 29,000",2 to 4,Policy Holder
No,Urban,69,"20,000 to 29,000",2 to 4,Policy Holder
No,Urban,46,"30,000 to 39,000",none,Third Party
No,Rural,43,"30,000 to 39,000",2 to 4,Policy Holder
No,Urban,46,"20,000 to 29,000",2 to 4,Policy Holder
No,Urban,50,"30,000 to 39,000",2 to 4,Policy Holder
Yes,Urban,51,"30,000 to 39,000",1,Policy Holder
No,Urban,63,"30,000 to 39,000",more than 4,Policy Holder
Yes,Rural,44,"30,000 to 39,000",1,Policy Holder
No,Urban,77,"less than 20,000",1,Policy Holder
Yes,Urban,36,"20,000 to 29,000",2 to 4,Policy Holder
No,Urban,57,"20,000 to 29,000",none,Policy Holder
No,Urban,29,"20,000 to 29,000",2 to 4,Policy Holder
No,Urban,31,"more than 69,000",2 to 4,Policy Holder
No,Urban,34,"more than 69,000",2 to 4,Policy Holder
No,Urban,29,"more than 69,000",2 to 4,Policy Holder
No,Urban,31,"20,000 to 29,000",2 to 4,Policy Holder
No,Urban,64,"20,000 to 29,000",none,Policy Holder
No,Urban,26,"20,000 to 29,000",none,Policy Holder
No,Rural,49,"more than 69,000",more than 4,Policy Holder
No,Rural,36,"20,000 to 29,000",1,Policy Holder
No,Urban,56,"20,000 to 29,000",none,Policy Holder
No,Urban,38,"30,000 to 39,000",none,Policy Holder
No,Urban,61,"20,000 to 29,000",1,Policy Holder
No,Urban,44,"20,000 to 29,000",more than 4,Policy Holder
No,Urban,39,"20,000 to 29,000",none,Policy Holder
No,Rural,48,"20,000 to 29,000",more than 4,Policy Holder
No,Urban,49,"30,000 to 39,000",2 to 4,Policy Holder
No,Urban,34,"30,000 to 39,000",2 to 4,Policy Holder
No,Urban,46,"20,000 to 29,000",2 to 4,Policy Holder
No,Rural,60,"20,000 to 29,000",none,Third Party
No,Rural,30,"more than 69,000",1,Third Party
No,Urban,43,"more than 69,000",2 to 4,Third Party
No,Urban,49,"20,000 to 29,000",none,Third Party
No,Urban,44,"20,000 to 29,000",1,Third Party
No,Urban,31,"20,000 to 29,000",2 to 4,Policy Holder
No,Urban,32,"30,000 to 39,000",1,Third Party
No,Urban,55,"20,000 to 29,000",1,Third Party
No,Rural,44,"30,000 to 39,000",2 to 4,Policy Holder
No,Urban,35,"20,000 to 29,000",1,Third Party
No,Urban,27,"20,000 to 29,000",1,Third Party
No,Urban,42,"30,000 to 39,000",2 to 4,Policy Holder
No,Urban,29,"20,000 to 29,000",2 to 4,Policy Holder
Yes,Urban,50,"40,000 to 59,000",2 to 4,Policy Holder
No,Urban,29,"30,000 to 39,000",more than 4,Third Party
No,Urban,42,"20,000 to 29,000",1,Third Party
Yes,Urban,35,"30,000 to 39,000",none,Policy Holder
No,Urban,77,"less than 20,000",more than 4,Policy Holder
No,Urban,43,"20,000 to 29,000",1,Policy Holder
No,Urban,37,"20,000 to 29,000",2 to 4,Policy Holder
No,Urban,32,"30,000 to 39,000",1,Policy Holder
No,Urban,50,"30,000 to 39,000",more than 4,Policy Holder
No,Urban,33,"30,000 to 39,000",none,Policy Holder
No,Urban,31,"40,000 to 59,000",none,Policy Holder
No,Urban,38,"30,000 to 39,000",none,Third Party
No,Rural,41,"20,000 to 29,000",2 to 4,Policy Holder
No,Urban,60,"30,000 to 39,000",2 to 4,Third Party
No,Urban,29,"40,000 to 59,000",2 to 4,Third Party
No,Urban,44,"less than 20,000",1,Third Party
No,Urban,51,"20,000 to 29,000",1,Policy Holder
No,Urban,30,"20,000 to 29,000",2 to 4,Policy Holder
No,Urban,47,"30,000 to 39,000",2 to 4,Policy Holder
No,Urban,50,"more than 69,000",1,Policy Holder
No,Urban,55,"more than 69,000",2 to 4,Policy Holder
No,Urban,28,"30,000 to 39,000",2 to 4,Policy Holder
No,Urban,61,"20,000 to 29,000",more than 4,Policy Holder
No,Urban,39,"20,000 to 29,000",2 to 4,Policy Holder
No,Urban,35,"30,000 to 39,000",1,Policy Holder
No,Urban,28,"20,000 to 29,000",none,Third Party
No,Urban,49,"20,000 to 29,000",more than 4,Policy Holder
No,Urban,57,"20,000 to 29,000",none,Third Party
No,Urban,23,"30,000 to 39,000",more than 4,Policy Holder
No,Urban,18,"30,000 to 39,000",2 to 4,Policy Holder
No,Urban,42,"more than 69,000",1,Third Party
No,Rural,33,"20,000 to 29,000",none,Policy Holder
No,Urban,29,"30,000 to 39,000",none,Third Party
No,Rural,28,"20,000 to 29,000",none,Policy Holder
No,Urban,26,"30,000 to 39,000",more than 4,Policy Holder
No,Urban,31,"40,000 to 59,000",1,Policy Holder
No,Urban,30,"20,000 to 29,000",none,Third Party
No,Urban,27,"30,000 to 39,000",1,Third Party
No,Urban,38,"less than 20,000",2 to 4,Third Party
No,Urban,37,"less than 20,000",2 to 4,Policy Holder
No,Urban,47,"more than 69,000",none,Policy Holder
No,Urban,46,"40,000 to 59,000",1,Third Party
No,Urban,26,"20,000 to 29,000",1,Policy Holder
No,Urban,27,"20,000 to 29,000",2 to 4,Policy Holder
No,Urban,53,"20,000 to 29,000",1,Policy Holder
No,Urban,28,"40,000 to 59,000",none,Third Party
No,Urban,37,"20,000 to 29,000",1,Third Party
No,Urban,33,"20,000 to 29,000",none,Third Party
No,Urban,40,"less than 20,000",1,Policy Holder
No,Urban,34,"20,000 to 29,000",2 to 4,Policy Holder
No,Urban,22,"20,000 to 29,000",none,Policy Holder
No,Urban,43,"20,000 to 29,000",2 to 4,Policy Holder
No,Urban,47,"20,000 to 29,000",none,Third Party
No,Urban,37,"30,000 to 39,000",none,Policy Holder
No,Rural,36,"20,000 to 29,000",2 to 4,Third Party
No,Urban,33,"20,000 to 29,000",more than 4,Policy Holder
No,Urban,25,"20,000 to 29,000",1,Third Party
No,Urban,43,"30,000 to 39,000",2 to 4,Policy Holder
No,Urban,30,"more than 69,000",2 to 4,Third Party
No,Urban,55,"20,000 to 29,000",1,Policy Holder
No,Urban,37,"20,000 to 29,000",2 to 4,Policy Holder
No,Urban,30,"less than 20,000",none,Third Party
No,Urban,54,"more than 69,000",1,Third Party
No,Urban,32,"20,000 to 29,000",1,Policy Holder
No,Rural,47,"20,000 to 29,000",none,Third Party
Yes,Urban,43,"20,000 to 29,000",2 to 4,Policy Holder
No,Urban,48,"20,000 to 29,000",1,Policy Holder
No,Urban,29,"20,000 to 29,000",2 to 4,Policy Holder
No,Urban,31,"30,000 to 39,000",2 to 4,Policy Holder
No,Urban,20,"20,000 to 29,000",1,Third Party
No,Urban,31,"20,000 to 29,000",1,Policy Holder
No,Urban,40,"30,000 to 39,000",2 to 4,Policy Holder
No,Rural,38,"20,000 to 29,000",none,Policy Holder
No,Urban,28,"20,000 to 29,000",2 to 4,Third Party
No,Urban,55,"30,000 to 39,000",more than 4,Policy Holder
No,Urban,50,"40,000 to 59,000",none,Third Party
No,Urban,65,"20,000 to 29,000",2 to 4,Policy Holder
No,Urban,35,"more than 69,000",more than 4,Policy Holder
No,Urban,26,"20,000 to 29,000",more than 4,Third Party
No,Urban,42,"20,000 to 29,000",none,Policy Holder
No,Urban,39,"20,000 to 29,000",2 to 4,Policy Holder
No,Urban,54,"30,000 to 39,000",more than 4,Policy Holder
No,Urban,35,"20,000 to 29,000",2 to 4,Policy Holder
No,Urban,54,"30,000 to 39,000",1,Third Party
No,Urban,32,"more than 69,000",none,Policy Holder
No,Urban,74,"less than 20,000",none,Policy Holder
No,Urban,28,"20,000 to 29,000",none,Policy Holder
No,Urban,35,"20,000 to 29,000",1,Policy Holder
No,Urban,33,"30,000 to 39,000",none,Third Party
No,Urban,41,"20,000 to 29,000",2 to 4,Policy Holder
No,Urban,40,"20,000 to 29,000",2 to 4,Policy Holder
No,Urban,28,"more than 69,000",2 to 4,Policy Holder
No,Rural,56,"30,000 to 39,000",2 to 4,Policy Holder
No,Urban,33,"less than 20,000",2 to 4,Policy Holder
No,Urban,36,"20,000 to 29,000",1,Policy Holder
No,Urban,31,"20,000 to 29,000",1,Policy Holder
No,Urban,20,"20,000 to 29,000",more than 4,Policy Holder
No,Urban,54,"30,000 to 39,000",none,Third Party
No,Urban,31,"20,000 to 29,000",2 to 4,Policy Holder
No,Rural,36,"40,000 to 59,000",2 to 4,Third Party
No,Urban,45,"20,000 to 29,000",2 to 4,Policy Holder
No,Urban,44,"less than 20,000",1,Policy Holder
No,Urban,44,"more than 69,000",none,Policy Holder
No,Urban,79,"20,000 to 29,000",2 to 4,Policy Holder
No,Urban,40,"20,000 to 29,000",2 to 4,Policy Holder
No,Urban,45,"30,000 to 39,000",more than 4,Policy Holder
No,Urban,31,"20,000 to 29,000",1,Third Party
No,Urban,39,"30,000 to 39,000",2 to 4,Policy Holder
No,Urban,72,"20,000 to 29,000",none,Third Party
No,Urban,29,"more than 69,000",2 to 4,Policy Holder
No,Urban,27,"20,000 to 29,000",2 to 4,Policy Holder
No,Urban,48,"less than 20,000",none,Policy Holder
No,Urban,37,"30,000 to 39,000",2 to 4,Policy Holder
No,Urban,0,"more than 69,000",none,Policy Holder
No,Urban,56,"30,000 to 39,000",none,Policy Holder
No,Urban,44,"20,000 to 29,000",none,Policy Holder
No,Urban,40,"30,000 to 39,000",2 to 4,Policy Holder
No,Urban,33,"more than 69,000",2 to 4,Third Party
No,Urban,77,"30,000 to 39,000",none,Third Party
No,Urban,36,"more than 69,000",more than 4,Policy Holder
No,Urban,37,"more than 69,000",more than 4,Policy Holder
No,Urban,43,"40,000 to 59,000",more than 4,Policy Holder
No,Urban,43,"less than 20,000",1,Policy Holder
No,Urban,52,"20,000 to 29,000",more than 4,Policy Holder
No,Urban,26,"more than 69,000",none,Policy Holder
No,Urban,34,"30,000 to 39,000",1,Policy Holder
No,Urban,45,"20,000 to 29,000",2 to 4,Policy Holder
No,Urban,28,"20,000 to 29,000",none,Policy Holder
No,Rural,30,"20,000 to 29,000",2 to 4,Policy Holder
No,Urban,32,"20,000 to 29,000",2 to 4,Policy Holder
Yes,Urban,35,"30,000 to 39,000",2 to 4,Third Party
No,Urban,52,"20,000 to 29,000",1,Policy Holder
No,Urban,29,"20,000 to 29,000",2 to 4,Policy Holder
No,Urban,27,"20,000 to 29,000",2 to 4,Policy Holder
No,Urban,42,"20,000 to 29,000",1,Policy Holder
No,Urban,36,"30,000 to 39,000",2 to 4,Third Party
Yes,Urban,31,"less than 20,000",none,Policy Holder
No,Urban,22,"20,000 to 29,000",1,Third Party
No,Urban,40,"40,000 to 59,000",more than 4,Policy Holder
No,Urban,26,"20,000 to 29,000",1,Policy Holder
No,Urban,47,"40,000 to 59,000",2 to 4,Policy Holder
No,Rural,32,"20,000 to 29,000",2 to 4,Policy Holder
No,Urban,35,"30,000 to 39,000",more than 4,Policy Holder
No,Urban,22,"30,000 to 39,000",2 to 4,Policy Holder
No,Urban,41,"20,000 to 29,000",more than 4,Policy Holder
No,Urban,30,"20,000 to 29,000",none,Policy Holder
No,Urban,35,"20,000 to 29,000",2 to 4,Policy Holder
No,Urban,42,"40,000 to 59,000",2 to 4,Policy Holder
No,Urban,47,"30,000 to 39,000",1,Policy Holder
No,Urban,67,"30,000 to 39,000",1,Third Party
No,Urban,38,"40,000 to 59,000",2 to 4,Policy Holder
No,Urban,44,"30,000 to 39,000",none,Third Party
No,Urban,44,"20,000 to 29,000",none,Third Party
Yes,Urban,42,"more than 69,000",none,Policy Holder
No,Rural,56,"20,000 to 29,000",1,Third Party
No,Urban,60,"30,000 to 39,000",2 to 4,Third Party
No,Urban,52,"20,000 to 29,000",2 to 4,Third Party
No,Urban,30,"20,000 to 29,000",2 to 4,Policy Holder
No,Urban,49,"more than 69,000",none,Policy Holder
No,Urban,58,"less than 20,000",none,Third Party
No,Urban,26,"20,000 to 29,000",none,Policy Holder
No,Urban,35,"20,000 to 29,000",2 to 4,Policy Holder
No,Urban,47,"30,000 to 39,000",more than 4,Policy Holder
No,Urban,29,"less than 20,000",2 to 4,Policy Holder
No,Urban,36,"20,000 to 29,000",more than 4,Policy Holder
No,Urban,50,"30,000 to 39,000",1,Policy Holder
No,Urban,49,"20,000 to 29,000",none,Third Party
No,Urban,42,"less than 20,000",1,Policy Holder
No,Urban,51,"30,000 to 39,000",2 to 4,Policy Holder
No,Urban,39,"less than 20,000",more than 4,Policy Holder
No,Urban,41,"more than 69,000",2 to 4,Policy Holder
No,Urban,30,"20,000 to 29,000",2 to 4,Policy Holder
No,Urban,54,"20,000 to 29,000",2 to 4,Policy Holder
No,Urban,35,"20,000 to 29,000",more than 4,Policy Holder
No,Urban,40,"20,000 to 29,000",none,Third Party
No,Urban,38,"more than 69,000",none,Third Party
No,Urban,26,"20,000 to 29,000",none,Policy Holder
No,Urban,47,"30,000 to 39,000",1,Policy Holder
No,Urban,52,"30,000 to 39,000",none,Policy Holder
No,Urban,44,"60,000 to 69,000",1,Policy Holder
No,Urban,33,"20,000 to 29,000",2 to 4,Policy Holder
No,Urban,30,"20,000 to 29,000",1,Third Party
No,Urban,39,"20,000 to 29,000",more than 4,Policy Holder
No,Rural,35,"30,000 to 39,000",1,Policy Holder
No,Urban,37,"less than 20,000",1,Policy Holder
No,Urban,42,"20,000 to 29,000",none,Policy Holder
No,Urban,27,"20,000 to 29,000",2 to 4,Policy Holder
No,Urban,31,"20,000 to 29,000",none,Policy Holder
No,Urban,29,"20,000 to 29,000",more than 4,Policy Holder
No,Rural,39,"20,000 to 29,000",1,Third Party
No,Urban,29,"20,000 to 29,000",none,Third Party
No,Urban,44,"20,000 to 29,000",2 to 4,Policy Holder
No,Urban,25,"more than 69,000",1,Third Party
No,Urban,43,"20,000 to 29,000",more than 4,Policy Holder
No,Urban,62,"30,000 to 39,000",2 to 4,Policy Holder
No,Urban,34,"less than 20,000",1,Third Party
No,Urban,29,"20,000 to 29,000",2 to 4,Policy Holder
No,Urban,32,"20,000 to 29,000",1,Third Party
No,Urban,54,"30,000 to 39,000",2 to 4,Policy Holder
No,Urban,29,"20,000 to 29,000",2 to 4,Third Party
No,Urban,31,"20,000 to 29,000",none,Policy Holder
No,Urban,49,"20,000 to 29,000",1,Third Party
No,Urban,48,"30,000 to 39,000",more than 4,Policy Holder
No,Urban,27,"20,000 to 29,000",1,Third Party
No,Urban,28,"more than 69,000",2 to 4,Policy Holder
No,Urban,40,"30,000 to 39,000",2 to 4,Policy Holder
No,Rural,31,"20,000 to 29,000",2 to 4,Policy Holder
No,Urban,34,"20,000 to 29,000",1,Policy Holder
No,Urban,57,"30,000 to 39,000",more than 4,Policy Holder
No,Urban,55,"less than 20,000",none,Policy Holder
No,Urban,31,"less than 20,000",2 to 4,Policy Holder
No,Urban,52,"20,000 to 29,000",2 to 4,Policy Holder
No,Urban,38,"more than 69,000",2 to 4,Policy Holder
No,Urban,39,"30,000 to 39,000",2 to 4,Policy Holder
No,Urban,72,"30,000 to 39,000",2 to 4,Policy Holder
No,Urban,38,"30,000 to 39,000",2 to 4,Policy Holder
No,Urban,45,"30,000 to 39,000",2 to 4,Third Party
No,Urban,23,"20,000 to 29,000",1,Third Party
No,Urban,35,"20,000 to 29,000",1,Policy Holder
No,Urban,30,"20,000 to 29,000",2 to 4,Policy Holder
Yes,Urban,40,"30,000 to 39,000",2 to 4,Policy Holder
No,Urban,33,"20,000 to 29,000",2 to 4,Policy Holder
No,Urban,35,"20,000 to 29,000",1,Third Party
No,Rural,29,"30,000 to 39,000",2 to 4,Policy Holder
No,Urban,64,"20,000 to 29,000",2 to 4,Policy Holder
No,Urban,61,"20,000 to 29,000",1,Policy Holder
No,Urban,52,"20,000 to 29,000",1,Policy Holder
No,Urban,53,"20,000 to 29,000",1,Policy Holder
Yes,Urban,55,"20,000 to 29,000",2 to 4,Policy Holder
No,Urban,49,"20,000 to 29,000",none,Third Party
No,Urban,77,"20,000 to 29,000",none,Policy Holder
No,Urban,54,"30,000 to 39,000",1,Policy Holder
No,Urban,57,"20,000 to 29,000",none,Policy Holder
No,Urban,26,"20,000 to 29,000",more than 4,Policy Holder
Yes,Urban,24,"20,000 to 29,000",none,Policy Holder
No,Urban,49,"more than 69,000",1,Policy Holder
No,Urban,45,"30,000 to 39,000",1,Policy Holder
No,Urban,21,"20,000 to 29,000",2 to 4,Third Party
No,Rural,42,"30,000 to 39,000",1,Policy Holder
No,Urban,38,"30,000 to 39,000",1,Third Party
No,Urban,42,"20,000 to 29,000",2 to 4,Third Party
No,Urban,44,"30,000 to 39,000",2 to 4,Policy Holder
No,Urban,48,"more than 69,000",none,Policy Holder
Yes,Urban,46,"40,000 to 59,000",none,Policy Holder
No,Urban,39,"20,000 to 29,000",2 to 4,Policy Holder
No,Urban,43,"30,000 to 39,000",2 to 4,Policy Holder
No,Urban,27,"30,000 to 39,000",more than 4,Third Party
No,Urban,31,"20,000 to 29,000",2 to 4,Policy Holder
No,Urban,25,"less than 20,000",none,Third Party
No,Urban,53,"less than 20,000",none,Policy Holder
No,Urban,35,"30,000 to 39,000",2 to 4,Policy Holder
No,Urban,60,"30,000 to 39,000",more than 4,Policy Holder
No,Urban,45,"30,000 to 39,000",2 to 4,Third Party
No,Urban,43,"20,000 to 29,000",1,Third Party
No,Urban,45,"40,000 to 59,000",2 to 4,Third Party
No,Urban,48,"20,000 to 29,000",1,Policy Holder
No,Urban,37,"30,000 to 39,000",1,Third Party
No,Urban,55,"30,000 to 39,000",2 to 4,Policy Holder
No,Urban,80,"20,000 to 29,000",more than 4,Policy Holder
No,Urban,32,"20,000 to 29,000",1,Policy Holder
No,Urban,56,"20,000 to 29,000",1,Policy Holder
No,Urban,36,"20,000 to 29,000",2 to 4,Policy Holder
No,Urban,42,"30,000 to 39,000",more than 4,Policy Holder
No,Urban,38,"20,000 to 29,000",none,Policy Holder
No,Urban,38,"20,000 to 29,000",2 to 4,Third Party
No,Urban,39,"30,000 to 39,000",2 to 4,Policy Holder
No,Urban,34,"30,000 to 39,000",2 to 4,Third Party
No,Urban,52,"30,000 to 39,000",2 to 4,Policy Holder
No,Urban,40,"more than 69,000",2 to 4,Policy Holder
No,Urban,50,"30,000 to 39,000",none,Third Party
No,Urban,24,"20,000 to 29,000",none,Policy Holder
No,Rural,35,"20,000 to 29,000",none,Policy Holder
No,Urban,27,"20,000 to 29,000",2 to 4,Policy Holder
No,Rural,45,"20,000 to 29,000",2 to 4,Policy Holder
No,Urban,33,"20,000 to 29,000",none,Policy Holder
No,Urban,46,"30,000 to 39,000",none,Policy Holder
No,Rural,34,"20,000 to 29,000",2 to 4,Policy Holder
No,Urban,37,"30,000 to 39,000",2 to 4,Policy Holder
No,Urban,37,"30,000 to 39,000",2 to 4,Policy Holder
No,Urban,51,"more than 69,000",none,Policy Holder
No,Urban,73,"20,000 to 29,000",1,Third Party
No,Urban,21,"20,000 to 29,000",more than 4,Third Party
No,Urban,34,"20,000 to 29,000",more than 4,Policy Holder
No,Urban,58,"20,000 to 29,000",none,Policy Holder
No,Urban,30,"more than 69,000",none,Third Party
No,Urban,65,"20,000 to 29,000",2 to 4,Policy Holder
No,Urban,63,"20,000 to 29,000",2 to 4,Policy Holder
No,Urban,27,"20,000 to 29,000",more than 4,Policy Holder
No,Urban,27,"20,000 to 29,000",1,Policy Holder
No,Urban,30,"20,000 to 29,000",1,Policy Holder
No,Urban,32,"20,000 to 29,000",2 to 4,Policy Holder
No,Urban,31,"less than 20,000",1,Third Party
No,Urban,29,"20,000 to 29,000",1,Policy Holder
No,Rural,29,"30,000 to 39,000",more than 4,Policy Holder
No,Urban,35,"20,000 to 29,000",none,Policy Holder
No,Urban,46,"20,000 to 29,000",2 to 4,Third Party
No,Urban,30,"20,000 to 29,000",1,Policy Holder
No,Urban,44,"less than 20,000",1,Policy Holder
No,Urban,29,"20,000 to 29,000",none,Third Party
No,Urban,38,"20,000 to 29,000",2 to 4,Policy Holder
No,Urban,54,"30,000 to 39,000",none,Third Party
No,Urban,61,"20,000 to 29,000",none,Third Party
No,Urban,52,"20,000 to 29,000",2 to 4,Third Party
No,Urban,47,"20,000 to 29,000",none,Policy Holder
No,Urban,22,"20,000 to 29,000",none,Policy Holder
No,Rural,54,"more than 69,000",2 to 4,Policy Holder
No,Urban,55,"40,000 to 59,000",none,Policy Holder
No,Urban,47,"more than 69,000",2 to 4,Policy Holder
No,Urban,52,"20,000 to 29,000",none,Policy Holder
No,Urban,27,"20,000 to 29,000",2 to 4,Policy Holder
No,Urban,32,"30,000 to 39,000",2 to 4,Policy Holder
No,Rural,36,"30,000 to 39,000",none,Policy Holder
No,Urban,29,"less than 20,000",1,Policy Holder
No,Urban,34,"20,000 to 29,000",1,Policy Holder
No,Urban,41,"20,000 to 29,000",2 to 4,Policy Holder
Yes,Urban,56,"30,000 to 39,000",1,Policy Holder
No,Urban,30,"20,000 to 29,000",none,Policy Holder
No,Urban,48,"30,000 to 39,000",2 to 4,Policy Holder
No,Urban,30,"30,000 to 39,000",1,Policy Holder
No,Urban,57,"less than 20,000",2 to 4,Policy Holder
No,Urban,27,"20,000 to 29,000",2 to 4,Third Party
No,Urban,50,"30,000 to 39,000",1,Policy Holder
No,Urban,44,"20,000 to 29,000",1,Third Party
No,Rural,38,"20,000 to 29,000",1,Third Party
No,Urban,29,"20,000 to 29,000",2 to 4,Policy Holder
No,Urban,40,"20,000 to 29,000",2 to 4,Policy Holder
No,Rural,35,"20,000 to 29,000",none,Policy Holder
No,Urban,33,"30,000 to 39,000",none,Third Party
No,Urban,31,"30,000 to 39,000",more than 4,Policy Holder
No,Urban,33,"20,000 to 29,000",none,Third Party
No,Urban,37,"30,000 to 39,000",more than 4,Policy Holder
No,Urban,30,"less than 20,000",none,Policy Holder
No,Urban,27,"20,000 to 29,000",none,Third Party
No,Rural,39,"30,000 to 39,000",2 to 4,Policy Holder
No,Urban,58,"20,000 to 29,000",2 to 4,Policy Holder
Yes,Urban,29,"30,000 to 39,000",more than 4,Policy Holder
No,Urban,65,"20,000 to 29,000",none,Policy Holder
No,Urban,35,"20,000 to 29,000",2 to 4,Third Party
No,Urban,32,"20,000 to 29,000",2 to 4,Third Party
No,Urban,56,"20,000 to 29,000",2 to 4,Policy Holder
No,Urban,30,"30,000 to 39,000",2 to 4,Policy Holder
No,Urban,23,"20,000 to 29,000",1,Policy Holder
No,Urban,46,"20,000 to 29,000",2 to 4,Third Party
No,Urban,23,"30,000 to 39,000",none,Third Party
No,Urban,30,"20,000 to 29,000",none,Third Party
No,Urban,28,"30,000 to 39,000",none,Policy Holder
No,Urban,37,"20,000 to 29,000",none,Policy Holder
No,Urban,49,"20,000 to 29,000",1,Policy Holder
No,Urban,46,"20,000 to 29,000",more than 4,Policy Holder
No,Urban,34,"30,000 to 39,000",none,Third Party
No,Urban,48,"20,000 to 29,000",2 to 4,Third Party
No,Urban,44,"30,000 to 39,000",2 to 4,Policy Holder
No,Rural,38,"30,000 to 39,000",more than 4,Policy Holder
No,Urban,28,"20,000 to 29,000",more than 4,Third Party
No,Rural,36,"30,000 to 39,000",2 to 4,Policy Holder
No,Urban,50,"20,000 to 29,000",2 to 4,Policy Holder
No,Urban,44,"30,000 to 39,000",2 to 4,Policy Holder
No,Urban,38,"20,000 to 29,000",2 to 4,Policy Holder
No,Urban,54,"20,000 to 29,000",2 to 4,Third Party
No,Urban,62,"20,000 to 29,000",2 to 4,Policy Holder
Yes,Urban,39,"more than 69,000",none,Policy Holder
No,Rural,40,"20,000 to 29,000",1,Third Party
No,Urban,41,"20,000 to 29,000",none,Policy Holder
No,Urban,53,"20,000 to 29,000",more than 4,Third Party
No,Rural,45,"20,000 to 29,000",2 to 4,Policy Holder
No,Urban,30,"30,000 to 39,000",none,Policy Holder
No,Urban,80,"30,000 to 39,000",2 to 4,Policy Holder
No,Urban,29,"more than 69,000",2 to 4,Policy Holder
No,Urban,46,"20,000 to 29,000",2 to 4,Policy Holder
No,Urban,45,"30,000 to 39,000",more than 4,Policy Holder
No,Urban,22,"more than 69,000",2 to 4,Third Party
No,Urban,45,"20,000 to 29,000",2 to 4,Policy Holder
No,Urban,30,"more than 69,000",1,Policy Holder
No,Urban,42,"more than 69,000",none,Third Party
No,Rural,47,"20,000 to 29,000",1,Policy Holder
No,Rural,53,"20,000 to 29,000",1,Policy Holder
No,Rural,55,"20,000 to 29,000",2 to 4,Policy Holder
No,Urban,23,"less than 20,000",none,Policy Holder
No,Urban,78,"40,000 to 59,000",none,Policy Holder
No,Urban,62,"30,000 to 39,000",2 to 4,Policy Holder
No,Urban,28,"20,000 to 29,000",none,Policy Holder
No,Rural,26,"20,000 to 29,000",2 to 4,Policy Holder
No,Urban,35,"20,000 to 29,000",2 to 4,Policy Holder
No,Urban,69,"less than 20,000",1,Policy Holder
No,Urban,36,"20,000 to 29,000",1,Third Party
No,Urban,40,"20,000 to 29,000",2 to 4,Policy Holder
No,Urban,32,"less than 20,000",1,Third Party
No,Urban,57,"20,000 to 29,000",more than 4,Policy Holder
No,Urban,33,"less than 20,000",2 to 4,Third Party
No,Urban,31,"20,000 to 29,000",2 to 4,Third Party
No,Urban,40,"30,000 to 39,000",2 to 4,Policy Holder
No,Urban,34,"30,000 to 39,000",none,Third Party
No,Urban,29,"20,000 to 29,000",more than 4,Third Party
No,Urban,26,"20,000 to 29,000",1,Policy Holder
No,Urban,30,"30,000 to 39,000",2 to 4,Policy Holder
No,Urban,30,"more than 69,000",1,Policy Holder
No,Rural,50,"20,000 to 29,000",1,Policy Holder
No,Urban,40,"30,000 to 39,000",1,Policy Holder
No,Urban,38,"20,000 to 29,000",none,Third Party
No,Rural,30,"20,000 to 29,000",none,Policy Holder
No,Urban,43,"more than 69,000",1,Third Party
No,Urban,28,"20,000 to 29,000",none,Third Party
No,Urban,32,"30,000 to 39,000",1,Policy Holder
No,Urban,34,"20,000 to 29,000",1,Policy Holder
No,Urban,46,"30,000 to 39,000",none,Third Party
No,Urban,35,"more than 69,000",2 to 4,Policy Holder
No,Rural,39,"30,000 to 39,000",2 to 4,Policy Holder
No,Rural,31,"30,000 to 39,000",none,Policy Holder
No,Urban,27,"20,000 to 29,000",1,Policy Holder
No,Urban,43,"20,000 to 29,000",2 to 4,Policy Holder
No,Urban,33,"40,000 to 59,000",more than 4,Policy Holder
No,Urban,51,"more than 69,000",1,Policy Holder
No,Urban,26,"30,000 to 39,000",2 to 4,Policy Holder
No,Urban,52,"more than 69,000",more than 4,Third Party
No,Urban,62,"20,000 to 29,000",2 to 4,Policy Holder
No,Urban,29,"less than 20,000",none,Third Party
No,Urban,30,"more than 69,000",none,Policy Holder
No,Urban,48,"20,000 to 29,000",1,Policy Holder
No,Urban,32,"20,000 to 29,000",2 to 4,Policy Holder
No,Urban,64,"20,000 to 29,000",2 to 4,Policy Holder
No,Urban,35,"20,000 to 29,000",2 to 4,Policy Holder
No,Urban,28,"more than 69,000",2 to 4,Policy Holder
No,Urban,36,"30,000 to 39,000",more than 4,Policy Holder
No,Urban,32,"more than 69,000",more than 4,Policy Holder
Yes,Urban,46,"20,000 to 29,000",more than 4,Policy Holder
No,Urban,46,"30,000 to 39,000",none,Policy Holder
No,Urban,36,"30,000 to 39,000",more than 4,Policy Holder
No,Urban,55,"30,000 to 39,000",more than 4,Policy Holder
No,Rural,26,"20,000 to 29,000",2 to 4,Policy Holder
No,Urban,52,"less than 20,000",none,Policy Holder
No,Rural,0,"more than 69,000",1,Policy Holder
No,Urban,0,"more than 69,000",more than 4,Policy Holder
No,Urban,52,"20,000 to 29,000",2 to 4,Policy Holder
No,Urban,27,"20,000 to 29,000",1,Policy Holder
No,Urban,31,"30,000 to 39,000",none,Policy Holder
No,Urban,40,"30,000 to 39,000",2 to 4,Policy Holder
No,Urban,62,"20,000 to 29,000",2 to 4,Policy Holder
No,Urban,28,"more than 69,000",none,Policy Holder
No,Urban,42,"less than 20,000",2 to 4,Third Party
No,Urban,33,"more than 69,000",1,Third Party
No,Urban,32,"20,000 to 29,000",more than 4,Policy Holder
No,Urban,29,"20,000 to 29,000",2 to 4,Policy Holder
No,Urban,42,"30,000 to 39,000",2 to 4,Policy Holder
No,Urban,55,"20,000 to 29,000",more than 4,Policy Holder
No,Urban,47,"30,000 to 39,000",none,Third Party
No,Urban,63,"20,000 to 29,000",more than 4,Policy Holder
No,Urban,34,"20,000 to 29,000",2 to 4,Policy Holder
No,Urban,42,"20,000 to 29,000",more than 4,Policy Holder
No,Urban,48,"30,000 to 39,000",1,Policy Holder
No,Urban,45,"20,000 to 29,000",2 to 4,Third Party
No,Urban,32,"20,000 to 29,000",1,Third Party
Yes,Urban,35,"less than 20,000",none,Policy Holder
No,Urban,45,"20,000 to 29,000",2 to 4,Third Party
Yes,Urban,44,"20,000 to 29,000",2 to 4,Policy Holder
Yes,Urban,27,"20,000 to 29,000",2 to 4,Policy Holder
No,Urban,38,"20,000 to 29,000",1,Third Party
No,Urban,29,"20,000 to 29,000",1,Policy Holder
No,Urban,52,"30,000 to 39,000",2 to 4,Policy Holder
No,Urban,37,"30,000 to 39,000",2 to 4,Policy Holder
No,Urban,0,"more than 69,000",2 to 4,Policy Holder
No,Urban,39,"40,000 to 59,000",more than 4,Policy Holder
No,Urban,52,"30,000 to 39,000",2 to 4,Policy Holder
Yes,Urban,58,"20,000 to 29,000",1,Policy Holder
No,Urban,37,"20,000 to 29,000",none,Policy Holder
No,Urban,30,"30,000 to 39,000",2 to 4,Policy Holder
No,Urban,33,"20,000 to 29,000",1,Third Party
No,Urban,54,"less than 20,000",1,Third Party
Yes,Urban,39,"20,000 to 29,000",1,Policy Holder
No,Urban,45,"more than 69,000",2 to 4,Policy Holder
No,Urban,27,"20,000 to 29,000",1,Policy Holder
No,Urban,40,"20,000 to 29,000",2 to 4,Policy Holder
Yes,Urban,58,"20,000 to 29,000",2 to 4,Policy Holder
No,Urban,46,"less than 20,000",none,Third Party
No,Rural,0,"more than 69,000",2 to 4,Policy Holder
No,Rural,46,"more than 69,000",1,Third Party
No,Urban,25,"20,000 to 29,000",1,Policy Holder
No,Urban,57,"20,000 to 29,000",none,Third Party
No,Urban,31,"20,000 to 29,000",more than 4,Policy Holder
No,Urban,31,"more than 69,000",more than 4,Policy Holder
No,Urban,31,"20,000 to 29,000",1,Policy Holder
No,Urban,26,"20,000 to 29,000",none,Policy Holder
No,Rural,61,"more than 69,000",1,Policy Holder
No,Urban,63,"30,000 to 39,000",none,Policy Holder
No,Urban,32,"30,000 to 39,000",2 to 4,Policy Holder
No,Urban,60,"20,000 to 29,000",more than 4,Third Party
No,Urban,27,"20,000 to 29,000",2 to 4,Third Party
No,Urban,30,"20,000 to 29,000",2 to 4,Policy Holder
No,Urban,33,"20,000 to 29,000",2 to 4,Policy Holder
No,Urban,62,"30,000 to 39,000",2 to 4,Policy Holder
No,Urban,34,"30,000 to 39,000",1,Third Party
No,Urban,28,"20,000 to 29,000",1,Policy Holder
No,Rural,53,"20,000 to 29,000",1,Policy Holder
Yes,Urban,32,"less than 20,000",none,Policy Holder
No,Urban,28,"20,000 to 29,000",2 to 4,Policy Holder
No,Urban,58,"30,000 to 39,000",more than 4,Policy Holder
No,Urban,44,"30,000 to 39,000",2 to 4,Policy Holder
No,Urban,22,"20,000 to 29,000",2 to 4,Policy Holder
No,Urban,48,"30,000 to 39,000",1,Third Party
No,Rural,33,"20,000 to 29,000",2 to 4,Policy Holder
No,Urban,35,"20,000 to 29,000",1,Third Party
No,Urban,47,"20,000 to 29,000",none,Third Party
No,Urban,35,"30,000 to 39,000",2 to 4,Policy Holder
No,Urban,45,"20,000 to 29,000",1,Third Party
No,Urban,0,"more than 69,000",none,Policy Holder
No,Urban,28,"30,000 to 39,000",2 to 4,Policy Holder
No,Urban,29,"20,000 to 29,000",none,Policy Holder
No,Urban,23,"20,000 to 29,000",2 to 4,Policy Holder
No,Urban,47,"30,000 to 39,000",1,Policy Holder
No,Urban,27,"20,000 to 29,000",none,Policy Holder
No,Urban,58,"20,000 to 29,000",2 to 4,Policy Holder
No,Urban,42,"30,000 to 39,000",2 to 4,Policy Holder
No,Rural,0,"more than 69,000",1,Policy Holder
No,Urban,22,"20,000 to 29,000",1,Policy Holder
No,Urban,36,"20,000 to 29,000",1,Policy Holder
No,Urban,35,"20,000 to 29,000",more than 4,Policy Holder
No,Urban,55,"20,000 to 29,000",1,Policy Holder
No,Urban,41,"20,000 to 29,000",2 to 4,Third Party
No,Urban,43,"30,000 to 39,000",2 to 4,Policy Holder
No,Urban,53,"20,000 to 29,000",2 to 4,Third Party
No,Rural,53,"20,000 to 29,000",2 to 4,Third Party
No,Urban,55,"more than 69,000",more than 4,Policy Holder
No,Urban,43,"30,000 to 39,000",more than 4,Policy Holder
No,Urban,50,"20,000 to 29,000",2 to 4,Policy Holder
No,Urban,32,"20,000 to 29,000",1,Third Party
No,Urban,29,"20,000 to 29,000",2 to 4,Policy Holder
Yes,Urban,43,"40,000 to 59,000",none,Policy Holder
No,Urban,33,"more than 69,000",none,Third Party
No,Urban,45,"more than 69,000",none,Third Party
No,Urban,54,"more than 69,000",none,Third Party
No,Urban,26,"more than 69,000",2 to 4,Policy Holder
No,Urban,38,"20,000 to 29,000",none,Policy Holder
No,Urban,53,"more than 69,000",2 to 4,Policy Holder
No,Urban,0,"more than 69,000",2 to 4,Policy Holder
No,Urban,36,"30,000 to 39,000",1,Policy Holder
Yes,Urban,28,"30,000 to 39,000",more than 4,Policy Holder
No,Urban,61,"40,000 to 59,000",2 to 4,Third Party
No,Urban,26,"30,000 to 39,000",2 to 4,Policy Holder
No,Urban,35,"20,000 to 29,000",2 to 4,Policy Holder
No,Urban,49,"30,000 to 39,000",2 to 4,Policy Holder
No,Urban,37,"20,000 to 29,000",none,Third Party
No,Rural,37,"30,000 to 39,000",more than 4,Policy Holder
No,Urban,31,"20,000 to 29,000",more than 4,Policy Holder
No,Urban,72,"20,000 to 29,000",none,Policy Holder
No,Urban,34,"20,000 to 29,000",2 to 4,Policy Holder
No,Urban,34,"more than 69,000",more than 4,Policy Holder
No,Rural,0,"more than 69,000",none,Policy Holder
No,Urban,49,"20,000 to 29,000",2 to 4,Policy Holder
No,Urban,28,"more than 69,000",2 to 4,Policy Holder
No,Urban,32,"30,000 to 39,000",2 to 4,Policy Holder
No,Urban,46,"40,000 to 59,000",1,Third Party
Yes,Rural,44,"30,000 to 39,000",1,Policy Holder
No,Urban,32,"20,000 to 29,000",none,Policy Holder
No,Urban,74,"20,000 to 29,000",2 to 4,Third Party
No,Urban,47,"30,000 to 39,000",none,Policy Holder
No,Urban,26,"20,000 to 29,000",1,Third Party
No,Urban,36,"20,000 to 29,000",1,Third Party
Yes,Urban,37,"30,000 to 39,000",none,Policy Holder
No,Urban,44,"30,000 to 39,000",2 to 4,Policy Holder
No,Urban,34,"20,000 to 29,000",2 to 4,Third Party
No,Urban,35,"20,000 to 29,000",2 to 4,Third Party
No,Urban,45,"20,000 to 29,000",2 to 4,Third Party
No,Urban,37,"20,000 to 29,000",none,Third Party
No,Urban,27,"30,000 to 39,000",2 to 4,Policy Holder
Yes,Urban,27,"20,000 to 29,000",none,Policy Holder
No,Urban,33,"20,000 to 29,000",2 to 4,Policy Holder
No,Urban,30,"40,000 to 59,000",more than 4,Policy Holder
No,Urban,65,"20,000 to 29,000",2 to 4,Policy Holder
No,Urban,32,"20,000 to 29,000",2 to 4,Third Party
No,Rural,41,"30,000 to 39,000",none,Policy Holder
No,Urban,27,"20,000 to 29,000",none,Policy Holder
No,Urban,26,"20,000 to 29,000",2 to 4,Policy Holder
No,Urban,57,"20,000 to 29,000",1,Third Party
No,Urban,39,"20,000 to 29,000",2 to 4,Policy Holder
No,Urban,0,"more than 69,000",2 to 4,Policy Holder
No,Urban,43,"30,000 to 39,000",2 to 4,Policy Holder
No,Urban,45,"more than 69,000",more than 4,Policy Holder
No,Urban,27,"20,000 to 29,000",2 to 4,Policy Holder
Yes,Urban,31,"20,000 to 29,000",1,Policy Holder
No,Urban,30,"30,000 to 39,000",more than 4,Policy Holder
No,Urban,56,"20,000 to 29,000",1,Policy Holder
No,Urban,51,"20,000 to 29,000",more than 4,Policy Holder
No,Urban,47,"30,000 to 39,000",none,Third Party
No,Urban,30,"30,000 to 39,000",2 to 4,Policy Holder
No,Urban,0,"more than 69,000",more than 4,Policy Holder
No,Urban,0,"more than 69,000",none,Policy Holder
No,Urban,35,"30,000 to 39,000",more than 4,Third Party
No,Urban,50,"20,000 to 29,000",2 to 4,Policy Holder
No,Urban,60,"20,000 to 29,000",none,Third Party
No,Urban,53,"30,000 to 39,000",more than 4,Policy Holder
Yes,Urban,30,"20,000 to 29,000",none,Policy Holder
No,Urban,26,"30,000 to 39,000",more than 4,Policy Holder
No,Urban,25,"20,000 to 29,000",2 to 4,Third Party
No,Urban,35,"20,000 to 29,000",1,Third Party
No,Urban,33,"20,000 to 29,000",2 to 4,Policy Holder
No,Urban,63,"20,000 to 29,000",none,Policy Holder
No,Urban,49,"30,000 to 39,000",none,Third Party
No,Urban,28,"more than 69,000",2 to 4,Policy Holder
Yes,Urban,41,"less than 20,000",1,Policy Holder
No,Urban,64,"30,000 to 39,000",1,Third Party
No,Urban,26,"more than 69,000",2 to 4,Policy Holder
No,Urban,47,"30,000 to 39,000",1,Third Party
No,Urban,54,"20,000 to 29,000",2 to 4,Policy Holder
No,Rural,35,"20,000 to 29,000",2 to 4,Policy Holder
No,Urban,42,"30,000 to 39,000",more than 4,Policy Holder
Yes,Urban,36,"more than 69,000",2 to 4,Policy Holder
No,Urban,53,"more than 69,000",1,Policy Holder
No,Urban,28,"more than 69,000",1,Third Party
No,Urban,28,"20,000 to 29,000",2 to 4,Policy Holder
No,Urban,26,"20,000 to 29,000",2 to 4,Third Party
No,Rural,55,"20,000 to 29,000",2 to 4,Third Party
No,Urban,67,"less than 20,000",none,Policy Holder
No,Urban,31,"less than 20,000",none,Third Party
No,Urban,33,"30,000 to 39,000",more than 4,Policy Holder
No,Urban,48,"20,000 to 29,000",none,Policy Holder
No,Urban,58,"20,000 to 29,000",none,Policy Holder
No,Urban,27,"30,000 to 39,000",more than 4,Policy Holder
No,Urban,63,"20,000 to 29,000",none,Policy Holder
No,Urban,29,"20,000 to 29,000",2 to 4,Policy Holder
No,Rural,68,"less than 20,000",2 to 4,Policy Holder
No,Urban,30,"20,000 to 29,000",none,Policy Holder
No,Urban,58,"20,000 to 29,000",1,Third Party
No,Urban,51,"30,000 to 39,000",none,Policy Holder
No,Urban,42,"20,000 to 29,000",2 to 4,Third Party
No,Urban,30,"30,000 to 39,000",1,Policy Holder
No,Urban,55,"20,000 to 29,000",2 to 4,Third Party
No,Urban,39,"20,000 to 29,000",1,Policy Holder
No,Urban,22,"20,000 to 29,000",none,Third Party
No,Urban,32,"20,000 to 29,000",1,Policy Holder
No,Urban,43,"more than 69,000",2 to 4,Policy Holder
No,Urban,36,"30,000 to 39,000",2 to 4,Policy Holder
No,Urban,57,"20,000 to 29,000",2 to 4,Third Party
No,Urban,38,"30,000 to 39,000",more than 4,Third Party
No,Urban,35,"30,000 to 39,000",1,Third Party
No,Urban,40,"20,000 to 29,000",1,Policy Holder
No,Urban,28,"20,000 to 29,000",2 to 4,Policy Holder
No,Urban,72,"20,000 to 29,000",2 to 4,Third Party
No,Urban,43,"20,000 to 29,000",1,Third Party
Yes,Urban,32,"30,000 to 39,000",none,Policy Holder
No,Urban,80,"less than 20,000",2 to 4,Policy Holder
No,Urban,53,"30,000 to 39,000",2 to 4,Policy Holder
No,Urban,53,"less than 20,000",more than 4,Policy Holder
No,Urban,27,"20,000 to 29,000",1,Policy Holder
No,Urban,40,"20,000 to 29,000",none,Policy Holder
No,Urban,35,"20,000 to 29,000",more than 4,Policy Holder
No,Rural,29,"20,000 to 29,000",none,Policy Holder
No,Urban,32,"20,000 to 29,000",none,Third Party
No,Urban,26,"30,000 to 39,000",2 to 4,Policy Holder
No,Urban,29,"30,000 to 39,000",2 to 4,Third Party
No,Rural,31,"20,000 to 29,000",1,Policy Holder
No,Urban,37,"20,000 to 29,000",none,Policy Holder
Yes,Urban,26,"20,000 to 29,000",2 to 4,Policy Holder
No,Rural,38,"20,000 to 29,000",none,Policy Holder
No,Urban,25,"20,000 to 29,000",1,Policy Holder
No,Urban,63,"30,000 to 39,000",2 to 4,Policy Holder
No,Urban,63,"more than 69,000",2 to 4,Policy Holder
No,Urban,43,"20,000 to 29,000",1,Policy Holder
No,Urban,26,"30,000 to 39,000",1,Third Party
No,Urban,63,"20,000 to 29,000",1,Third Party
No,Urban,35,"20,000 to 29,000",2 to 4,Policy Holder
No,Urban,45,"20,000 to 29,000",2 to 4,Policy Holder
No,Urban,51,"20,000 to 29,000",2 to 4,Third Party
No,Rural,32,"20,000 to 29,000",2 to 4,Policy Holder
No,Urban,45,"20,000 to 29,000",2 to 4,Third Party
No,Urban,40,"20,000 to 29,000",none,Third Party
No,Rural,51,"20,000 to 29,000",2 to 4,Policy Holder
No,Urban,36,"20,000 to 29,000",2 to 4,Policy Holder
No,Urban,31,"30,000 to 39,000",2 to 4,Policy Holder
No,Urban,29,"20,000 to 29,000",1,Third Party
No,Urban,31,"30,000 to 39,000",2 to 4,Policy Holder
No,Urban,26,"20,000 to 29,000",2 to 4,Policy Holder
No,Urban,40,"40,000 to 59,000",2 to 4,Policy Holder
No,Urban,38,"more than 69,000",2 to 4,Policy Holder
Yes,Urban,39,"20,000 to 29,000",1,Policy Holder
No,Urban,48,"20,000 to 29,000",none,Third Party
No,Urban,36,"20,000 to 29,000",more than 4,Policy Holder
No,Urban,45,"30,000 to 39,000",1,Third Party
No,Urban,33,"20,000 to 29,000",2 to 4,Third Party
No,Urban,47,"more than 69,000",1,Policy Holder
No,Urban,32,"20,000 to 29,000",1,Third Party
No,Urban,45,"60,000 to 69,000",none,Policy Holder
No,Urban,38,"20,000 to 29,000",1,Third Party
No,Urban,29,"30,000 to 39,000",2 to 4,Policy Holder
No,Rural,23,"more than 69,000",2 to 4,Third Party
No,Urban,30,"20,000 to 29,000",2 to 4,Policy Holder
No,Urban,52,"20,000 to 29,000",none,Policy Holder
No,Urban,63,"20,000 to 29,000",none,Policy Holder
No,Urban,75,"20,000 to 29,000",1,Policy Holder
No,Urban,29,"20,000 to 29,000",none,Policy Holder
No,Urban,60,"20,000 to 29,000",1,Policy Holder
No,Urban,39,"30,000 to 39,000",2 to 4,Policy Holder
No,Urban,55,"30,000 to 39,000",none,Policy Holder
No,Urban,43,"30,000 to 39,000",1,Policy Holder
No,Urban,33,"20,000 to 29,000",2 to 4,Policy Holder
No,Urban,59,"30,000 to 39,000",2 to 4,Third Party
No,Rural,49,"more than 69,000",1,Policy Holder
No,Urban,33,"20,000 to 29,000",2 to 4,Policy Holder
No,Urban,38,"20,000 to 29,000",none,Policy Holder
No,Urban,37,"more than 69,000",more than 4,Policy Holder
No,Urban,38,"20,000 to 29,000",2 to 4,Policy Holder
No,Urban,34,"30,000 to 39,000",more than 4,Policy Holder
No,Urban,26,"20,000 to 29,000",1,Third Party
No,Urban,46,"20,000 to 29,000",none,Third Party
No,Urban,38,"more than 69,000",2 to 4,Third Party
No,Urban,31,"30,000 to 39,000",1,Policy Holder
No,Urban,47,"more than 69,000",2 to 4,Third Party
Yes,Urban,44,"30,000 to 39,000",none,Policy Holder
No,Urban,26,"30,000 to 39,000",none,Third Party
No,Urban,73,"20,000 to 29,000",none,Policy Holder
No,Urban,34,"20,000 to 29,000",2 to 4,Policy Holder
Yes,Rural,24,"20,000 to 29,000",more than 4,Policy Holder
No,Urban,40,"30,000 to 39,000",none,Policy Holder
No,Rural,43,"20,000 to 29,000",2 to 4,Policy Holder
No,Urban,28,"20,000 to 29,000",none,Policy Holder
Yes,Urban,39,"more than 69,000",2 to 4,Policy Holder
No,Rural,32,"30,000 to 39,000",2 to 4,Policy Holder
No,Urban,50,"30,000 to 39,000",more than 4,Policy Holder
No,Urban,48,"20,000 to 29,000",2 to 4,Policy Holder
No,Urban,42,"20,000 to 29,000",2 to 4,Policy Holder
No,Urban,26,"30,000 to 39,000",more than 4,Policy Holder
No,Urban,33,"30,000 to 39,000",none,Third Party
No,Urban,50,"30,000 to 39,000",2 to 4,Policy Holder
No,Urban,42,"30,000 to 39,000",none,Policy Holder
No,Urban,44,"40,000 to 59,000",2 to 4,Policy Holder
No,Urban,22,"30,000 to 39,000",2 to 4,Third Party
No,Urban,63,"less than 20,000",1,Policy Holder
Yes,Urban,65,"less than 20,000",none,Policy Holder
No,Urban,33,"30,000 to 39,000",1,Third Party
Yes,Urban,18,"less than 20,000",1,Policy Holder
No,Urban,47,"30,000 to 39,000",none,Policy Holder
No,Urban,52,"20,000 to 29,000",2 to 4,Policy Holder
No,Urban,24,"more than 69,000",1,Policy Holder
No,Rural,0,"more than 69,000",1,Policy Holder
No,Rural,0,"more than 69,000",none,Policy Holder
No,Urban,43,"30,000 to 39,000",none,Third Party
No,Urban,28,"20,000 to 29,000",more than 4,Policy Holder
Yes,Urban,42,"20,000 to 29,000",2 to 4,Policy Holder
No,Urban,31,"30,000 to 39,000",none,Third Party
No,Urban,28,"20,000 to 29,000",none,Policy Holder
No,Urban,29,"less than 20,000",1,Policy Holder
No,Urban,39,"20,000 to 29,000",none,Policy Holder
No,Urban,47,"30,000 to 39,000",none,Third Party
Yes,Urban,32,"30,000 to 39,000",1,Policy Holder
No,Rural,21,"more than 69,000",none,Policy Holder
No,Urban,35,"20,000 to 29,000",1,Third Party
No,Urban,52,"20,000 to 29,000",1,Third Party
No,Urban,31,"20,000 to 29,000",1,Policy Holder
No,Urban,40,"30,000 to 39,000",2 to 4,Third Party
No,Urban,76,"more than 69,000",2 to 4,Policy Holder
No,Urban,44,"less than 20,000",none,Policy Holder
No,Rural,41,"30,000 to 39,000",2 to 4,Policy Holder
No,Urban,28,"more than 69,000",2 to 4,Policy Holder
No,Rural,65,"20,000 to 29,000",2 to 4,Policy Holder
No,Urban,53,"20,000 to 29,000",2 to 4,Policy Holder
No,Urban,46,"30,000 to 39,000",none,Third Party
No,Urban,63,"less than 20,000",more than 4,Policy Holder
No,Urban,29,"30,000 to 39,000",none,Third Party
No,Urban,34,"20,000 to 29,000",2 to 4,Policy Holder
No,Urban,52,"20,000 to 29,000",more than 4,Policy Holder
No,Urban,65,"20,000 to 29,000",2 to 4,Policy Holder
No,Urban,39,"20,000 to 29,000",none,Third Party
No,Urban,74,"less than 20,000",1,Third Party
No,Urban,60,"20,000 to 29,000",more than 4,Policy Holder
No,Urban,45,"more than 69,000",2 to 4,Policy Holder
No,Urban,55,"20,000 to 29,000",more than 4,Policy Holder
No,Urban,38,"20,000 to 29,000",1,Third Party
No,Urban,29,"30,000 to 39,000",none,Policy Holder
Yes,Rural,60,"20,000 to 29,000",more than 4,Policy Holder
No,Urban,54,"20,000 to 29,000",none,Third Party
No,Urban,31,"more than 69,000",2 to 4,Policy Holder
No,Urban,34,"20,000 to 29,000",2 to 4,Third Party
No,Urban,26,"30,000 to 39,000",more than 4,Third Party
No,Urban,34,"20,000 to 29,000",more than 4,Policy Holder
No,Urban,36,"20,000 to 29,000",more than 4,Policy Holder
No,Urban,26,"30,000 to 39,000",more than 4,Policy Holder
No,Rural,36,"less than 20,000",none,Third Party
No,Urban,80,"20,000 to 29,000",none,Policy Holder
No,Urban,22,"more than 69,000",1,Third Party
No,Urban,58,"40,000 to 59,000",2 to 4,Policy Holder
No,Urban,48,"30,000 to 39,000",more than 4,Policy Holder
No,Urban,50,"20,000 to 29,000",2 to 4,Policy Holder
No,Urban,40,"20,000 to 29,000",1,Policy Holder
No,Urban,41,"30,000 to 39,000",2 to 4,Third Party
No,Urban,46,"30,000 to 39,000",none,Third Party
No,Urban,33,"20,000 to 29,000",more than 4,Third Party
Yes,Urban,39,"less than 20,000",1,Policy Holder
No,Urban,34,"30,000 to 39,000",more than 4,Policy Holder
No,Urban,24,"30,000 to 39,000",1,Policy Holder
No,Urban,44,"20,000 to 29,000",1,Policy Holder
No,Urban,38,"30,000 to 39,000",none,Policy Holder
Yes,Urban,27,"20,000 to 29,000",1,Policy Holder
No,Urban,44,"more than 69,000",2 to 4,Policy Holder
No,Urban,59,"20,000 to 29,000",2 to 4,Third Party
No,Urban,28,"20,000 to 29,000",2 to 4,Policy Holder
No,Urban,27,"40,000 to 59,000",more than 4,Policy Holder
No,Urban,24,"20,000 to 29,000",none,Policy Holder
No,Urban,38,"more than 69,000",none,Policy Holder
No,Urban,42,"more than 69,000",2 to 4,Policy Holder
Yes,Urban,36,"less than 20,000",1,Policy Holder
No,Rural,61,"20,000 to 29,000",2 to 4,Policy Holder
No,Rural,53,"30,000 to 39,000",1,Policy Holder
No,Urban,57,"more than 69,000",more than 4,Policy Holder
Yes,Urban,32,"20,000 to 29,000",none,Policy Holder
No,Urban,36,"30,000 to 39,000",more than 4,Policy Holder
No,Urban,58,"30,000 to 39,000",more than 4,Policy Holder
No,Urban,0,"more than 69,000",none,Policy Holder
No,Urban,59,"20,000 to 29,000",1,Policy Holder
No,Rural,26,"less than 20,000",1,Policy Holder
No,Urban,31,"20,000 to 29,000",1,Policy Holder
No,Urban,57,"more than 69,000",2 to 4,Policy Holder
No,Urban,63,"30,000 to 39,000",2 to 4,Third Party
No,Urban,31,"30,000 to 39,000",2 to 4,Policy Holder
No,Urban,70,"20,000 to 29,000",2 to 4,Third Party
No,Urban,30,"20,000 to 29,000",none,Third Party
No,Urban,27,"less than 20,000",2 to 4,Policy Holder
No,Urban,21,"20,000 to 29,000",2 to 4,Policy Holder
No,Urban,30,"40,000 to 59,000",none,Policy Holder
No,Urban,26,"20,000 to 29,000",more than 4,Third Party
No,Urban,36,"20,000 to 29,000",2 to 4,Third Party
No,Urban,37,"more than 69,000",2 to 4,Policy Holder
No,Urban,34,"less than 20,000",none,Policy Holder
No,Urban,39,"more than 69,000",2 to 4,Policy Holder
No,Urban,27,"30,000 to 39,000",1,Third Party
No,Rural,31,"30,000 to 39,000",more than 4,Policy Holder
No,Urban,33,"20,000 to 29,000",none,Third Party
No,Urban,33,"20,000 to 29,000",none,Third Party
No,Urban,47,"20,000 to 29,000",none,Third Party
No,Urban,31,"30,000 to 39,000",2 to 4,Policy Holder
No,Urban,52,"40,000 to 59,000",none,Policy Holder
No,Rural,33,"20,000 to 29,000",1,Third Party
No,Urban,42,"20,000 to 29,000",none,Third Party
No,Rural,23,"20,000 to 29,000",2 to 4,Policy Holder
Yes,Urban,27,"20,000 to 29,000",none,Policy Holder
No,Urban,38,"20,000 to 29,000",2 to 4,Policy Holder
No,Urban,42,"20,000 to 29,000",none,Third Party
No,Urban,63,"20,000 to 29,000",2 to 4,Policy Holder
No,Urban,31,"more than 69,000",more than 4,Policy Holder
No,Urban,40,"less than 20,000",none,Policy Holder
No,Urban,48,"less than 20,000",none,Policy Holder
No,Urban,63,"20,000 to 29,000",2 to 4,Policy Holder
No,Urban,42,"20,000 to 29,000",2 to 4,Policy Holder
No,Urban,48,"20,000 to 29,000",none,Third Party
No,Urban,28,"20,000 to 29,000",none,Policy Holder
No,Urban,44,"less than 20,000",none,Third Party
No,Urban,27,"20,000 to 29,000",1,Policy Holder
No,Urban,48,"20,000 to 29,000",2 to 4,Policy Holder
Yes,Urban,44,"20,000 to 29,000",2 to 4,Policy Holder
No,Urban,41,"20,000 to 29,000",none,Policy Holder
No,Urban,61,"30,000 to 39,000",more than 4,Policy Holder
No,Urban,61,"20,000 to 29,000",2 to 4,Third Party
No,Rural,43,"less than 20,000",none,Policy Holder
No,Urban,22,"30,000 to 39,000",more than 4,Policy Holder
No,Urban,54,"20,000 to 29,000",2 to 4,Policy Holder
No,Urban,47,"20,000 to 29,000",2 to 4,Policy Holder
No,Urban,42,"30,000 to 39,000",1,Policy Holder
No,Urban,46,"20,000 to 29,000",more than 4,Policy Holder
No,Urban,55,"20,000 to 29,000",2 to 4,Policy Holder
No,Rural,32,"20,000 to 29,000",2 to 4,Policy Holder
No,Urban,50,"20,000 to 29,000",2 to 4,Policy Holder
No,Urban,36,"more than 69,000",more than 4,Policy Holder
No,Rural,31,"20,000 to 29,000",none,Policy Holder
No,Urban,33,"more than 69,000",more than 4,Policy Holder
No,Urban,30,"20,000 to 29,000",1,Policy Holder
No,Urban,52,"less than 20,000",1,Third Party
No,Urban,36,"20,000 to 29,000",none,Third Party
No,Rural,30,"20,000 to 29,000",2 to 4,Policy Holder
No,Urban,50,"20,000 to 29,000",none,Third Party
No,Rural,27,"more than 69,000",1,Policy Holder
No,Urban,46,"20,000 to 29,000",none,Policy Holder
No,Urban,46,"20,000 to 29,000",2 to 4,Third Party
No,Urban,55,"20,000 to 29,000",none,Policy Holder
No,Urban,28,"more than 69,000",2 to 4,Policy Holder
No,Rural,44,"20,000 to 29,000",2 to 4,Third Party
No,Urban,35,"20,000 to 29,000",1,Policy Holder
No,Rural,37,"20,000 to 29,000",none,Policy Holder
No,Urban,65,"20,000 to 29,000",1,Policy Holder
No,Urban,36,"20,000 to 29,000",more than 4,Third Party
No,Urban,38,"20,000 to 29,000",1,Third Party
No,Urban,39,"20,000 to 29,000",none,Third Party
No,Urban,33,"more than 69,000",none,Policy Holder
No,Urban,29,"30,000 to 39,000",1,Policy Holder
No,Urban,55,"30,000 to 39,000",none,Policy Holder
No,Urban,46,"20,000 to 29,000",2 to 4,Policy Holder
No,Urban,54,"more than 69,000",more than 4,Policy Holder
No,Urban,34,"20,000 to 29,000",1,Policy Holder
No,Urban,34,"30,000 to 39,000",none,Policy Holder
No,Urban,24,"20,000 to 29,000",none,Third Party
No,Urban,48,"40,000 to 59,000",more than 4,Policy Holder
No,Urban,27,"less than 20,000",2 to 4,Third Party
No,Rural,56,"more than 69,000",none,Third Party
No,Urban,38,"20,000 to 29,000",1,Policy Holder
No,Urban,41,"40,000 to 59,000",2 to 4,Policy Holder
No,Urban,33,"more than 69,000",none,Policy Holder
No,Urban,39,"20,000 to 29,000",none,Policy Holder
No,Urban,36,"20,000 to 29,000",1,Third Party
No,Urban,30,"20,000 to 29,000",none,Third Party
No,Urban,56,"30,000 to 39,000",2 to 4,Policy Holder
No,Urban,52,"20,000 to 29,000",none,Policy Holder
No,Urban,46,"20,000 to 29,000",2 to 4,Policy Holder
No,Urban,52,"40,000 to 59,000",2 to 4,Policy Holder
No,Urban,32,"20,000 to 29,000",2 to 4,Policy Holder
No,Urban,31,"20,000 to 29,000",none,Policy Holder
No,Urban,44,"20,000 to 29,000",none,Policy Holder
No,Urban,43,"20,000 to 29,000",none,Policy Holder
No,Rural,51,"40,000 to 59,000",1,Third Party
No,Urban,29,"20,000 to 29,000",2 to 4,Policy Holder
No,Urban,30,"30,000 to 39,000",2 to 4,Policy Holder
No,Urban,32,"20,000 to 29,000",2 to 4,Policy Holder
No,Urban,30,"30,000 to 39,000",1,Policy Holder
No,Urban,21,"20,000 to 29,000",none,Third Party
No,Urban,35,"30,000 to 39,000",2 to 4,Policy Holder
No,Urban,44,"20,000 to 29,000",2 to 4,Policy Holder
No,Urban,36,"30,000 to 39,000",more than 4,Policy Holder
No,Urban,53,"less than 20,000",1,Policy Holder
No,Urban,51,"20,000 to 29,000",1,Policy Holder
No,Urban,37,"30,000 to 39,000",2 to 4,Third Party
No,Urban,48,"20,000 to 29,000",more than 4,Policy Holder
No,Urban,35,"30,000 to 39,000",2 to 4,Policy Holder
No,Urban,35,"20,000 to 29,000",1,Policy Holder
No,Rural,39,"30,000 to 39,000",2 to 4,Third Party
Yes,Urban,46,"40,000 to 59,000",2 to 4,Policy Holder
No,Urban,42,"20,000 to 29,000",1,Third Party
No,Urban,31,"30,000 to 39,000",2 to 4,Policy Holder
No,Urban,32,"20,000 to 29,000",2 to 4,Third Party
No,Urban,50,"20,000 to 29,000",none,Policy Holder
No,Urban,42,"less than 20,000",none,Third Party
No,Urban,34,"30,000 to 39,000",more than 4,Policy Holder
No,Urban,53,"30,000 to 39,000",none,Third Party
No,Urban,30,"20,000 to 29,000",2 to 4,Policy Holder
No,Urban,28,"30,000 to 39,000",1,Third Party
No,Urban,32,"more than 69,000",2 to 4,Third Party
No,Rural,53,"20,000 to 29,000",1,Policy Holder
No,Urban,32,"20,000 to 29,000",none,Third Party
No,Urban,42,"30,000 to 39,000",2 to 4,Third Party
No,Urban,74,"more than 69,000",2 to 4,Policy Holder
No,Urban,42,"20,000 to 29,000",more than 4,Third Party
No,Urban,51,"30,000 to 39,000",more than 4,Policy Holder
No,Urban,32,"less than 20,000",2 to 4,Policy Holder
No,Urban,52,"20,000 to 29,000",1,Third Party
No,Rural,32,"20,000 to 29,000",2 to 4,Policy Holder
No,Urban,37,"30,000 to 39,000",2 to 4,Policy Holder
Yes,Urban,48,"20,000 to 29,000",2 to 4,Policy Holder
No,Urban,30,"20,000 to 29,000",2 to 4,Third Party
No,Urban,51,"60,000 to 69,000",1,Third Party
No,Urban,27,"20,000 to 29,000",2 to 4,Third Party
Yes,Urban,38,"30,000 to 39,000",2 to 4,Policy Holder
No,Urban,23,"20,000 to 29,000",none,Third Party
No,Urban,68,"20,000 to 29,000",2 to 4,Third Party
No,Urban,32,"20,000 to 29,000",more than 4,Policy Holder
No,Urban,31,"30,000 to 39,000",2 to 4,Policy Holder
No,Rural,58,"more than 69,000",1,Third Party
No,Urban,49,"20,000 to 29,000",none,Third Party
No,Urban,53,"20,000 to 29,000",more than 4,Policy Holder
No,Urban,32,"less than 20,000",none,Policy Holder
No,Urban,45,"30,000 to 39,000",none,Policy Holder
No,Urban,60,"20,000 to 29,000",more than 4,Policy Holder
No,Urban,42,"less than 20,000",1,Policy Holder
No,Urban,35,"20,000 to 29,000",none,Third Party
No,Urban,26,"20,000 to 29,000",2 to 4,Policy Holder
No,Urban,58,"20,000 to 29,000",none,Policy Holder
No,Urban,27,"30,000 to 39,000",2 to 4,Third Party
No,Urban,36,"30,000 to 39,000",none,Policy Holder
No,Urban,53,"more than 69,000",2 to 4,Policy Holder
No,Urban,62,"20,000 to 29,000",2 to 4,Third Party
No,Urban,34,"20,000 to 29,000",2 to 4,Third Party
No,Urban,27,"20,000 to 29,000",2 to 4,Third Party
No,Urban,33,"30,000 to 39,000",more than 4,Policy Holder
No,Urban,44,"40,000 to 59,000",2 to 4,Policy Holder
No,Urban,27,"20,000 to 29,000",more than 4,Policy Holder
Yes,Urban,37,"20,000 to 29,000",2 to 4,Policy Holder
No,Rural,33,"20,000 to 29,000",2 to 4,Policy Holder
No,Urban,33,"30,000 to 39,000",2 to 4,Third Party
No,Urban,43,"30,000 to 39,000",1,Third Party
No,Urban,38,"20,000 to 29,000",none,Third Party
No,Urban,37,"30,000 to 39,000",none,Policy Holder
No,Urban,56,"more than 69,000",more than 4,Policy Holder
No,Rural,42,"20,000 to 29,000",none,Policy Holder
No,Rural,71,"20,000 to 29,000",none,Policy Holder
No,Urban,33,"20,000 to 29,000",1,Third Party
No,Urban,26,"20,000 to 29,000",none,Policy Holder
Yes,Urban,77,"20,000 to 29,000",2 to 4,Policy Holder
No,Rural,59,"more than 69,000",1,Third Party
No,Urban,29,"less than 20,000",2 to 4,Policy Holder
No,Urban,50,"20,000 to 29,000",more than 4,Policy Holder
No,Urban,43,"20,000 to 29,000",1,Third Party
No,Urban,31,"30,000 to 39,000",more than 4,Policy Holder
Yes,Urban,39,"30,000 to 39,000",more than 4,Policy Holder
No,Urban,25,"20,000 to 29,000",2 to 4,Policy Holder
No,Urban,31,"more than 69,000",2 to 4,Third Party
No,Urban,46,"30,000 to 39,000",none,Policy Holder
No,Urban,62,"more than 69,000",none,Third Party
No,Urban,0,"more than 69,000",none,Policy Holder
No,Urban,0,"more than 69,000",1,Policy Holder
No,Urban,30,"30,000 to 39,000",2 to 4,Third Party
No,Urban,0,"more than 69,000",2 to 4,Policy Holder
No,Urban,29,"less than 20,000",1,Third Party
No,Rural,41,"20,000 to 29,000",2 to 4,Policy Holder
No,Urban,27,"20,000 to 29,000",1,Policy Holder
No,Rural,51,"20,000 to 29,000",2 to 4,Policy Holder
No,Urban,76,"20,000 to 29,000",none,Policy Holder
No,Urban,42,"less than 20,000",none,Third Party
No,Urban,39,"more than 69,000",1,Third Party
No,Urban,31,"20,000 to 29,000",none,Policy Holder
No,Urban,71,"30,000 to 39,000",1,Third Party
No,Urban,44,"30,000 to 39,000",none,Policy Holder
No,Urban,36,"20,000 to 29,000",more than 4,Policy Holder
No,Urban,56,"20,000 to 29,000",more than 4,Policy Holder
No,Urban,36,"less than 20,000",none,Policy Holder
No,Urban,30,"20,000 to 29,000",2 to 4,Third Party
Yes,Urban,47,"30,000 to 39,000",2 to 4,Policy Holder
No,Rural,42,"30,000 to 39,000",2 to 4,Policy Holder
No,Urban,54,"20,000 to 29,000",2 to 4,Policy Holder
No,Urban,29,"20,000 to 29,000",none,Policy Holder
No,Urban,28,"20,000 to 29,000",1,Policy Holder
No,Urban,60,"20,000 to 29,000",2 to 4,Policy Holder
No,Rural,28,"more than 69,000",2 to 4,Policy Holder
No,Urban,56,"less than 20,000",2 to 4,Policy Holder
No,Urban,24,"20,000 to 29,000",none,Policy Holder
No,Urban,47,"30,000 to 39,000",2 to 4,Policy Holder
No,Urban,53,"30,000 to 39,000",1,Policy Holder
No,Urban,41,"less than 20,000",1,Policy Holder
No,Urban,35,"20,000 to 29,000",1,Policy Holder
No,Urban,39,"20,000 to 29,000",2 to 4,Policy Holder
No,Urban,33,"20,000 to 29,000",more than 4,Policy Holder
No,Urban,52,"20,000 to 29,000",2 to 4,Policy Holder
No,Urban,51,"more than 69,000",none,Policy Holder
No,Urban,26,"20,000 to 29,000",more than 4,Policy Holder
No,Rural,29,"20,000 to 29,000",2 to 4,Policy Holder
No,Urban,53,"30,000 to 39,000",none,Policy Holder
No,Urban,49,"more than 69,000",more than 4,Third Party
No,Urban,28,"30,000 to 39,000",none,Policy Holder
No,Urban,52,"30,000 to 39,000",2 to 4,Policy Holder
No,Urban,40,"less than 20,000",none,Third Party
No,Urban,64,"20,000 to 29,000",2 to 4,Policy Holder
No,Urban,31,"20,000 to 29,000",1,Policy Holder
No,Rural,37,"20,000 to 29,000",none,Policy Holder
No,Urban,26,"20,000 to 29,000",1,Third Party
No,Urban,27,"20,000 to 29,000",1,Third Party
No,Urban,44,"30,000 to 39,000",1,Policy Holder
No,Urban,54,"30,000 to 39,000",1,Policy Holder
No,Urban,48,"20,000 to 29,000",more than 4,Policy Holder
No,Urban,37,"20,000 to 29,000",more than 4,Policy Holder
No,Urban,71,"20,000 to 29,000",none,Policy Holder
No,Urban,35,"30,000 to 39,000",2 to 4,Policy Holder
No,Urban,38,"more than 69,000",1,Third Party
No,Urban,45,"20,000 to 29,000",2 to 4,Third Party
No,Urban,52,"30,000 to 39,000",none,Third Party
No,Urban,38,"20,000 to 29,000",none,Policy Holder
No,Urban,29,"20,000 to 29,000",none,Policy Holder
No,Urban,55,"20,000 to 29,000",none,Policy Holder
No,Urban,30,"20,000 to 29,000",2 to 4,Policy Holder
No,Urban,30,"30,000 to 39,000",2 to 4,Policy Holder
No,Urban,26,"20,000 to 29,000",2 to 4,Policy Holder
No,Urban,36,"20,000 to 29,000",2 to 4,Policy Holder
No,Urban,48,"20,000 to 29,000",2 to 4,Policy Holder
No,Urban,28,"20,000 to 29,000",none,Third Party
No,Urban,46,"20,000 to 29,000",2 to 4,Policy Holder
Yes,Urban,35,"20,000 to 29,000",none,Policy Holder
No,Urban,48,"20,000 to 29,000",none,Third Party
No,Urban,49,"30,000 to 39,000",2 to 4,Third Party
No,Urban,27,"20,000 to 29,000",more than 4,Policy Holder
No,Urban,55,"more than 69,000",1,Third Party
No,Urban,27,"30,000 to 39,000",2 to 4,Policy Holder
No,Urban,39,"more than 69,000",more than 4,Policy Holder
No,Urban,40,"30,000 to 39,000",none,Policy Holder
No,Urban,30,"less than 20,000",2 to 4,Policy Holder
No,Urban,26,"20,000 to 29,000",2 to 4,Policy Holder
No,Urban,46,"20,000 to 29,000",2 to 4,Policy Holder
No,Urban,47,"30,000 to 39,000",none,Policy Holder
No,Urban,56,"40,000 to 59,000",2 to 4,Policy Holder
No,Urban,28,"less than 20,000",none,Third Party
No,Urban,73,"30,000 to 39,000",none,Policy Holder
Yes,Urban,35,"20,000 to 29,000",1,Policy Holder
No,Urban,43,"more than 69,000",none,Policy Holder
No,Urban,43,"30,000 to 39,000",2 to 4,Policy Holder
No,Urban,42,"more than 69,000",2 to 4,Policy Holder
No,Urban,36,"30,000 to 39,000",none,Policy Holder
No,Urban,30,"20,000 to 29,000",more than 4,Policy Holder
No,Rural,54,"40,000 to 59,000",none,Policy Holder
No,Urban,39,"20,000 to 29,000",2 to 4,Policy Holder
No,Urban,26,"30,000 to 39,000",more than 4,Policy Holder
No,Urban,38,"20,000 to 29,000",none,Policy Holder
No,Urban,23,"20,000 to 29,000",none,Policy Holder
Yes,Rural,45,"less than 20,000",none,Policy Holder
No,Urban,28,"more than 69,000",more than 4,Policy Holder
No,Urban,48,"20,000 to 29,000",1,Policy Holder
No,Urban,46,"30,000 to 39,000",2 to 4,Policy Holder
No,Urban,30,"20,000 to 29,000",none,Policy Holder
No,Urban,51,"20,000 to 29,000",none,Policy Holder
No,Urban,29,"20,000 to 29,000",none,Policy Holder
No,Urban,68,"20,000 to 29,000",2 to 4,Policy Holder
No,Urban,56,"20,000 to 29,000",2 to 4,Third Party
No,Urban,49,"20,000 to 29,000",1,Third Party
No,Urban,76,"20,000 to 29,000",1,Policy Holder
No,Urban,30,"20,000 to 29,000",2 to 4,Third Party
No,Urban,30,"20,000 to 29,000",2 to 4,Policy Holder
No,Urban,41,"20,000 to 29,000",none,Policy Holder
No,Urban,30,"20,000 to 29,000",more than 4,Policy Holder
No,Urban,57,"30,000 to 39,000",none,Policy Holder
No,Rural,51,"20,000 to 29,000",1,Policy Holder
No,Urban,37,"more than 69,000",1,Policy Holder
No,Urban,44,"20,000 to 29,000",2 to 4,Policy Holder
No,Urban,46,"30,000 to 39,000",more than 4,Policy Holder
Yes,Urban,48,"20,000 to 29,000",none,Policy Holder
No,Urban,27,"20,000 to 29,000",none,Policy Holder
No,Urban,32,"20,000 to 29,000",none,Policy Holder
No,Urban,19,"20,000 to 29,000",1,Policy Holder
No,Urban,45,"20,000 to 29,000",1,Third Party
No,Urban,48,"20,000 to 29,000",1,Third Party
No,Urban,34,"30,000 to 39,000",none,Policy Holder
No,Urban,51,"less than 20,000",1,Policy Holder
No,Urban,32,"30,000 to 39,000",2 to 4,Third Party
No,Urban,22,"20,000 to 29,000",1,Third Party
No,Urban,71,"less than 20,000",2 to 4,Third Party
No,Urban,40,"30,000 to 39,000",none,Third Party
No,Urban,43,"20,000 to 29,000",2 to 4,Policy Holder
No,Urban,72,"20,000 to 29,000",2 to 4,Policy Holder
No,Rural,55,"30,000 to 39,000",2 to 4,Policy Holder
No,Urban,42,"30,000 to 39,000",none,Policy Holder
No,Urban,30,"20,000 to 29,000",2 to 4,Policy Holder
No,Urban,29,"less than 20,000",2 to 4,Policy Holder
No,Rural,53,"20,000 to 29,000",2 to 4,Policy Holder
Yes,Urban,45,"20,000 to 29,000",1,Policy Holder
No,Urban,35,"20,000 to 29,000",1,Third Party
No,Urban,49,"20,000 to 29,000",none,Policy Holder
No,Urban,42,"60,000 to 69,000",none,Policy Holder
No,Urban,30,"30,000 to 39,000",2 to 4,Policy Holder
No,Urban,49,"more than 69,000",1,Policy Holder
No,Urban,27,"more than 69,000",2 to 4,Policy Holder
No,Rural,32,"30,000 to 39,000",none,Third Party
No,Urban,29,"20,000 to 29,000",2 to 4,Policy Holder
No,Urban,71,"30,000 to 39,000",more than 4,Policy Holder
No,Urban,26,"20,000 to 29,000",1,Policy Holder
No,Urban,34,"20,000 to 29,000",1,Policy Holder
No,Urban,43,"20,000 to 29,000",none,Policy Holder
No,Urban,50,"20,000 to 29,000",more than 4,Policy Holder
No,Urban,45,"30,000 to 39,000",more than 4,Policy Holder
No,Urban,18,"20,000 to 29,000",none,Policy Holder
No,Urban,40,"less than 20,000",1,Policy Holder
No,Urban,39,"more than 69,000",2 to 4,Policy Holder
No,Urban,26,"20,000 to 29,000",more than 4,Third Party
No,Urban,47,"less than 20,000",1,Third Party
No,Urban,35,"less than 20,000",1,Policy Holder
No,Urban,31,"20,000 to 29,000",2 to 4,Policy Holder
No,Urban,46,"20,000 to 29,000",1,Policy Holder
No,Urban,59,"40,000 to 59,000",2 to 4,Policy Holder
No,Urban,73,"20,000 to 29,000",1,Policy Holder
No,Urban,37,"20,000 to 29,000",1,Third Party
No,Urban,41,"20,000 to 29,000",2 to 4,Policy Holder
No,Urban,33,"30,000 to 39,000",more than 4,Policy Holder
No,Urban,32,"20,000 to 29,000",2 to 4,Policy Holder
No,Urban,36,"40,000 to 59,000",2 to 4,Policy Holder
No,Urban,27,"30,000 to 39,000",none,Policy Holder
No,Urban,45,"less than 20,000",2 to 4,Policy Holder
No,Urban,31,"20,000 to 29,000",1,Policy Holder
No,Rural,52,"20,000 to 29,000",more than 4,Policy Holder
No,Urban,61,"30,000 to 39,000",2 to 4,Third Party
No,Urban,56,"30,000 to 39,000",none,Third Party
No,Urban,55,"20,000 to 29,000",1,Policy Holder
No,Urban,58,"more than 69,000",more than 4,Policy Holder
No,Urban,52,"20,000 to 29,000",2 to 4,Third Party
No,Urban,27,"20,000 to 29,000",1,Third Party
No,Rural,49,"30,000 to 39,000",more than 4,Policy Holder
No,Urban,31,"40,000 to 59,000",1,Third Party
No,Urban,53,"30,000 to 39,000",more than 4,Third Party
No,Urban,63,"20,000 to 29,000",none,Third Party
No,Urban,29,"20,000 to 29,000",2 to 4,Policy Holder
No,Urban,54,"40,000 to 59,000",none,Policy Holder
No,Urban,40,"20,000 to 29,000",none,Policy Holder
No,Urban,36,"20,000 to 29,000",2 to 4,Third Party
No,Urban,44,"30,000 to 39,000",more than 4,Policy Holder
No,Urban,24,"20,000 to 29,000",2 to 4,Policy Holder
No,Urban,33,"less than 20,000",1,Third Party
No,Urban,35,"30,000 to 39,000",none,Policy Holder
No,Urban,74,"30,000 to 39,000",2 to 4,Policy Holder
No,Urban,45,"30,000 to 39,000",2 to 4,Third Party
No,Urban,44,"more than 69,000",more than 4,Policy Holder
No,Urban,26,"less than 20,000",none,Policy Holder
No,Urban,49,"30,000 to 39,000",2 to 4,Third Party
No,Urban,33,"30,000 to 39,000",2 to 4,Policy Holder
No,Urban,34,"20,000 to 29,000",none,Third Party
No,Urban,54,"20,000 to 29,000",2 to 4,Policy Holder
No,Urban,36,"40,000 to 59,000",2 to 4,Third Party
No,Urban,33,"20,000 to 29,000",1,Policy Holder
No,Rural,57,"30,000 to 39,000",1,Policy Holder
No,Urban,34,"20,000 to 29,000",more than 4,Policy Holder
No,Urban,48,"20,000 to 29,000",2 to 4,Policy Holder
No,Urban,63,"30,000 to 39,000",more than 4,Policy Holder
No,Urban,34,"30,000 to 39,000",none,Policy Holder
No,Urban,45,"20,000 to 29,000",1,Third Party
No,Urban,45,"20,000 to 29,000",1,Third Party
No,Urban,21,"20,000 to 29,000",2 to 4,Policy Holder
No,Rural,0,"more than 69,000",none,Policy Holder
No,Urban,26,"40,000 to 59,000",more than 4,Policy Holder
No,Urban,34,"20,000 to 29,000",1,Policy Holder
No,Urban,48,"more than 69,000",1,Policy Holder
No,Rural,30,"less than 20,000",none,Policy Holder
No,Urban,36,"30,000 to 39,000",2 to 4,Policy Holder
No,Urban,46,"20,000 to 29,000",none,Policy Holder
No,Rural,42,"less than 20,000",1,Policy Holder
No,Urban,30,"20,000 to 29,000",1,Third Party
No,Urban,30,"20,000 to 29,000",more than 4,Policy Holder
No,Urban,29,"20,000 to 29,000",2 to 4,Policy Holder
No,Urban,25,"30,000 to 39,000",more than 4,Third Party
No,Urban,33,"20,000 to 29,000",2 to 4,Policy Holder
No,Urban,61,"30,000 to 39,000",none,Third Party
No,Urban,43,"40,000 to 59,000",1,Policy Holder
Yes,Urban,46,"20,000 to 29,000",1,Policy Holder
No,Urban,40,"30,000 to 39,000",none,Policy Holder
No,Urban,26,"30,000 to 39,000",none,Policy Holder
No,Rural,41,"more than 69,000",none,Policy Holder
No,Urban,45,"more than 69,000",1,Policy Holder
No,Urban,26,"20,000 to 29,000",none,Policy Holder
No,Urban,44,"30,000 to 39,000",2 to 4,Third Party
No,Urban,29,"20,000 to 29,000",1,Policy Holder
No,Urban,42,"20,000 to 29,000",2 to 4,Policy Holder
No,Urban,31,"30,000 to 39,000",2 to 4,Third Party
No,Urban,34,"20,000 to 29,000",1,Policy Holder
No,Urban,49,"20,000 to 29,000",none,Policy Holder
No,Urban,62,"20,000 to 29,000",none,Policy Holder
No,Urban,32,"20,000 to 29,000",none,Policy Holder
No,Urban,31,"20,000 to 29,000",1,Policy Holder
No,Urban,47,"20,000 to 29,000",1,Policy Holder
No,Urban,64,"20,000 to 29,000",none,Policy Holder
No,Urban,35,"30,000 to 39,000",more than 4,Policy Holder
No,Rural,43,"30,000 to 39,000",1,Third Party
Yes,Urban,40,"less than 20,000",none,Policy Holder
No,Urban,22,"20,000 to 29,000",1,Policy Holder
No,Urban,37,"20,000 to 29,000",2 to 4,Policy Holder
No,Urban,56,"20,000 to 29,000",1,Third Party
No,Urban,32,"more than 69,000",2 to 4,Policy Holder
No,Urban,25,"20,000 to 29,000",1,Policy Holder
No,Urban,55,"20,000 to 29,000",1,Policy Holder
No,Urban,70,"20,000 to 29,000",1,Policy Holder
No,Rural,28,"20,000 to 29,000",none,Policy Holder
No,Rural,25,"less than 20,000",none,Policy Holder
No,Rural,32,"20,000 to 29,000",more than 4,Policy Holder
No,Rural,53,"20,000 to 29,000",none,Policy Holder
No,Urban,36,"20,000 to 29,000",none,Policy Holder
No,Rural,26,"20,000 to 29,000",2 to 4,Policy Holder
No,Urban,39,"30,000 to 39,000",1,Policy Holder
No,Urban,64,"20,000 to 29,000",2 to 4,Third Party
No,Urban,26,"20,000 to 29,000",more than 4,Policy Holder
No,Urban,48,"20,000 to 29,000",none,Policy Holder
No,Urban,46,"more than 69,000",1,Policy Holder
No,Urban,39,"20,000 to 29,000",1,Third Party
No,Urban,53,"30,000 to 39,000",2 to 4,Policy Holder
No,Rural,26,"20,000 to 29,000",1,Policy Holder
No,Urban,26,"20,000 to 29,000",2 to 4,Policy Holder
No,Urban,33,"30,000 to 39,000",2 to 4,Policy Holder
No,Urban,32,"20,000 to 29,000",2 to 4,Third Party
No,Urban,38,"20,000 to 29,000",none,Policy Holder
No,Urban,47,"more than 69,000",none,Policy Holder
No,Urban,29,"20,000 to 29,000",none,Policy Holder
No,Rural,35,"30,000 to 39,000",1,Policy Holder
No,Urban,62,"20,000 to 29,000",1,Third Party
No,Urban,29,"20,000 to 29,000",2 to 4,Policy Holder
No,Rural,49,"20,000 to 29,000",none,Policy Holder
No,Urban,38,"less than 20,000",2 to 4,Policy Holder
No,Urban,0,"more than 69,000",2 to 4,Policy Holder
No,Urban,53,"20,000 to 29,000",none,Policy Holder
No,Urban,65,"20,000 to 29,000",more than 4,Policy Holder
No,Urban,42,"more than 69,000",1,Policy Holder
No,Urban,35,"30,000 to 39,000",1,Policy Holder
No,Urban,24,"20,000 to 29,000",more than 4,Policy Holder
No,Urban,57,"30,000 to 39,000",none,Third Party
No,Urban,30,"30,000 to 39,000",2 to 4,Third Party
No,Urban,59,"less than 20,000",none,Policy Holder
No,Urban,31,"20,000 to 29,000",2 to 4,Policy Holder
No,Urban,46,"30,000 to 39,000",more than 4,Policy Holder
No,Urban,41,"more than 69,000",2 to 4,Policy Holder
No,Urban,29,"20,000 to 29,000",2 to 4,Policy Holder
No,Urban,29,"20,000 to 29,000",none,Third Party
No,Urban,46,"40,000 to 59,000",1,Policy Holder
No,Rural,31,"60,000 to 69,000",2 to 4,Third Party
No,Urban,53,"30,000 to 39,000",2 to 4,Policy Holder
No,Rural,35,"more than 69,000",2 to 4,Third Party
Yes,Urban,35,"20,000 to 29,000",2 to 4,Policy Holder
Yes,Urban,35,"20,000 to 29,000",2 to 4,Policy Holder
No,Urban,30,"30,000 to 39,000",2 to 4,Policy Holder
No,Rural,41,"30,000 to 39,000",none,Policy Holder
No,Urban,56,"20,000 to 29,000",none,Policy Holder
No,Urban,30,"30,000 to 39,000",none,Policy Holder
No,Urban,36,"20,000 to 29,000",2 to 4,Third Party
No,Urban,53,"20,000 to 29,000",2 to 4,Third Party
No,Rural,55,"20,000 to 29,000",1,Policy Holder
No,Urban,58,"30,000 to 39,000",more than 4,Policy Holder
No,Urban,48,"20,000 to 29,000",none,Third Party
No,Urban,40,"20,000 to 29,000",2 to 4,Policy Holder
No,Urban,35,"more than 69,000",more than 4,Third Party
No,Urban,41,"40,000 to 59,000",2 to 4,Policy Holder
No,Rural,35,"20,000 to 29,000",more than 4,Policy Holder
No,Urban,43,"less than 20,000",none,Third Party
Yes,Urban,43,"20,000 to 29,000",2 to 4,Policy Holder
No,Urban,28,"20,000 to 29,000",more than 4,Third Party
No,Urban,45,"40,000 to 59,000",more than 4,Policy Holder
No,Urban,28,"20,000 to 29,000",2 to 4,Policy Holder
No,Urban,30,"30,000 to 39,000",none,Policy Holder
No,Urban,43,"less than 20,000",none,Third Party
No,Urban,46,"30,000 to 39,000",2 to 4,Policy Holder
Yes,Urban,53,"20,000 to 29,000",1,Policy Holder
Yes,Urban,52,"30,000 to 39,000",1,Policy Holder
No,Urban,29,"20,000 to 29,000",2 to 4,Policy Holder
No,Rural,41,"30,000 to 39,000",more than 4,Policy Holder
No,Urban,37,"20,000 to 29,000",2 to 4,Policy Holder
No,Urban,30,"20,000 to 29,000",2 to 4,Policy Holder
No,Urban,63,"20,000 to 29,000",2 to 4,Policy Holder
No,Urban,29,"30,000 to 39,000",1,Policy Holder
No,Urban,53,"20,000 to 29,000",2 to 4,Policy Holder
No,Urban,41,"more than 69,000",2 to 4,Third Party
No,Urban,44,"30,000 to 39,000",none,Policy Holder
No,Urban,31,"30,000 to 39,000",none,Policy Holder
No,Urban,54,"30,000 to 39,000",2 to 4,Policy Holder
No,Urban,30,"20,000 to 29,000",2 to 4,Third Party
No,Urban,41,"20,000 to 29,000",more than 4,Policy Holder
No,Urban,24,"more than 69,000",1,Policy Holder
No,Urban,45,"20,000 to 29,000",2 to 4,Policy Holder
No,Urban,34,"20,000 to 29,000",none,Third Party
No,Urban,29,"20,000 to 29,000",more than 4,Policy Holder
No,Urban,33,"30,000 to 39,000",2 to 4,Policy Holder
No,Urban,27,"30,000 to 39,000",1,Policy Holder
No,Urban,37,"30,000 to 39,000",2 to 4,Third Party
No,Urban,44,"30,000 to 39,000",2 to 4,Policy Holder
No,Urban,28,"20,000 to 29,000",1,Policy Holder
No,Urban,45,"20,000 to 29,000",none,Third Party
No,Rural,71,"less than 20,000",1,Policy Holder
No,Urban,30,"20,000 to 29,000",2 to 4,Policy Holder
No,Rural,54,"20,000 to 29,000",2 to 4,Policy Holder
No,Urban,33,"20,000 to 29,000",2 to 4,Policy Holder
No,Rural,35,"30,000 to 39,000",1,Policy Holder
No,Urban,65,"20,000 to 29,000",none,Policy Holder
No,Urban,63,"30,000 to 39,000",more than 4,Policy Holder
No,Urban,33,"30,000 to 39,000",1,Third Party
No,Urban,50,"60,000 to 69,000",2 to 4,Third Party
No,Urban,37,"20,000 to 29,000",none,Policy Holder
No,Urban,24,"20,000 to 29,000",1,Third Party
No,Urban,44,"30,000 to 39,000",none,Third Party
No,Rural,19,"20,000 to 29,000",none,Policy Holder
No,Urban,45,"30,000 to 39,000",1,Policy Holder
No,Urban,48,"20,000 to 29,000",more than 4,Policy Holder
No,Urban,28,"30,000 to 39,000",2 to 4,Policy Holder
No,Urban,72,"20,000 to 29,000",none,Policy Holder
No,Urban,28,"30,000 to 39,000",2 to 4,Policy Holder
No,Urban,24,"less than 20,000",none,Policy Holder
No,Urban,55,"20,000 to 29,000",2 to 4,Third Party
No,Urban,41,"more than 69,000",none,Third Party
No,Urban,37,"20,000 to 29,000",more than 4,Policy Holder
No,Urban,29,"20,000 to 29,000",more than 4,Policy Holder
No,Urban,32,"30,000 to 39,000",more than 4,Policy Holder
No,Urban,40,"less than 20,000",none,Policy Holder
No,Rural,19,"20,000 to 29,000",2 to 4,Policy Holder
No,Urban,52,"less than 20,000",none,Policy Holder
No,Urban,31,"30,000 to 39,000",2 to 4,Policy Holder
No,Urban,37,"20,000 to 29,000",2 to 4,Policy Holder
No,Urban,39,"more than 69,000",2 to 4,Policy Holder
No,Urban,52,"20,000 to 29,000",more than 4,Policy Holder
No,Rural,39,"30,000 to 39,000",1,Policy Holder
Yes,Urban,30,"20,000 to 29,000",none,Policy Holder
No,Rural,54,"30,000 to 39,000",2 to 4,Third Party
No,Urban,42,"30,000 to 39,000",none,Third Party
No,Urban,39,"30,000 to 39,000",none,Policy Holder
No,Urban,26,"20,000 to 29,000",2 to 4,Third Party
No,Urban,45,"more than 69,000",more than 4,Policy Holder
Yes,Rural,27,"20,000 to 29,000",none,Policy Holder
No,Rural,45,"more than 69,000",none,Policy Holder
No,Urban,52,"20,000 to 29,000",none,Policy Holder
No,Urban,31,"30,000 to 39,000",2 to 4,Third Party
No,Urban,27,"20,000 to 29,000",1,Policy Holder
No,Urban,41,"less than 20,000",1,Policy Holder
No,Urban,28,"20,000 to 29,000",more than 4,Policy Holder
No,Rural,29,"30,000 to 39,000",2 to 4,Policy Holder
No,Rural,29,"40,000 to 59,000",1,Policy Holder
No,Urban,27,"30,000 to 39,000",2 to 4,Policy Holder
No,Rural,27,"20,000 to 29,000",none,Third Party
No,Urban,60,"more than 69,000",1,Third Party
No,Rural,30,"20,000 to 29,000",none,Policy Holder
No,Urban,33,"30,000 to 39,000",2 to 4,Policy Holder
No,Rural,65,"20,000 to 29,000",2 to 4,Third Party
No,Urban,44,"less than 20,000",1,Policy Holder
Yes,Urban,42,"more than 69,000",1,Policy Holder
No,Urban,31,"20,000 to 29,000",none,Policy Holder
No,Rural,69,"20,000 to 29,000",2 to 4,Third Party
No,Urban,79,"20,000 to 29,000",1,Policy Holder
No,Urban,34,"20,000 to 29,000",2 to 4,Third Party
No,Urban,47,"20,000 to 29,000",more than 4,Policy Holder
No,Urban,30,"20,000 to 29,000",more than 4,Third Party
No,Urban,31,"more than 69,000",2 to 4,Policy Holder
No,Urban,38,"more than 69,000",1,Third Party
Yes,Urban,35,"30,000 to 39,000",2 to 4,Policy Holder
No,Urban,29,"20,000 to 29,000",more than 4,Third Party
No,Urban,31,"20,000 to 29,000",2 to 4,Policy Holder
No,Urban,54,"30,000 to 39,000",none,Third Party
No,Urban,24,"20,000 to 29,000",2 to 4,Policy Holder
No,Urban,30,"20,000 to 29,000",1,Policy Holder
No,Urban,57,"20,000 to 29,000",more than 4,Policy Holder
No,Urban,26,"20,000 to 29,000",1,Policy Holder
Yes,Urban,67,"60,000 to 69,000",none,Policy Holder
No,Urban,63,"30,000 to 39,000",none,Policy Holder
No,Urban,26,"20,000 to 29,000",more than 4,Policy Holder
No,Urban,39,"30,000 to 39,000",1,Policy Holder
No,Urban,35,"20,000 to 29,000",1,Third Party
No,Urban,32,"less than 20,000",more than 4,Policy Holder
Yes,Rural,38,"20,000 to 29,000",2 to 4,Policy Holder
No,Urban,33,"20,000 to 29,000",2 to 4,Policy Holder
No,Urban,56,"30,000 to 39,000",2 to 4,Third Party
No,Urban,32,"20,000 to 29,000",none,Third Party
No,Urban,47,"less than 20,000",1,Third Party
No,Urban,37,"20,000 to 29,000",1,Policy Holder
No,Rural,46,"20,000 to 29,000",1,Third Party
No,Urban,55,"20,000 to 29,000",none,Policy Holder
No,Urban,33,"30,000 to 39,000",1,Third Party
No,Urban,46,"30,000 to 39,000",2 to 4,Third Party
No,Urban,79,"20,000 to 29,000",1,Policy Holder
No,Urban,34,"20,000 to 29,000",1,Policy Holder
No,Urban,42,"30,000 to 39,000",1,Policy Holder
No,Urban,34,"20,000 to 29,000",2 to 4,Third Party
No,Urban,26,"20,000 to 29,000",2 to 4,Policy Holder
No,Urban,33,"30,000 to 39,000",2 to 4,Policy Holder
Yes,Urban,31,"20,000 to 29,000",1,Policy Holder
No,Urban,42,"20,000 to 29,000",more than 4,Third Party
No,Urban,32,"20,000 to 29,000",1,Third Party
No,Urban,30,"20,000 to 29,000",1,Third Party
No,Urban,33,"20,000 to 29,000",1,Policy Holder
No,Urban,33,"20,000 to 29,000",2 to 4,Third Party
No,Urban,42,"30,000 to 39,000",2 to 4,Third Party
No,Urban,76,"30,000 to 39,000",2 to 4,Policy Holder
No,Rural,0,"more than 69,000",more than 4,Third Party
No,Urban,74,"20,000 to 29,000",1,Third Party
No,Urban,38,"40,000 to 59,000",1,Third Party
No,Urban,27,"20,000 to 29,000",2 to 4,Policy Holder
No,Urban,52,"20,000 to 29,000",2 to 4,Third Party
No,Urban,41,"20,000 to 29,000",2 to 4,Policy Holder
No,Urban,51,"30,000 to 39,000",none,Third Party
No,Urban,53,"30,000 to 39,000",2 to 4,Policy Holder
No,Urban,64,"30,000 to 39,000",2 to 4,Policy Holder
No,Urban,29,"20,000 to 29,000",2 to 4,Third Party
No,Urban,37,"20,000 to 29,000",none,Policy Holder
No,Urban,49,"40,000 to 59,000",2 to 4,Third Party
No,Urban,34,"30,000 to 39,000",2 to 4,Policy Holder
No,Urban,34,"30,000 to 39,000",more than 4,Third Party
No,Urban,40,"20,000 to 29,000",2 to 4,Third Party
No,Urban,28,"20,000 to 29,000",2 to 4,Policy Holder
No,Urban,23,"20,000 to 29,000",2 to 4,Policy Holder
No,Rural,36,"20,000 to 29,000",2 to 4,Third Party
No,Rural,29,"30,000 to 39,000",1,Policy Holder
No,Urban,19,"less than 20,000",2 to 4,Third Party
No,Urban,42,"more than 69,000",2 to 4,Policy Holder
No,Urban,27,"more than 69,000",more than 4,Third Party
No,Urban,33,"40,000 to 59,000",1,Third Party
No,Urban,30,"20,000 to 29,000",2 to 4,Policy Holder
No,Urban,47,"more than 69,000",1,Policy Holder
No,Urban,47,"40,000 to 59,000",1,Policy Holder
No,Rural,50,"20,000 to 29,000",2 to 4,Policy Holder
No,Urban,49,"20,000 to 29,000",2 to 4,Policy Holder
No,Urban,33,"20,000 to 29,000",2 to 4,Policy Holder
No,Rural,31,"20,000 to 29,000",none,Policy Holder
No,Urban,43,"20,000 to 29,000",more than 4,Policy Holder
No,Urban,61,"20,000 to 29,000",1,Policy Holder
No,Urban,63,"20,000 to 29,000",1,Policy Holder
No,Urban,20,"20,000 to 29,000",1,Policy Holder
No,Urban,37,"more than 69,000",more than 4,Policy Holder
No,Urban,19,"20,000 to 29,000",none,Policy Holder
No,Urban,28,"20,000 to 29,000",none,Third Party
No,Urban,28,"more than 69,000",none,Policy Holder
No,Urban,46,"20,000 to 29,000",1,Policy Holder
No,Urban,63,"more than 69,000",more than 4,Policy Holder
No,Urban,39,"20,000 to 29,000",2 to 4,Policy Holder
No,Urban,30,"20,000 to 29,000",1,Third Party
No,Rural,21,"more than 69,000",2 to 4,Policy Holder
No,Urban,27,"20,000 to 29,000",1,Policy Holder
No,Urban,41,"20,000 to 29,000",1,Policy Holder
No,Urban,41,"20,000 to 29,000",none,Policy Holder
No,Urban,55,"20,000 to 29,000",2 to 4,Policy Holder
No,Urban,33,"30,000 to 39,000",2 to 4,Policy Holder
No,Urban,42,"20,000 to 29,000",2 to 4,Policy Holder
Yes,Urban,51,"less than 20,000",2 to 4,Policy Holder
No,Urban,67,"20,000 to 29,000",1,Policy Holder
No,Urban,33,"20,000 to 29,000",2 to 4,Policy Holder
No,Urban,76,"30,000 to 39,000",1,Policy Holder
No,Urban,26,"30,000 to 39,000",1,Policy Holder
No,Urban,46,"20,000 to 29,000",2 to 4,Policy Holder
No,Urban,34,"20,000 to 29,000",more than 4,Policy Holder
No,Urban,22,"30,000 to 39,000",none,Third Party
No,Rural,48,"more than 69,000",none,Policy Holder
No,Urban,52,"more than 69,000",2 to 4,Third Party
No,Urban,40,"30,000 to 39,000",1,Policy Holder
No,Urban,61,"20,000 to 29,000",2 to 4,Policy Holder
No,Rural,50,"20,000 to 29,000",2 to 4,Policy Holder
No,Urban,31,"20,000 to 29,000",2 to 4,Third Party
No,Urban,51,"less than 20,000",2 to 4,Third Party
No,Urban,51,"30,000 to 39,000",none,Policy Holder
No,Urban,21,"20,000 to 29,000",none,Third Party
No,Urban,49,"20,000 to 29,000",2 to 4,Policy Holder
No,Rural,34,"20,000 to 29,000",2 to 4,Policy Holder
No,Urban,31,"20,000 to 29,000",more than 4,Third Party
No,Urban,32,"20,000 to 29,000",1,Policy Holder
No,Urban,54,"20,000 to 29,000",2 to 4,Policy Holder
No,Urban,34,"less than 20,000",2 to 4,Third Party
No,Urban,36,"20,000 to 29,000",1,Policy Holder
No,Rural,31,"more than 69,000",none,Third Party
No,Urban,62,"30,000 to 39,000",none,Policy Holder
No,Urban,35,"30,000 to 39,000",none,Third Party
No,Urban,44,"less than 20,000",none,Third Party
No,Urban,73,"more than 69,000",none,Third Party
No,Urban,32,"20,000 to 29,000",1,Third Party
No,Urban,34,"20,000 to 29,000",2 to 4,Policy Holder
No,Urban,38,"less than 20,000",none,Policy Holder
No,Urban,45,"more than 69,000",1,Third Party
No,Urban,53,"30,000 to 39,000",more than 4,Policy Holder
No,Urban,24,"20,000 to 29,000",1,Policy Holder
No,Urban,44,"more than 69,000",none,Policy Holder
No,Urban,45,"20,000 to 29,000",1,Third Party
No,Urban,41,"40,000 to 59,000",2 to 4,Policy Holder
No,Urban,56,"30,000 to 39,000",2 to 4,Third Party
No,Urban,28,"20,000 to 29,000",1,Policy Holder
No,Urban,46,"20,000 to 29,000",2 to 4,Third Party
No,Urban,24,"more than 69,000",none,Third Party
No,Urban,32,"20,000 to 29,000",2 to 4,Policy Holder
No,Urban,74,"40,000 to 59,000",none,Policy Holder
No,Urban,36,"30,000 to 39,000",2 to 4,Third Party
No,Urban,43,"30,000 to 39,000",2 to 4,Policy Holder
No,Urban,28,"30,000 to 39,000",2 to 4,Policy Holder
No,Urban,25,"20,000 to 29,000",1,Policy Holder
No,Urban,52,"more than 69,000",none,Policy Holder
No,Urban,50,"more than 69,000",1,Policy Holder
No,Urban,52,"30,000 to 39,000",2 to 4,Policy Holder
No,Urban,52,"20,000 to 29,000",2 to 4,Policy Holder
No,Urban,26,"20,000 to 29,000",1,Policy Holder
No,Urban,46,"20,000 to 29,000",2 to 4,Policy Holder
No,Urban,31,"30,000 to 39,000",none,Policy Holder
No,Urban,31,"less than 20,000",2 to 4,Policy Holder
No,Urban,41,"30,000 to 39,000",1,Third Party
No,Urban,26,"20,000 to 29,000",2 to 4,Third Party
No,Rural,55,"less than 20,000",none,Policy Holder
No,Urban,27,"20,000 to 29,000",more than 4,Policy Holder
No,Urban,43,"more than 69,000",more than 4,Third Party
No,Urban,36,"20,000 to 29,000",more than 4,Policy Holder
No,Urban,36,"20,000 to 29,000",none,Policy Holder
No,Urban,26,"20,000 to 29,000",more than 4,Policy Holder
No,Urban,42,"20,000 to 29,000",1,Policy Holder
No,Urban,40,"less than 20,000",1,Third Party
No,Urban,37,"40,000 to 59,000",more than 4,Policy Holder
No,Urban,43,"30,000 to 39,000",2 to 4,Policy Holder
No,Urban,60,"20,000 to 29,000",none,Policy Holder
No,Urban,28,"20,000 to 29,000",2 to 4,Policy Holder
No,Urban,40,"30,000 to 39,000",2 to 4,Policy Holder
No,Urban,30,"less than 20,000",none,Policy Holder
No,Rural,23,"30,000 to 39,000",2 to 4,Policy Holder
No,Rural,67,"less than 20,000",none,Policy Holder
No,Urban,35,"20,000 to 29,000",2 to 4,Policy Holder
No,Urban,46,"20,000 to 29,000",1,Policy Holder
No,Urban,45,"less than 20,000",more than 4,Policy Holder
No,Urban,51,"20,000 to 29,000",more than 4,Policy Holder
Yes,Urban,39,"20,000 to 29,000",none,Policy Holder
No,Urban,39,"more than 69,000",more than 4,Policy Holder
No,Urban,34,"30,000 to 39,000",2 to 4,Policy Holder
No,Urban,29,"less than 20,000",none,Policy Holder
No,Urban,54,"20,000 to 29,000",none,Third Party
No,Urban,34,"20,000 to 29,000",none,Policy Holder
No,Urban,50,"20,000 to 29,000",none,Third Party
No,Urban,26,"20,000 to 29,000",none,Third Party
No,Urban,43,"20,000 to 29,000",2 to 4,Policy Holder
No,Urban,53,"20,000 to 29,000",2 to 4,Policy Holder
No,Urban,33,"20,000 to 29,000",2 to 4,Policy Holder
No,Urban,33,"30,000 to 39,000",2 to 4,Policy Holder
No,Urban,30,"20,000 to 29,000",none,Third Party
No,Urban,37,"30,000 to 39,000",1,Third Party
No,Urban,37,"20,000 to 29,000",1,Policy Holder
No,Urban,32,"30,000 to 39,000",1,Policy Holder
No,Rural,26,"20,000 to 29,000",1,Third Party
No,Rural,65,"30,000 to 39,000",none,Policy Holder
No,Urban,28,"20,000 to 29,000",none,Policy Holder
No,Urban,41,"20,000 to 29,000",none,Policy Holder
No,Urban,26,"20,000 to 29,000",none,Policy Holder
No,Urban,32,"20,000 to 29,000",2 to 4,Policy Holder
No,Urban,31,"20,000 to 29,000",more than 4,Policy Holder
No,Urban,40,"20,000 to 29,000",2 to 4,Third Party
No,Urban,37,"20,000 to 29,000",1,Policy Holder
No,Rural,30,"30,000 to 39,000",1,Policy Holder
No,Urban,41,"20,000 to 29,000",2 to 4,Policy Holder
Yes,Urban,27,"20,000 to 29,000",1,Policy Holder
No,Urban,28,"20,000 to 29,000",2 to 4,Third Party
No,Urban,38,"20,000 to 29,000",more than 4,Third Party
No,Urban,33,"less than 20,000",1,Third Party
No,Urban,32,"20,000 to 29,000",none,Policy Holder
No,Urban,55,"30,000 to 39,000",2 to 4,Policy Holder
No,Urban,34,"20,000 to 29,000",2 to 4,Policy Holder
No,Urban,64,"20,000 to 29,000",more than 4,Policy Holder
No,Rural,31,"30,000 to 39,000",none,Policy Holder
No,Urban,46,"30,000 to 39,000",2 to 4,Policy Holder
No,Urban,38,"40,000 to 59,000",none,Third Party
No,Urban,49,"more than 69,000",1,Policy Holder
No,Urban,44,"20,000 to 29,000",1,Policy Holder
No,Urban,51,"30,000 to 39,000",1,Policy Holder
No,Urban,35,"20,000 to 29,000",2 to 4,Policy Holder
No,Urban,48,"40,000 to 59,000",1,Policy Holder
No,Urban,34,"20,000 to 29,000",2 to 4,Policy Holder
No,Urban,34,"20,000 to 29,000",2 to 4,Policy Holder
No,Urban,51,"20,000 to 29,000",more than 4,Policy Holder
No,Urban,40,"30,000 to 39,000",2 to 4,Policy Holder
No,Rural,21,"20,000 to 29,000",2 to 4,Policy Holder
No,Urban,44,"20,000 to 29,000",2 to 4,Policy Holder
No,Urban,39,"20,000 to 29,000",none,Policy Holder
No,Urban,57,"20,000 to 29,000",2 to 4,Policy Holder
No,Urban,42,"30,000 to 39,000",1,Policy Holder
No,Urban,54,"20,000 to 29,000",none,Third Party
No,Urban,33,"30,000 to 39,000",1,Policy Holder
No,Urban,36,"more than 69,000",1,Policy Holder
No,Urban,43,"more than 69,000",more than 4,Policy Holder
No,Urban,31,"20,000 to 29,000",2 to 4,Third Party
No,Urban,39,"20,000 to 29,000",none,Policy Holder
No,Urban,45,"20,000 to 29,000",none,Policy Holder
No,Urban,34,"20,000 to 29,000",2 to 4,Policy Holder
No,Urban,36,"30,000 to 39,000",none,Policy Holder
No,Urban,27,"20,000 to 29,000",none,Policy Holder
No,Urban,34,"20,000 to 29,000",none,Policy Holder
No,Urban,32,"30,000 to 39,000",2 to 4,Third Party
No,Urban,35,"20,000 to 29,000",1,Policy Holder
No,Urban,49,"20,000 to 29,000",none,Third Party
No,Urban,49,"20,000 to 29,000",2 to 4,Third Party
No,Urban,36,"more than 69,000",2 to 4,Third Party
Yes,Urban,40,"20,000 to 29,000",2 to 4,Policy Holder
No,Urban,26,"40,000 to 59,000",1,Policy Holder
No,Urban,29,"20,000 to 29,000",none,Third Party
No,Urban,27,"30,000 to 39,000",2 to 4,Third Party
No,Urban,48,"20,000 to 29,000",more than 4,Policy Holder
No,Urban,46,"30,000 to 39,000",more than 4,Policy Holder
No,Rural,45,"20,000 to 29,000",2 to 4,Policy Holder
No,Rural,47,"30,000 to 39,000",2 to 4,Policy Holder
No,Rural,67,"30,000 to 39,000",1,Policy Holder
No,Urban,46,"30,000 to 39,000",2 to 4,Policy Holder
No,Rural,56,"more than 69,000",more than 4,Policy Holder
No,Urban,54,"20,000 to 29,000",none,Policy Holder
No,Urban,44,"20,000 to 29,000",2 to 4,Policy Holder
No,Urban,34,"more than 69,000",1,Policy Holder
No,Rural,64,"30,000 to 39,000",more than 4,Third Party
No,Urban,34,"20,000 to 29,000",2 to 4,Policy Holder
No,Urban,24,"20,000 to 29,000",2 to 4,Policy Holder
No,Urban,54,"30,000 to 39,000",more than 4,Third Party
No,Urban,29,"20,000 to 29,000",none,Third Party
No,Urban,37,"30,000 to 39,000",none,Third Party
Yes,Urban,30,"30,000 to 39,000",more than 4,Policy Holder
No,Urban,27,"40,000 to 59,000",2 to 4,Policy Holder
No,Rural,40,"30,000 to 39,000",2 to 4,Policy Holder
No,Urban,25,"20,000 to 29,000",none,Policy Holder
No,Urban,32,"30,000 to 39,000",none,Policy Holder
No,Urban,65,"20,000 to 29,000",2 to 4,Policy Holder
No,Rural,42,"30,000 to 39,000",none,Third Party
No,Urban,52,"30,000 to 39,000",none,Policy Holder
Yes,Urban,37,"20,000 to 29,000",1,Policy Holder
No,Urban,56,"30,000 to 39,000",2 to 4,Third Party
No,Urban,32,"30,000 to 39,000",none,Policy Holder
No,Urban,39,"20,000 to 29,000",2 to 4,Third Party
No,Urban,37,"20,000 to 29,000",1,Policy Holder
No,Urban,33,"20,000 to 29,000",1,Third Party
No,Urban,38,"30,000 to 39,000",2 to 4,Third Party
No,Urban,27,"30,000 to 39,000",2 to 4,Policy Holder
No,Urban,61,"20,000 to 29,000",1,Third Party
No,Urban,33,"30,000 to 39,000",more than 4,Policy Holder
No,Urban,65,"30,000 to 39,000",2 to 4,Policy Holder
No,Urban,62,"30,000 to 39,000",2 to 4,Third Party
No,Urban,39,"20,000 to 29,000",2 to 4,Policy Holder
No,Urban,33,"20,000 to 29,000",none,Policy Holder
No,Urban,38,"20,000 to 29,000",none,Third Party
No,Urban,42,"30,000 to 39,000",none,Policy Holder
No,Urban,41,"20,000 to 29,000",1,Policy Holder
No,Urban,38,"30,000 to 39,000",2 to 4,Policy Holder
No,Urban,54,"20,000 to 29,000",none,Policy Holder
No,Urban,26,"20,000 to 29,000",none,Third Party
No,Urban,39,"more than 69,000",none,Policy Holder
No,Urban,48,"30,000 to 39,000",2 to 4,Policy Holder
No,Rural,46,"20,000 to 29,000",2 to 4,Third Party
No,Urban,36,"20,000 to 29,000",none,Policy Holder
No,Urban,26,"more than 69,000",1,Policy Holder
No,Urban,28,"20,000 to 29,000",more than 4,Policy Holder
No,Urban,35,"20,000 to 29,000",none,Policy Holder
No,Urban,53,"more than 69,000",2 to 4,Policy Holder
No,Urban,79,"20,000 to 29,000",2 to 4,Policy Holder
No,Urban,78,"less than 20,000",2 to 4,Policy Holder
No,Urban,54,"less than 20,000",none,Policy Holder
No,Urban,50,"less than 20,000",none,Third Party
No,Urban,39,"30,000 to 39,000",none,Third Party
No,Urban,47,"30,000 to 39,000",1,Policy Holder
Yes,Rural,45,"more than 69,000",1,Policy Holder
No,Rural,29,"20,000 to 29,000",2 to 4,Policy Holder
No,Urban,41,"30,000 to 39,000",1,Third Party
No,Urban,24,"20,000 to 29,000",2 to 4,Policy Holder
No,Urban,26,"30,000 to 39,000",1,Policy Holder
Yes,Urban,34,"30,000 to 39,000",none,Policy Holder
No,Urban,35,"20,000 to 29,000",2 to 4,Policy Holder
No,Urban,32,"20,000 to 29,000",1,Third Party
No,Urban,32,"less than 20,000",1,Policy Holder
No,Urban,29,"20,000 to 29,000",2 to 4,Policy Holder
No,Urban,33,"20,000 to 29,000",2 to 4,Policy Holder
No,Urban,64,"20,000 to 29,000",none,Policy Holder
No,Urban,49,"20,000 to 29,000",2 to 4,Third Party
Yes,Rural,53,"less than 20,000",1,Policy Holder
No,Urban,39,"less than 20,000",2 to 4,Third Party
No,Urban,45,"30,000 to 39,000",1,Policy Holder
No,Urban,77,"20,000 to 29,000",1,Policy Holder
No,Rural,58,"20,000 to 29,000",none,Third Party
No,Urban,35,"20,000 to 29,000",2 to 4,Policy Holder
No,Urban,33,"20,000 to 29,000",none,Third Party
No,Urban,44,"20,000 to 29,000",1,Policy Holder
No,Urban,31,"20,000 to 29,000",2 to 4,Third Party
No,Urban,43,"30,000 to 39,000",more than 4,Policy Holder
No,Rural,43,"more than 69,000",2 to 4,Policy Holder
No,Urban,29,"more than 69,000",none,Policy Holder
No,Urban,33,"less than 20,000",2 to 4,Policy Holder
No,Urban,29,"20,000 to 29,000",1,Policy Holder
No,Urban,33,"20,000 to 29,000",1,Policy Holder
No,Urban,44,"20,000 to 29,000",none,Policy Holder
Yes,Urban,38,"20,000 to 29,000",2 to 4,Third Party
No,Urban,34,"20,000 to 29,000",2 to 4,Policy Holder
No,Urban,23,"20,000 to 29,000",none,Policy Holder
No,Urban,47,"more than 69,000",more than 4,Policy Holder
No,Urban,56,"40,000 to 59,000",1,Policy Holder
No,Urban,31,"30,000 to 39,000",1,Policy Holder
No,Urban,30,"less than 20,000",2 to 4,Policy Holder
No,Urban,32,"20,000 to 29,000",2 to 4,Policy Holder
No,Rural,43,"30,000 to 39,000",2 to 4,Policy Holder
No,Urban,50,"30,000 to 39,000",more than 4,Policy Holder
No,Urban,53,"30,000 to 39,000",more than 4,Policy Holder
No,Urban,31,"30,000 to 39,000",2 to 4,Third Party
No,Urban,34,"30,000 to 39,000",2 to 4,Third Party
No,Urban,41,"20,000 to 29,000",none,Third Party
No,Urban,27,"more than 69,000",1,Policy Holder
No,Urban,72,"20,000 to 29,000",more than 4,Policy Holder
No,Urban,58,"20,000 to 29,000",1,Policy Holder
No,Urban,48,"20,000 to 29,000",2 to 4,Policy Holder
No,Urban,31,"less than 20,000",1,Policy Holder
No,Urban,26,"20,000 to 29,000",2 to 4,Policy Holder
No,Urban,47,"40,000 to 59,000",1,Policy Holder
No,Urban,46,"20,000 to 29,000",none,Third Party
No,Urban,29,"20,000 to 29,000",2 to 4,Policy Holder
No,Urban,61,"20,000 to 29,000",1,Third Party
No,Urban,32,"20,000 to 29,000",2 to 4,Policy Holder
No,Urban,0,"more than 69,000",2 to 4,Third Party
No,Urban,53,"20,000 to 29,000",more than 4,Policy Holder
No,Urban,48,"20,000 to 29,000",2 to 4,Policy Holder
No,Urban,39,"30,000 to 39,000",more than 4,Policy Holder
No,Urban,34,"20,000 to 29,000",none,Policy Holder
No,Urban,46,"30,000 to 39,000",none,Policy Holder
No,Urban,29,"20,000 to 29,000",1,Policy Holder
No,Urban,21,"20,000 to 29,000",none,Policy Holder
No,Urban,36,"30,000 to 39,000",2 to 4,Policy Holder
No,Urban,45,"40,000 to 59,000",more than 4,Policy Holder
No,Urban,48,"30,000 to 39,000",none,Third Party
No,Urban,29,"more than 69,000",none,Policy Holder
No,Urban,29,"more than 69,000",none,Policy Holder
No,Urban,36,"20,000 to 29,000",none,Policy Holder
No,Urban,35,"30,000 to 39,000",more than 4,Third Party
No,Urban,78,"20,000 to 29,000",2 to 4,Policy Holder
No,Urban,44,"30,000 to 39,000",more than 4,Policy Holder
No,Urban,42,"30,000 to 39,000",2 to 4,Policy Holder
No,Urban,60,"30,000 to 39,000",2 to 4,Policy Holder
No,Urban,41,"20,000 to 29,000",2 to 4,Policy Holder
No,Urban,38,"20,000 to 29,000",2 to 4,Third Party
No,Urban,30,"more than 69,000",2 to 4,Policy Holder
No,Urban,38,"20,000 to 29,000",1,Policy Holder
No,Urban,35,"20,000 to 29,000",1,Third Party
No,Urban,42,"20,000 to 29,000",2 to 4,Policy Holder
No,Urban,40,"20,000 to 29,000",none,Third Party
No,Urban,34,"20,000 to 29,000",1,Policy Holder
Yes,Rural,30,"40,000 to 59,000",more than 4,Policy Holder
No,Rural,26,"30,000 to 39,000",none,Policy Holder
No,Urban,29,"20,000 to 29,000",1,Third Party
No,Urban,29,"20,000 to 29,000",more than 4,Policy Holder
No,Urban,24,"20,000 to 29,000",none,Policy Holder
No,Urban,39,"20,000 to 29,000",more than 4,Policy Holder
No,Urban,46,"more than 69,000",2 to 4,Policy Holder
No,Urban,37,"20,000 to 29,000",none,Policy Holder
No,Urban,30,"20,000 to 29,000",none,Third Party
No,Urban,64,"40,000 to 59,000",1,Policy Holder
No,Urban,23,"less than 20,000",1,Policy Holder
No,Urban,36,"20,000 to 29,000",none,Policy Holder
No,Urban,19,"20,000 to 29,000",none,Policy Holder
No,Urban,28,"30,000 to 39,000",more than 4,Policy Holder
No,Urban,51,"20,000 to 29,000",more than 4,Policy Holder
Yes,Urban,57,"more than 69,000",none,Policy Holder
No,Rural,48,"20,000 to 29,000",none,Policy Holder
No,Urban,48,"30,000 to 39,000",2 to 4,Policy Holder
No,Urban,39,"20,000 to 29,000",2 to 4,Policy Holder
Yes,Urban,64,"20,000 to 29,000",more than 4,Policy Holder
No,Rural,29,"20,000 to 29,000",1,Policy Holder
Yes,Urban,46,"20,000 to 29,000",none,Policy Holder
No,Urban,34,"30,000 to 39,000",1,Third Party
Yes,Urban,43,"30,000 to 39,000",more than 4,Policy Holder
No,Urban,29,"20,000 to 29,000",none,Policy Holder
No,Urban,46,"20,000 to 29,000",none,Policy Holder
No,Urban,38,"20,000 to 29,000",2 to 4,Third Party
No,Urban,56,"20,000 to 29,000",more than 4,Third Party
No,Urban,57,"20,000 to 29,000",1,Policy Holder
No,Urban,29,"20,000 to 29,000",1,Policy Holder
No,Urban,26,"20,000 to 29,000",2 to 4,Policy Holder
Yes,Urban,30,"20,000 to 29,000",1,Policy Holder
No,Urban,34,"20,000 to 29,000",more than 4,Policy Holder
No,Urban,26,"20,000 to 29,000",none,Policy Holder
No,Urban,65,"30,000 to 39,000",2 to 4,Third Party
No,Urban,32,"20,000 to 29,000",1,Policy Holder
Yes,Urban,59,"30,000 to 39,000",2 to 4,Policy Holder
No,Urban,27,"20,000 to 29,000",2 to 4,Third Party
No,Rural,27,"20,000 to 29,000",1,Third Party
No,Urban,67,"30,000 to 39,000",1,Policy Holder
No,Urban,26,"30,000 to 39,000",more than 4,Third Party
No,Urban,26,"30,000 to 39,000",none,Third Party
No,Urban,49,"30,000 to 39,000",1,Policy Holder
No,Urban,49,"more than 69,000",1,Policy Holder
No,Urban,43,"30,000 to 39,000",none,Policy Holder
No,Rural,31,"20,000 to 29,000",2 to 4,Third Party
No,Urban,21,"30,000 to 39,000",2 to 4,Policy Holder
No,Urban,27,"20,000 to 29,000",2 to 4,Policy Holder
No,Urban,45,"more than 69,000",2 to 4,Policy Holder
No,Urban,29,"60,000 to 69,000",1,Policy Holder
No,Urban,44,"30,000 to 39,000",2 to 4,Policy Holder
No,Urban,63,"30,000 to 39,000",2 to 4,Policy Holder
No,Urban,36,"30,000 to 39,000",2 to 4,Policy Holder
Yes,Urban,22,"less than 20,000",2 to 4,Policy Holder
No,Urban,58,"30,000 to 39,000",2 to 4,Policy Holder
No,Urban,52,"less than 20,000",1,Policy Holder
No,Urban,29,"less than 20,000",none,Third Party
No,Rural,45,"less than 20,000",none,Policy Holder
No,Urban,51,"20,000 to 29,000",2 to 4,Policy Holder
No,Urban,52,"20,000 to 29,000",none,Third Party
No,Urban,42,"20,000 to 29,000",2 to 4,Policy Holder
No,Urban,53,"40,000 to 59,000",2 to 4,Policy Holder
No,Urban,27,"20,000 to 29,000",2 to 4,Policy Holder
No,Urban,37,"20,000 to 29,000",more than 4,Third Party
No,Urban,34,"30,000 to 39,000",1,Policy Holder
No,Urban,60,"more than 69,000",none,Third Party
No,Urban,26,"20,000 to 29,000",2 to 4,Policy Holder
No,Rural,54,"20,000 to 29,000",more than 4,Third Party
No,Rural,34,"20,000 to 29,000",none,Third Party
No,Urban,24,"20,000 to 29,000",1,Third Party
No,Urban,41,"30,000 to 39,000",1,Third Party
No,Urban,36,"20,000 to 29,000",more than 4,Policy Holder
No,Urban,43,"30,000 to 39,000",more than 4,Policy Holder
No,Urban,37,"20,000 to 29,000",1,Third Party
No,Urban,26,"30,000 to 39,000",1,Policy Holder
No,Urban,47,"20,000 to 29,000",more than 4,Policy Holder
No,Urban,34,"20,000 to 29,000",none,Third Party
No,Urban,40,"30,000 to 39,000",none,Third Party
No,Urban,34,"20,000 to 29,000",1,Policy Holder
No,Urban,41,"20,000 to 29,000",none,Third Party
No,Urban,31,"30,000 to 39,000",2 to 4,Policy Holder
No,Urban,54,"30,000 to 39,000",2 to 4,Policy Holder
No,Urban,30,"more than 69,000",2 to 4,Third Party
No,Rural,28,"20,000 to 29,000",2 to 4,Third Party
No,Urban,74,"more than 69,000",none,Policy Holder
No,Urban,21,"less than 20,000",none,Policy Holder
No,Urban,47,"more than 69,000",2 to 4,Policy Holder
No,Urban,42,"20,000 to 29,000",1,Policy Holder
Yes,Urban,53,"20,000 to 29,000",2 to 4,Policy Holder
No,Urban,38,"more than 69,000",none,Policy Holder
No,Urban,39,"30,000 to 39,000",more than 4,Third Party
No,Urban,52,"40,000 to 59,000",none,Policy Holder
No,Urban,50,"30,000 to 39,000",2 to 4,Policy Holder
No,Urban,30,"more than 69,000",none,Policy Holder
No,Urban,53,"20,000 to 29,000",none,Policy Holder
No,Urban,49,"30,000 to 39,000",none,Policy Holder
No,Urban,59,"20,000 to 29,000",2 to 4,Policy Holder
No,Urban,46,"20,000 to 29,000",more than 4,Third Party
No,Urban,53,"20,000 to 29,000",none,Policy Holder
No,Urban,49,"30,000 to 39,000",none,Third Party
No,Urban,18,"20,000 to 29,000",more than 4,Policy Holder
No,Urban,32,"20,000 to 29,000",more than 4,Policy Holder
Yes,Urban,54,"less than 20,000",2 to 4,Policy Holder
No,Urban,36,"20,000 to 29,000",none,Third Party
No,Urban,42,"more than 69,000",none,Third Party
No,Rural,46,"less than 20,000",2 to 4,Policy Holder
No,Urban,63,"less than 20,000",2 to 4,Third Party
No,Urban,60,"30,000 to 39,000",2 to 4,Third Party
No,Urban,76,"more than 69,000",2 to 4,Third Party
No,Urban,0,"more than 69,000",none,Policy Holder
No,Urban,54,"more than 69,000",none,Policy Holder
No,Rural,32,"20,000 to 29,000",none,Third Party
No,Urban,33,"20,000 to 29,000",1,Third Party
No,Rural,28,"20,000 to 29,000",none,Policy Holder
No,Urban,76,"30,000 to 39,000",2 to 4,Policy Holder
No,Urban,73,"20,000 to 29,000",2 to 4,Policy Holder
No,Urban,25,"20,000 to 29,000",1,Policy Holder
No,Urban,69,"more than 69,000",2 to 4,Third Party
No,Urban,43,"30,000 to 39,000",none,Third Party
No,Rural,56,"30,000 to 39,000",1,Third Party
No,Urban,35,"30,000 to 39,000",2 to 4,Policy Holder
No,Urban,38,"20,000 to 29,000",none,Policy Holder
No,Urban,32,"20,000 to 29,000",1,Third Party
No,Urban,62,"20,000 to 29,000",none,Third Party
No,Urban,26,"20,000 to 29,000",more than 4,Policy Holder
No,Urban,60,"20,000 to 29,000",none,Policy Holder
No,Urban,23,"20,000 to 29,000",2 to 4,Third Party
No,Urban,60,"20,000 to 29,000",2 to 4,Policy Holder
No,Urban,50,"20,000 to 29,000",more than 4,Policy Holder
No,Urban,34,"20,000 to 29,000",1,Policy Holder
No,Urban,39,"20,000 to 29,000",none,Policy Holder
No,Urban,45,"30,000 to 39,000",2 to 4,Policy Holder
No,Urban,26,"20,000 to 29,000",2 to 4,Policy Holder
No,Urban,50,"20,000 to 29,000",more than 4,Policy Holder
No,Urban,51,"30,000 to 39,000",1,Policy Holder
No,Urban,38,"30,000 to 39,000",2 to 4,Policy Holder
No,Urban,38,"30,000 to 39,000",2 to 4,Policy Holder
No,Urban,45,"more than 69,000",none,Policy Holder
No,Urban,38,"more than 69,000",1,Policy Holder
No,Urban,31,"20,000 to 29,000",more than 4,Policy Holder
Yes,Urban,45,"less than 20,000",none,Policy Holder
No,Urban,33,"20,000 to 29,000",none,Policy Holder
No,Urban,49,"20,000 to 29,000",1,Policy Holder
No,Urban,32,"20,000 to 29,000",2 to 4,Third Party
No,Rural,43,"40,000 to 59,000",1,Policy Holder
No,Urban,34,"30,000 to 39,000",none,Policy Holder
No,Rural,56,"20,000 to 29,000",1,Third Party
No,Urban,23,"more than 69,000",2 to 4,Third Party
No,Urban,24,"20,000 to 29,000",2 to 4,Third Party
No,Urban,34,"less than 20,000",2 to 4,Policy Holder
Yes,Urban,46,"more than 69,000",1,Policy Holder
No,Urban,43,"30,000 to 39,000",none,Third Party
No,Urban,33,"20,000 to 29,000",none,Policy Holder
No,Urban,38,"less than 20,000",none,Policy Holder
No,Urban,47,"20,000 to 29,000",1,Third Party
No,Urban,42,"30,000 to 39,000",2 to 4,Policy Holder
No,Urban,35,"30,000 to 39,000",2 to 4,Policy Holder
No,Urban,33,"20,000 to 29,000",2 to 4,Third Party
No,Urban,35,"30,000 to 39,000",2 to 4,Third Party
No,Urban,30,"30,000 to 39,000",2 to 4,Policy Holder
No,Urban,27,"20,000 to 29,000",1,Policy Holder
No,Urban,54,"40,000 to 59,000",none,Policy Holder
No,Rural,47,"20,000 to 29,000",2 to 4,Third Party
No,Urban,41,"30,000 to 39,000",2 to 4,Policy Holder
No,Urban,33,"20,000 to 29,000",2 to 4,Third Party
No,Urban,29,"30,000 to 39,000",none,Third Party
No,Urban,55,"less than 20,000",none,Policy Holder
No,Urban,40,"20,000 to 29,000",1,Policy Holder
No,Urban,44,"less than 20,000",1,Third Party
No,Rural,65,"40,000 to 59,000",2 to 4,Policy Holder
No,Rural,68,"more than 69,000",1,Policy Holder
No,Rural,26,"20,000 to 29,000",2 to 4,Policy Holder
No,Urban,42,"20,000 to 29,000",more than 4,Policy Holder
No,Urban,26,"20,000 to 29,000",1,Policy Holder
No,Urban,43,"20,000 to 29,000",none,Policy Holder
No,Rural,37,"20,000 to 29,000",none,Third Party
No,Rural,35,"30,000 to 39,000",2 to 4,Policy Holder
No,Urban,38,"30,000 to 39,000",1,Third Party
No,Urban,56,"30,000 to 39,000",1,Third Party
No,Urban,52,"less than 20,000",none,Third Party
No,Urban,37,"20,000 to 29,000",2 to 4,Policy Holder
No,Urban,29,"30,000 to 39,000",2 to 4,Policy Holder
No,Urban,48,"20,000 to 29,000",none,Policy Holder
No,Urban,39,"30,000 to 39,000",more than 4,Policy Holder
No,Urban,62,"20,000 to 29,000",2 to 4,Third Party
Yes,Urban,35,"less than 20,000",1,Policy Holder
No,Urban,75,"less than 20,000",1,Third Party
No,Urban,42,"30,000 to 39,000",none,Policy Holder
No,Urban,41,"30,000 to 39,000",1,Policy Holder
No,Urban,0,"more than 69,000",2 to 4,Policy Holder
No,Urban,43,"20,000 to 29,000",none,Policy Holder
No,Urban,52,"20,000 to 29,000",2 to 4,Policy Holder
No,Urban,61,"20,000 to 29,000",none,Policy Holder
No,Urban,43,"more than 69,000",2 to 4,Third Party
No,Urban,33,"20,000 to 29,000",more than 4,Policy Holder
No,Urban,64,"20,000 to 29,000",more than 4,Policy Holder
No,Urban,62,"less than 20,000",2 to 4,Policy Holder
No,Urban,35,"20,000 to 29,000",1,Policy Holder
No,Urban,30,"20,000 to 29,000",2 to 4,Policy Holder
No,Urban,60,"30,000 to 39,000",1,Third Party
No,Urban,36,"20,000 to 29,000",1,Policy Holder
No,Urban,28,"20,000 to 29,000",2 to 4,Third Party
No,Urban,42,"20,000 to 29,000",2 to 4,Policy Holder
No,Urban,37,"20,000 to 29,000",none,Policy Holder
No,Urban,51,"30,000 to 39,000",more than 4,Third Party
No,Urban,36,"20,000 to 29,000",2 to 4,Policy Holder
No,Urban,36,"30,000 to 39,000",2 to 4,Policy Holder
No,Rural,28,"more than 69,000",2 to 4,Policy Holder
No,Urban,47,"more than 69,000",more than 4,Policy Holder
No,Urban,0,"more than 69,000",more than 4,Policy Holder
No,Urban,35,"20,000 to 29,000",more than 4,Third Party
No,Urban,26,"20,000 to 29,000",2 to 4,Policy Holder
No,Urban,55,"20,000 to 29,000",more than 4,Policy Holder
No,Urban,74,"20,000 to 29,000",none,Policy Holder
No,Urban,54,"20,000 to 29,000",1,Policy Holder
Yes,Urban,30,"20,000 to 29,000",1,Policy Holder
No,Urban,48,"30,000 to 39,000",none,Policy Holder
No,Urban,33,"20,000 to 29,000",1,Policy Holder
No,Urban,29,"20,000 to 29,000",2 to 4,Policy Holder
No,Urban,40,"20,000 to 29,000",2 to 4,Policy Holder
No,Rural,37,"more than 69,000",2 to 4,Third Party
No,Urban,43,"20,000 to 29,000",none,Policy Holder
No,Urban,30,"more than 69,000",2 to 4,Third Party
No,Urban,60,"20,000 to 29,000",2 to 4,Policy Holder
No,Urban,37,"20,000 to 29,000",2 to 4,Policy Holder
No,Urban,38,"30,000 to 39,000",none,Policy Holder
No,Urban,55,"30,000 to 39,000",1,Third Party
No,Urban,34,"20,000 to 29,000",2 to 4,Third Party
No,Urban,39,"20,000 to 29,000",none,Policy Holder
No,Urban,62,"20,000 to 29,000",none,Third Party
No,Urban,38,"more than 69,000",1,Policy Holder
No,Urban,56,"20,000 to 29,000",1,Third Party
No,Urban,70,"20,000 to 29,000",1,Third Party
No,Urban,29,"30,000 to 39,000",2 to 4,Policy Holder
No,Urban,37,"20,000 to 29,000",none,Third Party
No,Urban,35,"20,000 to 29,000",2 to 4,Policy Holder
No,Urban,49,"more than 69,000",more than 4,Policy Holder
Yes,Urban,46,"30,000 to 39,000",none,Policy Holder
Yes,Urban,55,"less than 20,000",none,Policy Holder
No,Urban,52,"30,000 to 39,000",1,Policy Holder
No,Urban,46,"40,000 to 59,000",2 to 4,Policy Holder
No,Urban,43,"20,000 to 29,000",2 to 4,Policy Holder
No,Urban,43,"30,000 to 39,000",2 to 4,Policy Holder
No,Urban,26,"40,000 to 59,000",1,Third Party
No,Urban,48,"30,000 to 39,000",more than 4,Policy Holder
No,Urban,50,"30,000 to 39,000",1,Policy Holder
No,Urban,33,"30,000 to 39,000",1,Policy Holder
No,Urban,26,"30,000 to 39,000",1,Third Party
No,Urban,35,"20,000 to 29,000",2 to 4,Policy Holder
No,Urban,34,"20,000 to 29,000",more than 4,Policy Holder
No,Urban,32,"30,000 to 39,000",1,Third Party
No,Urban,45,"20,000 to 29,000",2 to 4,Policy Holder
No,Urban,43,"20,000 to 29,000",2 to 4,Policy Holder
No,Urban,32,"less than 20,000",2 to 4,Policy Holder
No,Rural,47,"20,000 to 29,000",1,Third Party
No,Rural,43,"20,000 to 29,000",1,Third Party
No,Urban,34,"20,000 to 29,000",1,Policy Holder
No,Urban,44,"20,000 to 29,000",more than 4,Policy Holder
No,Urban,59,"30,000 to 39,000",2 to 4,Policy Holder
No,Urban,41,"30,000 to 39,000",2 to 4,Policy Holder
No,Urban,66,"20,000 to 29,000",1,Third Party
No,Urban,64,"more than 69,000",none,Third Party
No,Urban,39,"30,000 to 39,000",none,Policy Holder
No,Urban,53,"30,000 to 39,000",none,Policy Holder
No,Urban,35,"20,000 to 29,000",more than 4,Policy Holder
No,Urban,33,"less than 20,000",2 to 4,Third Party
No,Urban,27,"30,000 to 39,000",none,Third Party
No,Urban,49,"20,000 to 29,000",2 to 4,Policy Holder
No,Urban,35,"20,000 to 29,000",2 to 4,Policy Holder
No,Urban,55,"20,000 to 29,000",2 to 4,Policy Holder
No,Urban,50,"20,000 to 29,000",2 to 4,Policy Holder
No,Urban,37,"20,000 to 29,000",none,Policy Holder
No,Urban,28,"20,000 to 29,000",none,Policy Holder
No,Urban,28,"30,000 to 39,000",none,Policy Holder
No,Urban,44,"20,000 to 29,000",none,Policy Holder
No,Rural,63,"20,000 to 29,000",none,Third Party
No,Urban,27,"20,000 to 29,000",none,Policy Holder
No,Urban,24,"20,000 to 29,000",1,Policy Holder
Yes,Urban,27,"20,000 to 29,000",none,Policy Holder
No,Rural,0,"more than 69,000",1,Policy Holder
No,Urban,37,"20,000 to 29,000",1,Policy Holder
No,Urban,49,"20,000 to 29,000",1,Policy Holder
No,Urban,28,"20,000 to 29,000",2 to 4,Policy Holder
No,Urban,29,"30,000 to 39,000",2 to 4,Policy Holder
No,Urban,34,"less than 20,000",none,Third Party
No,Urban,34,"20,000 to 29,000",none,Policy Holder
No,Urban,28,"20,000 to 29,000",2 to 4,Policy Holder
No,Urban,31,"more than 69,000",none,Third Party
No,Urban,65,"20,000 to 29,000",2 to 4,Policy Holder
No,Urban,27,"20,000 to 29,000",1,Third Party
No,Urban,48,"30,000 to 39,000",1,Third Party
No,Urban,41,"more than 69,000",2 to 4,Policy Holder
No,Urban,37,"30,000 to 39,000",2 to 4,Third Party
No,Urban,49,"more than 69,000",2 to 4,Policy Holder
No,Rural,29,"20,000 to 29,000",1,Third Party
No,Urban,33,"30,000 to 39,000",2 to 4,Third Party
No,Urban,27,"20,000 to 29,000",1,Policy Holder
No,Urban,54,"20,000 to 29,000",1,Third Party
No,Urban,32,"20,000 to 29,000",1,Policy Holder
No,Rural,22,"20,000 to 29,000",2 to 4,Policy Holder
No,Urban,29,"20,000 to 29,000",2 to 4,Third Party
No,Urban,25,"20,000 to 29,000",none,Policy Holder
No,Urban,34,"30,000 to 39,000",1,Third Party
No,Urban,28,"30,000 to 39,000",2 to 4,Policy Holder
No,Urban,65,"20,000 to 29,000",1,Policy Holder
No,Urban,36,"more than 69,000",2 to 4,Policy Holder
No,Urban,33,"30,000 to 39,000",2 to 4,Third Party
Yes,Urban,37,"more than 69,000",none,Policy Holder
No,Urban,47,"20,000 to 29,000",none,Third Party
No,Urban,64,"20,000 to 29,000",none,Policy Holder
No,Urban,28,"20,000 to 29,000",2 to 4,Policy Holder
No,Urban,34,"20,000 to 29,000",2 to 4,Third Party
Yes,Urban,30,"40,000 to 59,000",2 to 4,Policy Holder
No,Urban,32,"20,000 to 29,000",1,Policy Holder
No,Urban,35,"20,000 to 29,000",2 to 4,Third Party
No,Urban,26,"30,000 to 39,000",2 to 4,Policy Holder
No,Urban,46,"more than 69,000",2 to 4,Policy Holder
No,Urban,48,"20,000 to 29,000",none,Third Party
No,Urban,29,"less than 20,000",2 to 4,Policy Holder
No,Urban,45,"more than 69,000",none,Third Party
No,Urban,30,"20,000 to 29,000",2 to 4,Policy Holder
No,Urban,59,"20,000 to 29,000",2 to 4,Third Party
No,Urban,45,"20,000 to 29,000",none,Policy Holder
No,Urban,44,"20,000 to 29,000",none,Policy Holder
Yes,Urban,60,"20,000 to 29,000",2 to 4,Policy Holder
No,Urban,37,"20,000 to 29,000",none,Third Party
No,Urban,52,"20,000 to 29,000",none,Policy Holder
No,Urban,48,"20,000 to 29,000",none,Policy Holder
No,Urban,58,"20,000 to 29,000",none,Policy Holder
No,Urban,37,"20,000 to 29,000",none,Third Party
No,Urban,29,"less than 20,000",none,Third Party
No,Rural,41,"30,000 to 39,000",1,Third Party
No,Rural,36,"20,000 to 29,000",2 to 4,Policy Holder
No,Urban,44,"30,000 to 39,000",none,Policy Holder
No,Rural,28,"30,000 to 39,000",2 to 4,Policy Holder
No,Urban,47,"20,000 to 29,000",2 to 4,Policy Holder
No,Urban,77,"more than 69,000",none,Policy Holder
No,Urban,42,"20,000 to 29,000",none,Third Party
No,Urban,35,"20,000 to 29,000",none,Policy Holder
No,Urban,43,"20,000 to 29,000",none,Third Party
No,Urban,34,"20,000 to 29,000",2 to 4,Policy Holder
No,Urban,38,"20,000 to 29,000",1,Third Party
No,Urban,44,"30,000 to 39,000",none,Policy Holder
No,Urban,0,"more than 69,000",none,Policy Holder
No,Urban,39,"20,000 to 29,000",2 to 4,Policy Holder
No,Urban,34,"20,000 to 29,000",2 to 4,Third Party
No,Urban,28,"20,000 to 29,000",none,Third Party
No,Urban,0,"more than 69,000",more than 4,Policy Holder
No,Urban,40,"30,000 to 39,000",2 to 4,Policy Holder
No,Urban,55,"20,000 to 29,000",none,Third Party
No,Urban,39,"20,000 to 29,000",1,Policy Holder
No,Urban,29,"30,000 to 39,000",none,Policy Holder
No,Urban,48,"30,000 to 39,000",2 to 4,Policy Holder
No,Urban,67,"20,000 to 29,000",1,Policy Holder
No,Urban,37,"30,000 to 39,000",2 to 4,Policy Holder
No,Urban,78,"more than 69,000",1,Policy Holder
No,Urban,49,"20,000 to 29,000",2 to 4,Policy Holder
No,Urban,42,"20,000 to 29,000",none,Policy Holder
No,Urban,26,"30,000 to 39,000",2 to 4,Policy Holder
No,Urban,55,"20,000 to 29,000",2 to 4,Policy Holder
No,Urban,47,"20,000 to 29,000",2 to 4,Policy Holder
No,Urban,55,"20,000 to 29,000",2 to 4,Policy Holder
No,Rural,40,"30,000 to 39,000",more than 4,Policy Holder
No,Urban,59,"20,000 to 29,000",none,Third Party
No,Urban,51,"30,000 to 39,000",more than 4,Policy Holder
No,Urban,52,"more than 69,000",none,Policy Holder
No,Urban,48,"20,000 to 29,000",none,Policy Holder
No,Urban,39,"20,000 to 29,000",more than 4,Third Party
No,Urban,37,"20,000 to 29,000",none,Policy Holder
No,Urban,57,"more than 69,000",1,Policy Holder
No,Urban,35,"20,000 to 29,000",1,Policy Holder
No,Urban,53,"60,000 to 69,000",2 to 4,Third Party
No,Rural,39,"20,000 to 29,000",2 to 4,Third Party
No,Urban,30,"20,000 to 29,000",none,Third Party
Yes,Urban,31,"more than 69,000",1,Policy Holder
No,Rural,42,"20,000 to 29,000",more than 4,Policy Holder
No,Urban,41,"30,000 to 39,000",1,Policy Holder
No,Urban,30,"20,000 to 29,000",2 to 4,Third Party
No,Urban,59,"more than 69,000",none,Third Party
No,Urban,31,"more than 69,000",1,Third Party
No,Urban,37,"20,000 to 29,000",none,Third Party
No,Urban,29,"20,000 to 29,000",2 to 4,Third Party
No,Urban,41,"30,000 to 39,000",none,Policy Holder
No,Urban,32,"20,000 to 29,000",none,Policy Holder
No,Urban,53,"more than 69,000",1,Policy Holder
No,Urban,42,"30,000 to 39,000",2 to 4,Third Party
No,Urban,32,"20,000 to 29,000",1,Policy Holder
No,Urban,32,"30,000 to 39,000",2 to 4,Policy Holder
No,Urban,37,"20,000 to 29,000",2 to 4,Third Party
No,Urban,48,"20,000 to 29,000",1,Policy Holder
No,Urban,49,"30,000 to 39,000",2 to 4,Policy Holder
No,Urban,35,"20,000 to 29,000",none,Third Party
No,Urban,26,"30,000 to 39,000",more than 4,Third Party
No,Urban,28,"20,000 to 29,000",none,Policy Holder
No,Urban,52,"30,000 to 39,000",none,Third Party
No,Urban,65,"20,000 to 29,000",1,Third Party
No,Rural,39,"20,000 to 29,000",2 to 4,Policy Holder
No,Urban,44,"less than 20,000",2 to 4,Policy Holder
No,Urban,31,"20,000 to 29,000",none,Policy Holder
No,Urban,76,"20,000 to 29,000",1,Policy Holder
No,Urban,0,"more than 69,000",more than 4,Policy Holder
No,Urban,37,"30,000 to 39,000",more than 4,Policy Holder
No,Urban,51,"20,000 to 29,000",2 to 4,Third Party
No,Urban,51,"20,000 to 29,000",2 to 4,Policy Holder
No,Urban,27,"30,000 to 39,000",2 to 4,Policy Holder
No,Urban,72,"20,000 to 29,000",2 to 4,Third Party
No,Rural,28,"30,000 to 39,000",1,Third Party
No,Urban,60,"20,000 to 29,000",none,Third Party
No,Urban,27,"60,000 to 69,000",1,Policy Holder
No,Urban,34,"20,000 to 29,000",1,Policy Holder
No,Rural,24,"40,000 to 59,000",none,Policy Holder
No,Urban,44,"30,000 to 39,000",2 to 4,Policy Holder
No,Urban,41,"20,000 to 29,000",none,Third Party
No,Urban,29,"20,000 to 29,000",none,Policy Holder
No,Urban,61,"30,000 to 39,000",2 to 4,Policy Holder
Yes,Urban,27,"more than 69,000",none,Policy Holder
No,Urban,54,"30,000 to 39,000",1,Policy Holder
No,Urban,59,"20,000 to 29,000",2 to 4,Policy Holder
No,Urban,51,"more than 69,000",none,Policy Holder
No,Urban,26,"20,000 to 29,000",1,Policy Holder
Yes,Urban,41,"40,000 to 59,000",2 to 4,Policy Holder
No,Urban,49,"more than 69,000",1,Policy Holder
No,Urban,38,"30,000 to 39,000",none,Policy Holder
No,Urban,31,"more than 69,000",1,Policy Holder
No,Urban,37,"more than 69,000",2 to 4,Policy Holder
No,Urban,52,"20,000 to 29,000",2 to 4,Third Party
No,Rural,27,"30,000 to 39,000",2 to 4,Policy Holder
No,Urban,26,"30,000 to 39,000",more than 4,Policy Holder
No,Urban,57,"less than 20,000",none,Policy Holder
No,Urban,35,"20,000 to 29,000",2 to 4,Policy Holder
No,Urban,55,"more than 69,000",none,Policy Holder
No,Urban,28,"20,000 to 29,000",2 to 4,Policy Holder
No,Urban,28,"20,000 to 29,000",1,Third Party
No,Urban,52,"20,000 to 29,000",2 to 4,Third Party
No,Urban,26,"20,000 to 29,000",none,Policy Holder
No,Urban,54,"30,000 to 39,000",none,Policy Holder
No,Urban,44,"20,000 to 29,000",2 to 4,Policy Holder
No,Rural,42,"40,000 to 59,000",2 to 4,Policy Holder
No,Urban,32,"30,000 to 39,000",more than 4,Policy Holder
No,Urban,41,"40,000 to 59,000",more than 4,Third Party
Yes,Urban,43,"20,000 to 29,000",2 to 4,Policy Holder
No,Urban,34,"20,000 to 29,000",2 to 4,Policy Holder
No,Urban,49,"30,000 to 39,000",more than 4,Policy Holder
No,Urban,35,"40,000 to 59,000",2 to 4,Policy Holder
Yes,Urban,28,"less than 20,000",1,Policy Holder
No,Urban,27,"20,000 to 29,000",none,Policy Holder
No,Urban,38,"more than 69,000",2 to 4,Third Party
No,Urban,29,"more than 69,000",none,Third Party
No,Urban,54,"more than 69,000",2 to 4,Policy Holder
No,Urban,44,"20,000 to 29,000",1,Policy Holder
No,Urban,32,"20,000 to 29,000",more than 4,Policy Holder
No,Urban,25,"20,000 to 29,000",2 to 4,Policy Holder
No,Urban,39,"20,000 to 29,000",2 to 4,Policy Holder
No,Urban,46,"20,000 to 29,000",2 to 4,Third Party
No,Urban,28,"20,000 to 29,000",2 to 4,Third Party
No,Urban,46,"20,000 to 29,000",2 to 4,Policy Holder
No,Urban,22,"less than 20,000",none,Policy Holder
No,Urban,41,"20,000 to 29,000",2 to 4,Policy Holder
No,Rural,60,"more than 69,000",none,Policy Holder
No,Urban,47,"30,000 to 39,000",2 to 4,Policy Holder
No,Urban,48,"more than 69,000",2 to 4,Policy Holder
No,Urban,32,"20,000 to 29,000",2 to 4,Policy Holder
No,Urban,33,"20,000 to 29,000",more than 4,Policy Holder
No,Urban,37,"20,000 to 29,000",2 to 4,Policy Holder
No,Urban,49,"30,000 to 39,000",2 to 4,Policy Holder
No,Urban,0,"more than 69,000",1,Policy Holder
No,Urban,43,"20,000 to 29,000",1,Third Party
No,Urban,35,"30,000 to 39,000",more than 4,Policy Holder
No,Urban,31,"30,000 to 39,000",2 to 4,Policy Holder
No,Urban,57,"20,000 to 29,000",none,Third Party
No,Urban,30,"20,000 to 29,000",2 to 4,Policy Holder
No,Urban,63,"more than 69,000",1,Policy Holder
No,Urban,32,"less than 20,000",more than 4,Third Party
No,Urban,27,"30,000 to 39,000",2 to 4,Policy Holder
No,Rural,0,"more than 69,000",2 to 4,Third Party
No,Urban,59,"more than 69,000",1,Policy Holder
No,Rural,26,"30,000 to 39,000",2 to 4,Policy Holder
No,Urban,34,"20,000 to 29,000",none,Third Party
Yes,Urban,41,"30,000 to 39,000",2 to 4,Policy Holder
No,Urban,27,"20,000 to 29,000",1,Policy Holder
No,Rural,44,"20,000 to 29,000",none,Policy Holder
No,Urban,34,"less than 20,000",none,Third Party
No,Urban,28,"30,000 to 39,000",more than 4,Policy Holder
No,Rural,43,"20,000 to 29,000",1,Policy Holder
No,Urban,32,"20,000 to 29,000",none,Third Party
No,Urban,35,"30,000 to 39,000",2 to 4,Policy Holder
No,Urban,44,"20,000 to 29,000",2 to 4,Policy Holder
No,Urban,36,"20,000 to 29,000",1,Policy Holder
No,Urban,34,"20,000 to 29,000",more than 4,Third Party
No,Urban,55,"20,000 to 29,000",1,Third Party
No,Urban,61,"less than 20,000",1,Third Party
No,Urban,30,"20,000 to 29,000",2 to 4,Policy Holder
No,Urban,28,"less than 20,000",more than 4,Policy Holder
No,Urban,0,"more than 69,000",none,Policy Holder
No,Urban,42,"less than 20,000",none,Policy Holder
No,Urban,35,"30,000 to 39,000",none,Policy Holder
No,Urban,62,"more than 69,000",2 to 4,Policy Holder
No,Urban,33,"30,000 to 39,000",1,Policy Holder
No,Urban,29,"20,000 to 29,000",none,Third Party
No,Rural,50,"20,000 to 29,000",1,Policy Holder
No,Urban,52,"20,000 to 29,000",more than 4,Policy Holder
No,Urban,43,"20,000 to 29,000",1,Policy Holder
No,Urban,49,"30,000 to 39,000",1,Third Party
Yes,Urban,41,"20,000 to 29,000",none,Policy Holder
No,Urban,0,"more than 69,000",none,Policy Holder
No,Urban,64,"less than 20,000",none,Third Party
No,Urban,58,"more than 69,000",2 to 4,Policy Holder
No,Urban,32,"20,000 to 29,000",1,Policy Holder
No,Urban,0,"more than 69,000",none,Third Party
No,Urban,41,"20,000 to 29,000",more than 4,Third Party
No,Urban,36,"20,000 to 29,000",more than 4,Policy Holder
No,Urban,55,"30,000 to 39,000",1,Policy Holder
No,Urban,41,"20,000 to 29,000",1,Policy Holder
No,Urban,26,"20,000 to 29,000",2 to 4,Third Party
No,Urban,31,"more than 69,000",2 to 4,Third Party
No,Urban,61,"30,000 to 39,000",1,Policy Holder
Yes,Urban,30,"20,000 to 29,000",2 to 4,Policy Holder
No,Urban,41,"more than 69,000",2 to 4,Policy Holder
No,Urban,29,"20,000 to 29,000",more than 4,Policy Holder
No,Urban,42,"more than 69,000",2 to 4,Policy Holder
No,Rural,37,"30,000 to 39,000",2 to 4,Policy Holder
No,Urban,38,"20,000 to 29,000",none,Policy Holder
No,Urban,56,"20,000 to 29,000",2 to 4,Policy Holder
No,Urban,57,"more than 69,000",more than 4,Policy Holder
No,Urban,40,"30,000 to 39,000",1,Policy Holder
No,Urban,55,"30,000 to 39,000",more than 4,Third Party
No,Urban,54,"20,000 to 29,000",2 to 4,Policy Holder
No,Urban,26,"20,000 to 29,000",more than 4,Policy Holder
No,Urban,42,"more than 69,000",none,Third Party
No,Urban,60,"30,000 to 39,000",2 to 4,Policy Holder
No,Urban,64,"30,000 to 39,000",none,Policy Holder
No,Rural,26,"20,000 to 29,000",none,Policy Holder
No,Urban,26,"20,000 to 29,000",more than 4,Policy Holder
No,Urban,54,"20,000 to 29,000",1,Third Party
No,Rural,43,"more than 69,000",none,Policy Holder
No,Urban,73,"30,000 to 39,000",2 to 4,Policy Holder
No,Rural,53,"20,000 to 29,000",1,Policy Holder
No,Urban,45,"less than 20,000",1,Policy Holder
No,Urban,56,"20,000 to 29,000",none,Third Party
No,Urban,43,"less than 20,000",2 to 4,Policy Holder
No,Urban,31,"20,000 to 29,000",none,Third Party
No,Urban,34,"more than 69,000",none,Policy Holder
No,Urban,0,"more than 69,000",2 to 4,Policy Holder
No,Urban,28,"40,000 to 59,000",2 to 4,Policy Holder
No,Urban,35,"20,000 to 29,000",none,Policy Holder
No,Rural,48,"20,000 to 29,000",none,Policy Holder
No,Urban,36,"20,000 to 29,000",2 to 4,Policy Holder
No,Urban,31,"30,000 to 39,000",1,Third Party
No,Urban,36,"30,000 to 39,000",1,Third Party
No,Rural,0,"more than 69,000",none,Policy Holder
No,Urban,53,"60,000 to 69,000",1,Third Party
No,Rural,34,"20,000 to 29,000",2 to 4,Third Party
No,Urban,28,"20,000 to 29,000",none,Third Party
No,Urban,21,"20,000 to 29,000",none,Policy Holder
No,Urban,72,"20,000 to 29,000",2 to 4,Policy Holder
Yes,Urban,54,"20,000 to 29,000",2 to 4,Policy Holder
No,Urban,42,"20,000 to 29,000",1,Policy Holder
No,Urban,55,"20,000 to 29,000",more than 4,Policy Holder
No,Urban,33,"20,000 to 29,000",none,Policy Holder
No,Urban,27,"20,000 to 29,000",none,Third Party
No,Urban,46,"20,000 to 29,000",2 to 4,Policy Holder
No,Urban,41,"20,000 to 29,000",1,Policy Holder
No,Urban,39,"30,000 to 39,000",1,Policy Holder
No,Urban,26,"20,000 to 29,000",2 to 4,Third Party
No,Urban,55,"20,000 to 29,000",2 to 4,Policy Holder
No,Urban,39,"20,000 to 29,000",1,Third Party
No,Rural,31,"20,000 to 29,000",2 to 4,Policy Holder
No,Urban,44,"30,000 to 39,000",none,Policy Holder
No,Urban,78,"less than 20,000",none,Third Party
No,Urban,32,"20,000 to 29,000",none,Policy Holder
No,Urban,29,"20,000 to 29,000",2 to 4,Third Party
No,Urban,63,"more than 69,000",none,Policy Holder
No,Urban,33,"20,000 to 29,000",2 to 4,Policy Holder
No,Urban,53,"30,000 to 39,000",1,Policy Holder
No,Rural,43,"20,000 to 29,000",none,Policy Holder
No,Urban,35,"30,000 to 39,000",2 to 4,Policy Holder
No,Urban,42,"20,000 to 29,000",1,Policy Holder
No,Urban,54,"20,000 to 29,000",2 to 4,Third Party
No,Urban,51,"30,000 to 39,000",none,Policy Holder
No,Rural,34,"20,000 to 29,000",1,Third Party
No,Urban,42,"20,000 to 29,000",none,Third Party
No,Urban,23,"30,000 to 39,000",more than 4,Policy Holder
No,Urban,45,"more than 69,000",2 to 4,Third Party
No,Urban,52,"more than 69,000",1,Policy Holder
No,Urban,26,"more than 69,000",2 to 4,Policy Holder
No,Rural,26,"20,000 to 29,000",1,Policy Holder
Yes,Rural,29,"20,000 to 29,000",2 to 4,Policy Holder
No,Urban,43,"20,000 to 29,000",2 to 4,Policy Holder
Yes,Urban,38,"40,000 to 59,000",2 to 4,Policy Holder
No,Rural,46,"20,000 to 29,000",1,Policy Holder
No,Urban,73,"30,000 to 39,000",2 to 4,Policy Holder
No,Urban,46,"30,000 to 39,000",2 to 4,Policy Holder
Yes,Urban,52,"20,000 to 29,000",2 to 4,Policy Holder
No,Urban,35,"20,000 to 29,000",1,Third Party
No,Urban,29,"20,000 to 29,000",2 to 4,Policy Holder
No,Urban,34,"20,000 to 29,000",none,Third Party
No,Urban,37,"20,000 to 29,000",none,Policy Holder
No,Rural,45,"20,000 to 29,000",1,Third Party
No,Urban,48,"30,000 to 39,000",more than 4,Policy Holder
No,Urban,34,"30,000 to 39,000",1,Policy Holder
No,Urban,33,"20,000 to 29,000",2 to 4,Third Party
No,Urban,27,"20,000 to 29,000",none,Policy Holder
No,Urban,31,"20,000 to 29,000",none,Third Party
No,Urban,55,"20,000 to 29,000",2 to 4,Policy Holder
No,Rural,39,"30,000 to 39,000",1,Policy Holder
No,Urban,31,"20,000 to 29,000",1,Policy Holder
No,Urban,54,"20,000 to 29,000",none,Third Party
No,Urban,23,"20,000 to 29,000",none,Policy Holder
Yes,Urban,35,"30,000 to 39,000",none,Policy Holder
No,Urban,34,"20,000 to 29,000",2 to 4,Policy Holder
No,Urban,37,"30,000 to 39,000",1,Policy Holder
No,Urban,41,"20,000 to 29,000",none,Policy Holder
No,Rural,62,"less than 20,000",2 to 4,Policy Holder
No,Urban,44,"more than 69,000",1,Third Party
No,Urban,60,"30,000 to 39,000",more than 4,Policy Holder
No,Urban,35,"less than 20,000",more than 4,Policy Holder
No,Urban,43,"20,000 to 29,000",none,Policy Holder
No,Urban,28,"20,000 to 29,000",1,Third Party
No,Rural,30,"30,000 to 39,000",none,Policy Holder
No,Urban,57,"30,000 to 39,000",none,Policy Holder
No,Urban,42,"30,000 to 39,000",1,Policy Holder
No,Urban,28,"more than 69,000",none,Policy Holder
No,Urban,26,"30,000 to 39,000",1,Third Party
No,Urban,32,"20,000 to 29,000",1,Policy Holder
No,Urban,53,"less than 20,000",1,Policy Holder
No,Urban,28,"20,000 to 29,000",1,Third Party
No,Urban,61,"20,000 to 29,000",1,Policy Holder
No,Urban,35,"30,000 to 39,000",2 to 4,Policy Holder
No,Urban,37,"20,000 to 29,000",1,Third Party
No,Urban,43,"less than 20,000",none,Third Party
No,Urban,76,"20,000 to 29,000",none,Policy Holder
No,Urban,63,"40,000 to 59,000",1,Policy Holder
No,Urban,36,"20,000 to 29,000",1,Policy Holder
No,Urban,40,"30,000 to 39,000",1,Policy Holder
No,Urban,30,"30,000 to 39,000",2 to 4,Third Party
No,Urban,32,"20,000 to 29,000",1,Third Party
No,Urban,43,"20,000 to 29,000",2 to 4,Policy Holder
No,Urban,30,"20,000 to 29,000",1,Policy Holder
No,Urban,32,"20,000 to 29,000",none,Policy Holder
No,Urban,43,"20,000 to 29,000",1,Policy Holder
Yes,Urban,41,"30,000 to 39,000",2 to 4,Policy Holder
No,Urban,40,"30,000 to 39,000",none,Policy Holder
No,Urban,54,"30,000 to 39,000",2 to 4,Third Party
No,Urban,29,"20,000 to 29,000",2 to 4,Policy Holder
No,Urban,62,"20,000 to 29,000",1,Policy Holder
Yes,Urban,19,"more than 69,000",2 to 4,Policy Holder
No,Rural,37,"20,000 to 29,000",none,Third Party
No,Urban,36,"20,000 to 29,000",2 to 4,Third Party
No,Urban,32,"20,000 to 29,000",none,Policy Holder
No,Urban,54,"20,000 to 29,000",1,Third Party
No,Urban,28,"20,000 to 29,000",2 to 4,Policy Holder
No,Urban,35,"20,000 to 29,000",none,Third Party
No,Urban,53,"30,000 to 39,000",2 to 4,Policy Holder
No,Urban,33,"more than 69,000",none,Third Party
No,Urban,77,"20,000 to 29,000",none,Third Party
No,Urban,42,"30,000 to 39,000",1,Third Party
No,Urban,39,"30,000 to 39,000",1,Third Party
No,Rural,45,"30,000 to 39,000",1,Third Party
No,Urban,53,"20,000 to 29,000",2 to 4,Policy Holder
No,Rural,39,"less than 20,000",none,Third Party
No,Urban,52,"less than 20,000",none,Policy Holder
No,Urban,28,"20,000 to 29,000",none,Third Party
No,Urban,29,"20,000 to 29,000",1,Policy Holder
No,Urban,0,"more than 69,000",more than 4,Policy Holder
No,Urban,33,"20,000 to 29,000",1,Third Party
No,Urban,0,"more than 69,000",more than 4,Policy Holder
No,Rural,0,"more than 69,000",2 to 4,Policy Holder
No,Urban,26,"more than 69,000",2 to 4,Policy Holder
No,Urban,27,"30,000 to 39,000",1,Third Party
No,Urban,35,"20,000 to 29,000",1,Third Party
No,Urban,36,"20,000 to 29,000",1,Third Party
Yes,Urban,29,"more than 69,000",none,Policy Holder
No,Urban,30,"20,000 to 29,000",more than 4,Policy Holder
No,Rural,52,"30,000 to 39,000",none,Third Party
No,Urban,37,"20,000 to 29,000",2 to 4,Policy Holder
No,Urban,50,"30,000 to 39,000",more than 4,Policy Holder
No,Urban,26,"20,000 to 29,000",none,Policy Holder
No,Urban,27,"more than 69,000",1,Policy Holder
No,Rural,32,"30,000 to 39,000",none,Third Party
No,Rural,72,"20,000 to 29,000",none,Policy Holder
No,Urban,41,"less than 20,000",none,Third Party
No,Urban,26,"less than 20,000",2 to 4,Policy Holder
No,Urban,0,"more than 69,000",more than 4,Policy Holder
No,Urban,29,"20,000 to 29,000",2 to 4,Policy Holder
No,Urban,57,"20,000 to 29,000",none,Third Party
No,Urban,31,"20,000 to 29,000",1,Policy Holder
No,Urban,44,"20,000 to 29,000",1,Policy Holder
No,Urban,57,"20,000 to 29,000",none,Policy Holder
No,Rural,57,"20,000 to 29,000",none,Policy Holder
Yes,Urban,36,"less than 20,000",1,Policy Holder
No,Urban,54,"more than 69,000",none,Policy Holder
No,Rural,28,"20,000 to 29,000",2 to 4,Policy Holder
No,Urban,49,"20,000 to 29,000",2 to 4,Third Party
No,Urban,49,"30,000 to 39,000",none,Third Party
No,Urban,27,"30,000 to 39,000",2 to 4,Third Party
No,Rural,0,"more than 69,000",none,Policy Holder
No,Rural,37,"20,000 to 29,000",1,Policy Holder
No,Urban,25,"20,000 to 29,000",2 to 4,Policy Holder
No,Urban,53,"20,000 to 29,000",2 to 4,Policy Holder
Yes,Urban,53,"40,000 to 59,000",none,Policy Holder
No,Urban,34,"30,000 to 39,000",1,Policy Holder
No,Urban,36,"30,000 to 39,000",more than 4,Policy Holder
No,Urban,45,"more than 69,000",2 to 4,Policy Holder
No,Urban,57,"20,000 to 29,000",1,Third Party
No,Urban,36,"30,000 to 39,000",1,Policy Holder
Yes,Urban,34,"more than 69,000",none,Policy Holder
No,Urban,64,"20,000 to 29,000",none,Third Party
No,Urban,38,"40,000 to 59,000",2 to 4,Policy Holder
No,Urban,39,"more than 69,000",1,Policy Holder
No,Urban,63,"60,000 to 69,000",more than 4,Policy Holder
No,Urban,30,"20,000 to 29,000",1,Policy Holder
No,Urban,35,"20,000 to 29,000",2 to 4,Policy Holder
No,Urban,45,"20,000 to 29,000",2 to 4,Policy Holder
No,Urban,41,"30,000 to 39,000",2 to 4,Policy Holder
No,Urban,32,"30,000 to 39,000",2 to 4,Third Party
No,Urban,54,"less than 20,000",none,Third Party
No,Urban,46,"20,000 to 29,000",none,Third Party
No,Urban,44,"30,000 to 39,000",2 to 4,Policy Holder
No,Urban,57,"20,000 to 29,000",2 to 4,Policy Holder
No,Rural,42,"20,000 to 29,000",2 to 4,Policy Holder
No,Urban,55,"20,000 to 29,000",2 to 4,Policy Holder
No,Urban,29,"more than 69,000",2 to 4,Third Party
No,Urban,48,"20,000 to 29,000",1,Policy Holder
No,Urban,23,"more than 69,000",none,Policy Holder
No,Urban,48,"20,000 to 29,000",1,Third Party
No,Rural,48,"20,000 to 29,000",2 to 4,Policy Holder
No,Urban,50,"30,000 to 39,000",none,Policy Holder
No,Urban,31,"20,000 to 29,000",1,Policy Holder
No,Urban,68,"40,000 to 59,000",1,Policy Holder
No,Rural,29,"20,000 to 29,000",2 to 4,Third Party
No,Urban,56,"30,000 to 39,000",more than 4,Policy Holder
No,Urban,71,"20,000 to 29,000",1,Policy Holder
Yes,Urban,53,"20,000 to 29,000",none,Policy Holder
No,Urban,32,"20,000 to 29,000",none,Third Party
No,Urban,46,"30,000 to 39,000",more than 4,Policy Holder
No,Urban,25,"20,000 to 29,000",2 to 4,Policy Holder
Yes,Urban,46,"30,000 to 39,000",1,Policy Holder
No,Urban,55,"60,000 to 69,000",none,Policy Holder
No,Urban,42,"less than 20,000",2 to 4,Policy Holder
No,Urban,52,"more than 69,000",more than 4,Third Party
No,Urban,27,"20,000 to 29,000",1,Policy Holder
No,Urban,34,"20,000 to 29,000",1,Policy Holder
No,Urban,52,"more than 69,000",none,Third Party
No,Urban,65,"more than 69,000",none,Policy Holder
No,Urban,41,"less than 20,000",none,Third Party
No,Urban,27,"20,000 to 29,000",1,Policy Holder
No,Urban,64,"30,000 to 39,000",2 to 4,Policy Holder
No,Urban,30,"more than 69,000",2 to 4,Third Party
No,Urban,30,"20,000 to 29,000",none,Policy Holder
No,Urban,42,"20,000 to 29,000",2 to 4,Policy Holder
Yes,Urban,39,"20,000 to 29,000",none,Policy Holder
No,Rural,32,"20,000 to 29,000",2 to 4,Third Party
No,Urban,60,"20,000 to 29,000",1,Policy Holder
No,Urban,35,"20,000 to 29,000",none,Policy Holder
No,Urban,41,"20,000 to 29,000",2 to 4,Policy Holder
No,Urban,30,"20,000 to 29,000",2 to 4,Policy Holder
No,Rural,24,"20,000 to 29,000",1,Third Party
No,Urban,31,"30,000 to 39,000",2 to 4,Policy Holder
No,Urban,31,"20,000 to 29,000",none,Policy Holder
No,Urban,30,"20,000 to 29,000",more than 4,Policy Holder
No,Rural,42,"20,000 to 29,000",2 to 4,Policy Holder
No,Urban,47,"30,000 to 39,000",1,Policy Holder
No,Urban,51,"40,000 to 59,000",2 to 4,Policy Holder
No,Urban,30,"20,000 to 29,000",none,Third Party
Yes,Urban,27,"20,000 to 29,000",2 to 4,Policy Holder
No,Urban,30,"20,000 to 29,000",2 to 4,Third Party
No,Rural,42,"20,000 to 29,000",2 to 4,Policy Holder
No,Urban,28,"20,000 to 29,000",2 to 4,Policy Holder
No,Urban,40,"more than 69,000",none,Policy Holder
No,Urban,53,"20,000 to 29,000",2 to 4,Third Party
No,Urban,0,"more than 69,000",2 to 4,Policy Holder
No,Urban,26,"20,000 to 29,000",1,Third Party
No,Urban,42,"20,000 to 29,000",2 to 4,Policy Holder
No,Urban,0,"more than 69,000",1,Policy Holder
No,Urban,43,"20,000 to 29,000",none,Policy Holder
No,Urban,65,"more than 69,000",1,Policy Holder
No,Urban,44,"30,000 to 39,000",2 to 4,Policy Holder
No,Urban,55,"40,000 to 59,000",more than 4,Policy Holder
No,Urban,38,"20,000 to 29,000",more than 4,Policy Holder
No,Urban,32,"less than 20,000",more than 4,Policy Holder
No,Urban,30,"30,000 to 39,000",more than 4,Policy Holder
No,Urban,30,"20,000 to 29,000",1,Third Party
No,Urban,34,"20,000 to 29,000",2 to 4,Policy Holder
No,Urban,31,"more than 69,000",2 to 4,Policy Holder
No,Urban,29,"30,000 to 39,000",1,Policy Holder
No,Urban,35,"30,000 to 39,000",2 to 4,Policy Holder
No,Urban,61,"more than 69,000",2 to 4,Policy Holder
No,Urban,35,"20,000 to 29,000",none,Policy Holder
No,Urban,0,"more than 69,000",none,Policy Holder
No,Urban,40,"20,000 to 29,000",2 to 4,Third Party
No,Rural,33,"30,000 to 39,000",2 to 4,Policy Holder
No,Urban,33,"30,000 to 39,000",1,Policy Holder
No,Urban,0,"more than 69,000",more than 4,Policy Holder
No,Urban,46,"20,000 to 29,000",1,Policy Holder
No,Urban,42,"less than 20,000",1,Policy Holder
No,Urban,54,"20,000 to 29,000",1,Policy Holder
No,Rural,37,"20,000 to 29,000",more than 4,Policy Holder
No,Urban,40,"40,000 to 59,000",none,Third Party
No,Urban,52,"30,000 to 39,000",more than 4,Policy Holder
No,Urban,39,"30,000 to 39,000",2 to 4,Policy Holder
Yes,Urban,32,"more than 69,000",none,Policy Holder
No,Urban,28,"20,000 to 29,000",more than 4,Third Party
No,Urban,52,"more than 69,000",2 to 4,Policy Holder
No,Urban,0,"more than 69,000",2 to 4,Policy Holder
No,Urban,26,"20,000 to 29,000",2 to 4,Policy Holder
Yes,Rural,42,"less than 20,000",none,Policy Holder
No,Urban,47,"30,000 to 39,000",1,Third Party
No,Urban,56,"20,000 to 29,000",none,Policy Holder
No,Urban,0,"more than 69,000",1,Policy Holder
No,Urban,53,"less than 20,000",none,Third Party
Yes,Urban,35,"20,000 to 29,000",none,Policy Holder
No,Urban,39,"30,000 to 39,000",more than 4,Policy Holder
No,Urban,27,"20,000 to 29,000",2 to 4,Policy Holder
No,Rural,0,"more than 69,000",none,Policy Holder
No,Urban,31,"20,000 to 29,000",none,Policy Holder
No,Urban,38,"40,000 to 59,000",1,Policy Holder
No,Urban,50,"20,000 to 29,000",2 to 4,Third Party
No,Rural,42,"20,000 to 29,000",more than 4,Third Party
No,Urban,47,"20,000 to 29,000",none,Policy Holder
No,Rural,32,"less than 20,000",1,Policy Holder
No,Urban,32,"20,000 to 29,000",2 to 4,Third Party
No,Urban,24,"more than 69,000",none,Third Party
No,Urban,37,"30,000 to 39,000",1,Third Party
No,Urban,49,"20,000 to 29,000",more than 4,Policy Holder
No,Urban,34,"20,000 to 29,000",more than 4,Policy Holder
No,Urban,34,"30,000 to 39,000",none,Third Party
No,Urban,54,"30,000 to 39,000",more than 4,Third Party
No,Urban,28,"20,000 to 29,000",1,Policy Holder
No,Urban,44,"20,000 to 29,000",2 to 4,Policy Holder
No,Urban,27,"20,000 to 29,000",none,Third Party
No,Urban,51,"20,000 to 29,000",1,Policy Holder
No,Urban,21,"20,000 to 29,000",none,Third Party
No,Rural,44,"20,000 to 29,000",2 to 4,Third Party
No,Urban,33,"30,000 to 39,000",more than 4,Policy Holder
No,Urban,31,"30,000 to 39,000",1,Policy Holder
No,Urban,44,"20,000 to 29,000",2 to 4,Third Party
No,Urban,79,"20,000 to 29,000",2 to 4,Policy Holder
No,Urban,50,"30,000 to 39,000",more than 4,Policy Holder
No,Urban,64,"20,000 to 29,000",none,Third Party
No,Urban,28,"20,000 to 29,000",2 to 4,Third Party
No,Urban,48,"30,000 to 39,000",2 to 4,Policy Holder
No,Urban,26,"20,000 to 29,000",2 to 4,Policy Holder
No,Urban,41,"30,000 to 39,000",1,Third Party
No,Rural,57,"30,000 to 39,000",none,Third Party
No,Urban,75,"40,000 to 59,000",2 to 4,Policy Holder
No,Urban,37,"20,000 to 29,000",more than 4,Policy Holder
Yes,Urban,40,"20,000 to 29,000",1,Policy Holder
Yes,Urban,41,"20,000 to 29,000",2 to 4,Policy Holder
No,Urban,33,"20,000 to 29,000",2 to 4,Policy Holder
No,Rural,80,"more than 69,000",2 to 4,Policy Holder
No,Urban,34,"40,000 to 59,000",none,Third Party
No,Urban,53,"40,000 to 59,000",2 to 4,Policy Holder
No,Urban,31,"20,000 to 29,000",1,Third Party
No,Urban,34,"20,000 to 29,000",2 to 4,Policy Holder
No,Urban,56,"20,000 to 29,000",none,Policy Holder
No,Urban,53,"40,000 to 59,000",none,Policy Holder
No,Urban,36,"less than 20,000",2 to 4,Policy Holder
No,Urban,26,"20,000 to 29,000",1,Policy Holder
No,Rural,48,"20,000 to 29,000",2 to 4,Third Party
No,Urban,44,"20,000 to 29,000",none,Third Party
No,Urban,39,"30,000 to 39,000",more than 4,Policy Holder
No,Urban,32,"20,000 to 29,000",none,Policy Holder
No,Urban,42,"20,000 to 29,000",more than 4,Policy Holder
No,Rural,34,"20,000 to 29,000",2 to 4,Policy Holder
No,Urban,27,"20,000 to 29,000",more than 4,Policy Holder
No,Urban,26,"20,000 to 29,000",2 to 4,Policy Holder
No,Rural,50,"20,000 to 29,000",2 to 4,Policy Holder
No,Urban,75,"20,000 to 29,000",none,Policy Holder
No,Urban,54,"20,000 to 29,000",2 to 4,Policy Holder
No,Urban,26,"30,000 to 39,000",2 to 4,Policy Holder
No,Urban,71,"20,000 to 29,000",1,Third Party
No,Urban,42,"40,000 to 59,000",2 to 4,Policy Holder
No,Urban,34,"20,000 to 29,000",more than 4,Policy Holder
Yes,Urban,38,"30,000 to 39,000",more than 4,Policy Holder
No,Urban,32,"30,000 to 39,000",more than 4,Third Party
No,Rural,26,"more than 69,000",2 to 4,Policy Holder
No,Rural,35,"20,000 to 29,000",1,Policy Holder
No,Urban,33,"20,000 to 29,000",more than 4,Policy Holder
No,Urban,31,"20,000 to 29,000",2 to 4,Policy Holder
No,Urban,59,"30,000 to 39,000",2 to 4,Policy Holder
No,Urban,74,"20,000 to 29,000",2 to 4,Policy Holder
No,Rural,47,"less than 20,000",1,Policy Holder
Yes,Urban,35,"more than 69,000",2 to 4,Policy Holder
No,Urban,31,"20,000 to 29,000",1,Policy Holder
No,Urban,30,"30,000 to 39,000",2 to 4,Policy Holder
Yes,Urban,48,"more than 69,000",none,Policy Holder
No,Urban,68,"40,000 to 59,000",none,Policy Holder
No,Urban,31,"30,000 to 39,000",more than 4,Policy Holder
No,Urban,43,"20,000 to 29,000",2 to 4,Third Party
No,Urban,64,"more than 69,000",1,Policy Holder
No,Urban,56,"20,000 to 29,000",1,Third Party
No,Urban,58,"20,000 to 29,000",none,Policy Holder
No,Urban,31,"30,000 to 39,000",2 to 4,Policy Holder
No,Urban,55,"more than 69,000",1,Policy Holder
No,Urban,33,"20,000 to 29,000",none,Policy Holder
No,Urban,37,"20,000 to 29,000",none,Third Party
No,Urban,52,"30,000 to 39,000",2 to 4,Policy Holder
No,Urban,29,"20,000 to 29,000",2 to 4,Policy Holder
No,Rural,30,"20,000 to 29,000",2 to 4,Policy Holder
Yes,Urban,46,"20,000 to 29,000",1,Policy Holder
No,Rural,38,"20,000 to 29,000",more than 4,Policy Holder
No,Urban,31,"20,000 to 29,000",none,Policy Holder
No,Urban,21,"more than 69,000",none,Policy Holder
No,Urban,40,"more than 69,000",2 to 4,Policy Holder
No,Urban,26,"less than 20,000",2 to 4,Third Party
Yes,Urban,57,"less than 20,000",1,Policy Holder
No,Urban,29,"30,000 to 39,000",1,Third Party
No,Rural,23,"20,000 to 29,000",none,Third Party
No,Urban,43,"20,000 to 29,000",1,Policy Holder
No,Urban,55,"30,000 to 39,000",2 to 4,Policy Holder
No,Urban,28,"20,000 to 29,000",2 to 4,Policy Holder
No,Urban,70,"30,000 to 39,000",none,Third Party
No,Urban,24,"less than 20,000",more than 4,Policy Holder
No,Urban,48,"30,000 to 39,000",2 to 4,Policy Holder
No,Urban,42,"more than 69,000",none,Policy Holder
No,Urban,57,"less than 20,000",1,Third Party
Yes,Urban,26,"20,000 to 29,000",none,Policy Holder
Yes,Urban,31,"20,000 to 29,000",more than 4,Third Party
No,Urban,43,"20,000 to 29,000",more than 4,Policy Holder
No,Urban,41,"20,000 to 29,000",more than 4,Policy Holder
No,Rural,31,"20,000 to 29,000",2 to 4,Policy Holder
No,Urban,27,"20,000 to 29,000",2 to 4,Policy Holder
No,Urban,37,"40,000 to 59,000",1,Third Party
Yes,Urban,31,"30,000 to 39,000",1,Policy Holder
No,Urban,54,"20,000 to 29,000",1,Policy Holder
No,Urban,72,"20,000 to 29,000",none,Policy Holder
No,Urban,35,"30,000 to 39,000",more than 4,Policy Holder
No,Urban,33,"30,000 to 39,000",2 to 4,Policy Holder
No,Rural,37,"40,000 to 59,000",2 to 4,Policy Holder
No,Urban,64,"20,000 to 29,000",1,Policy Holder
No,Urban,58,"20,000 to 29,000",none,Third Party
Yes,Urban,61,"30,000 to 39,000",more than 4,Policy Holder
No,Rural,42,"30,000 to 39,000",2 to 4,Policy Holder
No,Urban,49,"20,000 to 29,000",2 to 4,Policy Holder
No,Rural,43,"more than 69,000",none,Policy Holder
No,Rural,23,"less than 20,000",2 to 4,Third Party
No,Urban,51,"more than 69,000",2 to 4,Policy Holder
No,Urban,44,"20,000 to 29,000",2 to 4,Policy Holder
No,Rural,28,"30,000 to 39,000",1,Third Party
No,Urban,43,"more than 69,000",more than 4,Third Party
No,Urban,29,"30,000 to 39,000",more than 4,Policy Holder
No,Urban,26,"20,000 to 29,000",none,Policy Holder
No,Urban,52,"20,000 to 29,000",none,Policy Holder
No,Urban,32,"20,000 to 29,000",none,Policy Holder
No,Urban,39,"less than 20,000",none,Third Party
No,Rural,55,"more than 69,000",2 to 4,Policy Holder
No,Urban,53,"30,000 to 39,000",2 to 4,Policy Holder
No,Urban,26,"less than 20,000",none,Policy Holder
No,Urban,52,"40,000 to 59,000",1,Policy Holder
No,Urban,31,"30,000 to 39,000",more than 4,Policy Holder
No,Urban,62,"20,000 to 29,000",2 to 4,Policy Holder
No,Urban,36,"30,000 to 39,000",none,Policy Holder
No,Urban,55,"20,000 to 29,000",2 to 4,Third Party
No,Urban,42,"20,000 to 29,000",2 to 4,Third Party
No,Rural,45,"20,000 to 29,000",1,Third Party
No,Urban,27,"20,000 to 29,000",2 to 4,Policy Holder
No,Urban,35,"30,000 to 39,000",2 to 4,Policy Holder
No,Urban,55,"30,000 to 39,000",none,Policy Holder
No,Urban,42,"30,000 to 39,000",2 to 4,Policy Holder
No,Urban,59,"less than 20,000",none,Third Party
No,Urban,79,"20,000 to 29,000",none,Policy Holder
No,Urban,66,"less than 20,000",none,Policy Holder
No,Urban,75,"30,000 to 39,000",none,Policy Holder
No,Urban,29,"40,000 to 59,000",none,Policy Holder
No,Urban,71,"20,000 to 29,000",2 to 4,Policy Holder
No,Urban,39,"20,000 to 29,000",1,Policy Holder
No,Urban,39,"20,000 to 29,000",2 to 4,Third Party
No,Urban,51,"30,000 to 39,000",1,Policy Holder
No,Urban,45,"30,000 to 39,000",2 to 4,Policy Holder
No,Urban,68,"30,000 to 39,000",more than 4,Policy Holder
No,Urban,43,"more than 69,000",2 to 4,Policy Holder
No,Urban,66,"less than 20,000",2 to 4,Policy Holder
Yes,Urban,23,"20,000 to 29,000",none,Policy Holder
No,Urban,68,"30,000 to 39,000",1,Third Party
No,Urban,50,"40,000 to 59,000",2 to 4,Third Party
No,Urban,57,"less than 20,000",none,Third Party
No,Rural,41,"30,000 to 39,000",none,Third Party
No,Urban,32,"30,000 to 39,000",2 to 4,Third Party
No,Urban,32,"30,000 to 39,000",more than 4,Policy Holder
No,Urban,41,"more than 69,000",more than 4,Policy Holder
No,Rural,26,"20,000 to 29,000",1,Third Party
No,Urban,43,"30,000 to 39,000",more than 4,Policy Holder
No,Urban,28,"20,000 to 29,000",none,Third Party
No,Urban,28,"20,000 to 29,000",none,Policy Holder
No,Rural,24,"30,000 to 39,000",none,Policy Holder
No,Urban,62,"more than 69,000",none,Policy Holder
No,Urban,30,"more than 69,000",1,Policy Holder
No,Urban,20,"20,000 to 29,000",1,Third Party
No,Urban,26,"more than 69,000",none,Policy Holder
No,Urban,43,"20,000 to 29,000",2 to 4,Policy Holder
No,Urban,57,"20,000 to 29,000",none,Policy Holder
No,Urban,76,"20,000 to 29,000",1,Policy Holder
No,Urban,46,"40,000 to 59,000",1,Policy Holder
No,Urban,28,"more than 69,000",2 to 4,Third Party
No,Urban,26,"30,000 to 39,000",1,Policy Holder
No,Urban,63,"more than 69,000",2 to 4,Policy Holder
No,Urban,29,"20,000 to 29,000",2 to 4,Third Party
No,Urban,36,"20,000 to 29,000",none,Third Party
No,Urban,66,"20,000 to 29,000",1,Third Party
No,Rural,40,"20,000 to 29,000",more than 4,Policy Holder
No,Urban,27,"20,000 to 29,000",more than 4,Third Party
No,Urban,31,"20,000 to 29,000",1,Policy Holder
No,Urban,62,"20,000 to 29,000",1,Third Party
No,Urban,41,"20,000 to 29,000",1,Policy Holder
No,Urban,32,"30,000 to 39,000",1,Third Party
No,Urban,46,"20,000 to 29,000",2 to 4,Policy Holder
No,Urban,35,"20,000 to 29,000",2 to 4,Policy Holder
No,Urban,21,"less than 20,000",1,Third Party
No,Urban,35,"20,000 to 29,000",none,Third Party
No,Urban,72,"20,000 to 29,000",2 to 4,Policy Holder
No,Urban,31,"30,000 to 39,000",2 to 4,Policy Holder
No,Rural,50,"more than 69,000",more than 4,Policy Holder
No,Urban,0,"more than 69,000",2 to 4,Policy Holder
Yes,Urban,39,"more than 69,000",none,Policy Holder
No,Rural,64,"20,000 to 29,000",1,Policy Holder
No,Urban,26,"less than 20,000",2 to 4,Third Party
No,Urban,63,"20,000 to 29,000",none,Third Party
No,Urban,45,"40,000 to 59,000",2 to 4,Policy Holder
No,Urban,44,"20,000 to 29,000",2 to 4,Policy Holder
No,Urban,27,"30,000 to 39,000",2 to 4,Policy Holder
No,Urban,45,"more than 69,000",2 to 4,Third Party
No,Urban,54,"20,000 to 29,000",1,Third Party
No,Urban,35,"30,000 to 39,000",1,Policy Holder
No,Urban,42,"30,000 to 39,000",1,Policy Holder
No,Urban,49,"20,000 to 29,000",none,Policy Holder
No,Urban,37,"30,000 to 39,000",more than 4,Policy Holder
No,Urban,31,"30,000 to 39,000",more than 4,Policy Holder
No,Rural,41,"20,000 to 29,000",2 to 4,Policy Holder
No,Urban,37,"30,000 to 39,000",1,Policy Holder
No,Urban,40,"30,000 to 39,000",2 to 4,Policy Holder
No,Urban,27,"20,000 to 29,000",none,Third Party
No,Urban,36,"30,000 to 39,000",more than 4,Third Party
No,Urban,39,"20,000 to 29,000",none,Policy Holder
No,Urban,27,"30,000 to 39,000",1,Policy Holder
No,Urban,34,"less than 20,000",none,Policy Holder
No,Rural,35,"20,000 to 29,000",2 to 4,Policy Holder
No,Urban,56,"30,000 to 39,000",1,Policy Holder
No,Urban,33,"20,000 to 29,000",none,Policy Holder
Yes,Urban,0,"more than 69,000",none,Policy Holder
No,Urban,64,"30,000 to 39,000",1,Third Party
No,Urban,34,"20,000 to 29,000",1,Policy Holder
No,Urban,40,"less than 20,000",none,Policy Holder
No,Urban,35,"20,000 to 29,000",none,Policy Holder
No,Urban,34,"40,000 to 59,000",more than 4,Policy Holder
No,Urban,30,"40,000 to 59,000",2 to 4,Policy Holder
No,Urban,41,"30,000 to 39,000",none,Policy Holder
No,Urban,44,"20,000 to 29,000",2 to 4,Policy Holder
No,Urban,34,"20,000 to 29,000",1,Policy Holder
No,Urban,29,"20,000 to 29,000",none,Policy Holder
No,Rural,45,"40,000 to 59,000",1,Policy Holder
No,Urban,22,"less than 20,000",none,Policy Holder
No,Rural,22,"20,000 to 29,000",2 to 4,Third Party
No,Rural,39,"30,000 to 39,000",2 to 4,Policy Holder
No,Urban,41,"20,000 to 29,000",none,Policy Holder
No,Urban,34,"20,000 to 29,000",none,Policy Holder
No,Urban,55,"30,000 to 39,000",more than 4,Policy Holder
No,Urban,28,"20,000 to 29,000",none,Policy Holder
No,Rural,57,"30,000 to 39,000",none,Policy Holder
No,Urban,65,"less than 20,000",2 to 4,Third Party
No,Urban,51,"30,000 to 39,000",more than 4,Policy Holder
No,Urban,33,"20,000 to 29,000",more than 4,Third Party
No,Urban,32,"20,000 to 29,000",none,Policy Holder
No,Urban,35,"20,000 to 29,000",2 to 4,Third Party
No,Urban,31,"20,000 to 29,000",2 to 4,Third Party
No,Urban,62,"30,000 to 39,000",2 to 4,Policy Holder
No,Urban,71,"20,000 to 29,000",2 to 4,Policy Holder
No,Urban,29,"20,000 to 29,000",none,Third Party
No,Urban,41,"more than 69,000",none,Policy Holder
No,Urban,50,"20,000 to 29,000",1,Policy Holder
No,Urban,53,"20,000 to 29,000",2 to 4,Policy Holder
No,Urban,55,"20,000 to 29,000",none,Policy Holder
No,Urban,27,"20,000 to 29,000",none,Policy Holder
No,Rural,31,"30,000 to 39,000",2 to 4,Third Party
No,Urban,74,"20,000 to 29,000",none,Policy Holder
No,Urban,27,"30,000 to 39,000",more than 4,Policy Holder
No,Urban,26,"20,000 to 29,000",more than 4,Policy Holder
No,Urban,36,"20,000 to 29,000",none,Policy Holder
No,Urban,29,"less than 20,000",2 to 4,Third Party
Yes,Urban,59,"20,000 to 29,000",2 to 4,Policy Holder
No,Urban,58,"20,000 to 29,000",2 to 4,Third Party
No,Urban,28,"20,000 to 29,000",2 to 4,Policy Holder
No,Rural,58,"20,000 to 29,000",2 to 4,Policy Holder
No,Urban,48,"30,000 to 39,000",more than 4,Policy Holder
No,Rural,28,"more than 69,000",2 to 4,Policy Holder
No,Urban,38,"20,000 to 29,000",1,Third Party
No,Urban,44,"40,000 to 59,000",none,Third Party
No,Urban,56,"20,000 to 29,000",more than 4,Policy Holder
No,Urban,30,"20,000 to 29,000",2 to 4,Policy Holder
No,Urban,38,"20,000 to 29,000",none,Policy Holder
No,Rural,38,"30,000 to 39,000",1,Third Party
No,Urban,44,"more than 69,000",1,Third Party
No,Urban,46,"20,000 to 29,000",more than 4,Policy Holder
No,Urban,36,"20,000 to 29,000",2 to 4,Policy Holder
No,Urban,26,"20,000 to 29,000",2 to 4,Policy Holder
No,Urban,38,"30,000 to 39,000",more than 4,Policy Holder
No,Urban,62,"30,000 to 39,000",2 to 4,Policy Holder
No,Urban,26,"20,000 to 29,000",2 to 4,Policy Holder
No,Urban,41,"more than 69,000",2 to 4,Policy Holder
No,Urban,47,"30,000 to 39,000",none,Third Party
No,Urban,62,"20,000 to 29,000",1,Policy Holder
No,Urban,27,"less than 20,000",2 to 4,Third Party
No,Urban,48,"20,000 to 29,000",none,Policy Holder
No,Urban,27,"20,000 to 29,000",2 to 4,Policy Holder
No,Urban,36,"less than 20,000",2 to 4,Policy Holder
No,Urban,44,"20,000 to 29,000",2 to 4,Policy Holder
No,Urban,37,"20,000 to 29,000",1,Policy Holder
No,Urban,43,"30,000 to 39,000",none,Policy Holder
No,Rural,48,"more than 69,000",none,Policy Holder
No,Urban,19,"less than 20,000",1,Third Party
No,Urban,65,"less than 20,000",1,Policy Holder
No,Urban,47,"20,000 to 29,000",1,Policy Holder
No,Urban,33,"30,000 to 39,000",1,Third Party
No,Urban,50,"20,000 to 29,000",2 to 4,Third Party
No,Urban,30,"20,000 to 29,000",2 to 4,Third Party
No,Urban,32,"20,000 to 29,000",2 to 4,Policy Holder
No,Rural,26,"20,000 to 29,000",1,Policy Holder
No,Urban,64,"40,000 to 59,000",2 to 4,Policy Holder
No,Urban,35,"20,000 to 29,000",none,Third Party
No,Urban,30,"40,000 to 59,000",2 to 4,Third Party
No,Urban,36,"20,000 to 29,000",2 to 4,Policy Holder
No,Urban,20,"more than 69,000",2 to 4,Third Party
No,Urban,33,"20,000 to 29,000",2 to 4,Policy Holder
No,Rural,78,"20,000 to 29,000",1,Third Party
No,Rural,32,"more than 69,000",2 to 4,Third Party
No,Urban,74,"20,000 to 29,000",none,Policy Holder
Yes,Urban,41,"more than 69,000",1,Policy Holder
No,Urban,50,"20,000 to 29,000",none,Third Party
No,Urban,42,"30,000 to 39,000",2 to 4,Policy Holder
No,Urban,49,"20,000 to 29,000",none,Third Party
No,Urban,48,"20,000 to 29,000",2 to 4,Policy Holder
No,Rural,45,"20,000 to 29,000",1,Policy Holder
Yes,Urban,31,"less than 20,000",none,Policy Holder
No,Urban,36,"20,000 to 29,000",more than 4,Policy Holder
No,Urban,26,"40,000 to 59,000",1,Policy Holder
No,Rural,19,"20,000 to 29,000",1,Policy Holder
No,Urban,38,"more than 69,000",more than 4,Third Party
No,Urban,36,"less than 20,000",none,Policy Holder
No,Urban,50,"20,000 to 29,000",none,Policy Holder
No,Urban,24,"30,000 to 39,000",2 to 4,Policy Holder
No,Urban,79,"less than 20,000",2 to 4,Policy Holder
No,Urban,30,"20,000 to 29,000",1,Policy Holder
No,Urban,47,"30,000 to 39,000",none,Third Party
No,Urban,46,"more than 69,000",1,Policy Holder
No,Urban,35,"30,000 to 39,000",none,Policy Holder
No,Urban,51,"20,000 to 29,000",2 to 4,Policy Holder
No,Urban,27,"30,000 to 39,000",more than 4,Policy Holder
No,Rural,28,"more than 69,000",more than 4,Policy Holder
No,Urban,34,"20,000 to 29,000",none,Third Party
No,Urban,28,"less than 20,000",none,Policy Holder
No,Urban,34,"20,000 to 29,000",none,Third Party
No,Urban,37,"20,000 to 29,000",more than 4,Policy Holder
No,Rural,33,"30,000 to 39,000",more than 4,Policy Holder
No,Urban,43,"20,000 to 29,000",more than 4,Policy Holder
No,Urban,49,"20,000 to 29,000",more than 4,Policy Holder
No,Urban,49,"more than 69,000",none,Policy Holder
No,Urban,31,"less than 20,000",2 to 4,Policy Holder
Yes,Urban,28,"20,000 to 29,000",none,Policy Holder
No,Urban,40,"more than 69,000",2 to 4,Policy Holder
No,Urban,34,"20,000 to 29,000",none,Third Party
No,Urban,37,"less than 20,000",1,Third Party
No,Rural,28,"30,000 to 39,000",2 to 4,Policy Holder
No,Urban,69,"30,000 to 39,000",none,Policy Holder
No,Urban,34,"20,000 to 29,000",1,Policy Holder
No,Urban,27,"20,000 to 29,000",1,Policy Holder
No,Urban,29,"less than 20,000",2 to 4,Policy Holder
No,Urban,36,"more than 69,000",none,Policy Holder
No,Urban,53,"30,000 to 39,000",2 to 4,Policy Holder
No,Urban,35,"20,000 to 29,000",2 to 4,Policy Holder
No,Urban,41,"30,000 to 39,000",2 to 4,Policy Holder
No,Urban,63,"30,000 to 39,000",none,Third Party
No,Urban,26,"less than 20,000",2 to 4,Policy Holder
Yes,Urban,40,"30,000 to 39,000",none,Policy Holder
No,Urban,34,"20,000 to 29,000",none,Policy Holder
No,Urban,32,"20,000 to 29,000",1,Policy Holder
No,Urban,31,"20,000 to 29,000",2 to 4,Policy Holder
No,Urban,27,"30,000 to 39,000",1,Policy Holder
No,Urban,40,"20,000 to 29,000",none,Third Party
Yes,Urban,48,"less than 20,000",none,Policy Holder
No,Urban,28,"20,000 to 29,000",2 to 4,Policy Holder
No,Urban,46,"20,000 to 29,000",2 to 4,Policy Holder
Yes,Urban,23,"less than 20,000",1,Policy Holder
No,Urban,26,"30,000 to 39,000",1,Policy Holder
Yes,Urban,28,"20,000 to 29,000",1,Policy Holder
No,Urban,50,"40,000 to 59,000",more than 4,Policy Holder
No,Urban,45,"20,000 to 29,000",none,Third Party
No,Urban,43,"more than 69,000",2 to 4,Policy Holder
No,Urban,54,"20,000 to 29,000",2 to 4,Policy Holder
No,Urban,28,"20,000 to 29,000",2 to 4,Policy Holder
No,Urban,56,"more than 69,000",more than 4,Policy Holder
No,Urban,0,"more than 69,000",none,Policy Holder
No,Urban,32,"20,000 to 29,000",none,Third Party
No,Urban,31,"20,000 to 29,000",1,Third Party
No,Urban,40,"less than 20,000",none,Policy Holder
No,Urban,43,"20,000 to 29,000",more than 4,Policy Holder
No,Rural,52,"30,000 to 39,000",more than 4,Policy Holder
Yes,Urban,34,"30,000 to 39,000",more than 4,Policy Holder
No,Urban,36,"20,000 to 29,000",2 to 4,Policy Holder
No,Urban,29,"20,000 to 29,000",1,Policy Holder
No,Urban,74,"more than 69,000",none,Third Party
No,Urban,60,"30,000 to 39,000",1,Policy Holder
No,Urban,30,"30,000 to 39,000",more than 4,Policy Holder
No,Urban,29,"more than 69,000",none,Third Party
No,Urban,31,"more than 69,000",none,Third Party
No,Urban,34,"20,000 to 29,000",none,Policy Holder
No,Urban,36,"20,000 to 29,000",none,Policy Holder
Yes,Urban,28,"20,000 to 29,000",1,Policy Holder
No,Rural,44,"20,000 to 29,000",none,Policy Holder
No,Urban,45,"30,000 to 39,000",2 to 4,Policy Holder
No,Urban,61,"30,000 to 39,000",2 to 4,Policy Holder
No,Urban,45,"more than 69,000",1,Third Party
No,Urban,52,"more than 69,000",2 to 4,Third Party
No,Urban,43,"more than 69,000",1,Policy Holder
No,Rural,55,"less than 20,000",none,Policy Holder
No,Urban,46,"20,000 to 29,000",none,Policy Holder
No,Rural,53,"30,000 to 39,000",2 to 4,Policy Holder
No,Urban,31,"20,000 to 29,000",none,Policy Holder
No,Urban,44,"20,000 to 29,000",more than 4,Policy Holder
No,Urban,65,"40,000 to 59,000",1,Policy Holder
No,Urban,58,"more than 69,000",more than 4,Policy Holder
No,Urban,33,"20,000 to 29,000",2 to 4,Policy Holder
No,Urban,41,"less than 20,000",none,Third Party
No,Urban,0,"more than 69,000",none,Policy Holder
No,Urban,27,"more than 69,000",none,Third Party
No,Urban,36,"40,000 to 59,000",2 to 4,Policy Holder
Yes,Urban,29,"30,000 to 39,000",2 to 4,Policy Holder
No,Urban,30,"20,000 to 29,000",2 to 4,Policy Holder
No,Urban,51,"20,000 to 29,000",more than 4,Policy Holder
No,Rural,40,"40,000 to 59,000",none,Policy Holder
No,Urban,35,"20,000 to 29,000",2 to 4,Policy Holder
No,Urban,34,"less than 20,000",none,Third Party
No,Urban,21,"20,000 to 29,000",2 to 4,Policy Holder
No,Urban,47,"more than 69,000",1,Policy Holder
No,Urban,55,"20,000 to 29,000",none,Third Party
No,Urban,51,"20,000 to 29,000",more than 4,Policy Holder
No,Urban,34,"20,000 to 29,000",none,Third Party
No,Urban,29,"20,000 to 29,000",2 to 4,Policy Holder
No,Urban,26,"20,000 to 29,000",more than 4,Third Party
No,Urban,42,"more than 69,000",1,Policy Holder
No,Urban,26,"20,000 to 29,000",1,Policy Holder
No,Urban,58,"20,000 to 29,000",2 to 4,Policy Holder
No,Urban,29,"20,000 to 29,000",none,Policy Holder
No,Urban,28,"30,000 to 39,000",1,Policy Holder
No,Urban,39,"less than 20,000",more than 4,Policy Holder
No,Urban,40,"40,000 to 59,000",2 to 4,Third Party
No,Rural,35,"30,000 to 39,000",1,Policy Holder
No,Urban,57,"less than 20,000",1,Policy Holder
No,Urban,29,"30,000 to 39,000",none,Policy Holder
Yes,Urban,38,"less than 20,000",none,Policy Holder
No,Urban,41,"20,000 to 29,000",none,Third Party
No,Urban,62,"30,000 to 39,000",none,Policy Holder
No,Urban,47,"less than 20,000",none,Policy Holder
No,Urban,54,"20,000 to 29,000",none,Third Party
No,Urban,44,"30,000 to 39,000",2 to 4,Policy Holder
No,Urban,62,"less than 20,000",none,Policy Holder
No,Rural,24,"30,000 to 39,000",more than 4,Policy Holder
No,Urban,30,"20,000 to 29,000",more than 4,Policy Holder
No,Rural,29,"20,000 to 29,000",2 to 4,Policy Holder
No,Urban,45,"more than 69,000",1,Third Party
No,Urban,26,"less than 20,000",2 to 4,Policy Holder
No,Urban,34,"30,000 to 39,000",1,Policy Holder
No,Urban,32,"less than 20,000",none,Policy Holder
Yes,Urban,53,"less than 20,000",none,Policy Holder
No,Urban,26,"20,000 to 29,000",2 to 4,Policy Holder
No,Urban,27,"30,000 to 39,000",2 to 4,Third Party
No,Urban,28,"20,000 to 29,000",none,Policy Holder
No,Urban,52,"more than 69,000",2 to 4,Policy Holder
No,Urban,41,"30,000 to 39,000",1,Policy Holder
No,Urban,37,"20,000 to 29,000",2 to 4,Policy Holder
No,Urban,0,"more than 69,000",more than 4,Policy Holder
No,Urban,59,"30,000 to 39,000",more than 4,Policy Holder
No,Urban,30,"20,000 to 29,000",none,Third Party
No,Urban,27,"more than 69,000",none,Policy Holder
No,Rural,30,"20,000 to 29,000",more than 4,Policy Holder
No,Urban,51,"less than 20,000",1,Third Party
Yes,Urban,24,"more than 69,000",none,Policy Holder
No,Urban,34,"20,000 to 29,000",2 to 4,Policy Holder
No,Urban,26,"20,000 to 29,000",none,Policy Holder
No,Rural,27,"20,000 to 29,000",none,Third Party
No,Urban,49,"more than 69,000",2 to 4,Policy Holder
No,Urban,33,"20,000 to 29,000",2 to 4,Policy Holder
No,Urban,27,"20,000 to 29,000",none,Policy Holder
No,Urban,75,"40,000 to 59,000",more than 4,Policy Holder
No,Urban,55,"20,000 to 29,000",1,Policy Holder
No,Urban,65,"less than 20,000",none,Policy Holder
No,Urban,56,"20,000 to 29,000",more than 4,Third Party
No,Rural,30,"30,000 to 39,000",more than 4,Policy Holder
No,Urban,55,"30,000 to 39,000",none,Third Party
No,Urban,46,"30,000 to 39,000",2 to 4,Policy Holder
No,Urban,25,"30,000 to 39,000",none,Policy Holder
No,Urban,32,"20,000 to 29,000",2 to 4,Policy Holder
No,Urban,29,"20,000 to 29,000",more than 4,Policy Holder
No,Rural,61,"30,000 to 39,000",none,Policy Holder
No,Urban,46,"more than 69,000",2 to 4,Third Party
No,Urban,40,"20,000 to 29,000",1,Policy Holder
No,Urban,52,"less than 20,000",none,Policy Holder
No,Urban,51,"40,000 to 59,000",1,Policy Holder
No,Urban,55,"30,000 to 39,000",more than 4,Third Party
No,Urban,41,"40,000 to 59,000",2 to 4,Policy Holder
No,Urban,34,"less than 20,000",1,Policy Holder
No,Urban,20,"less than 20,000",1,Policy Holder
No,Urban,37,"more than 69,000",2 to 4,Policy Holder
No,Urban,41,"20,000 to 29,000",2 to 4,Policy Holder
No,Urban,45,"more than 69,000",1,Third Party
Yes,Urban,34,"20,000 to 29,000",more than 4,Policy Holder
No,Urban,62,"60,000 to 69,000",2 to 4,Third Party
Yes,Rural,53,"20,000 to 29,000",1,Policy Holder
No,Urban,36,"20,000 to 29,000",2 to 4,Policy Holder
No,Urban,50,"20,000 to 29,000",1,Policy Holder
No,Urban,33,"20,000 to 29,000",none,Third Party
No,Rural,32,"20,000 to 29,000",2 to 4,Policy Holder
No,Rural,32,"20,000 to 29,000",more than 4,Third Party
No,Urban,29,"20,000 to 29,000",1,Policy Holder
No,Urban,41,"30,000 to 39,000",2 to 4,Policy Holder
Yes,Urban,32,"20,000 to 29,000",2 to 4,Policy Holder
No,Urban,33,"30,000 to 39,000",none,Third Party
No,Urban,26,"40,000 to 59,000",more than 4,Policy Holder
No,Urban,32,"20,000 to 29,000",2 to 4,Policy Holder
No,Urban,34,"more than 69,000",2 to 4,Policy Holder
No,Urban,27,"20,000 to 29,000",2 to 4,Policy Holder
No,Urban,73,"more than 69,000",more than 4,Policy Holder
No,Urban,53,"30,000 to 39,000",2 to 4,Policy Holder
No,Rural,76,"20,000 to 29,000",none,Policy Holder
No,Urban,26,"more than 69,000",none,Policy Holder
No,Urban,35,"20,000 to 29,000",more than 4,Policy Holder
No,Urban,65,"20,000 to 29,000",2 to 4,Policy Holder
No,Urban,35,"more than 69,000",2 to 4,Policy Holder
No,Urban,37,"40,000 to 59,000",2 to 4,Policy Holder
No,Urban,29,"30,000 to 39,000",2 to 4,Policy Holder
Yes,Urban,18,"20,000 to 29,000",none,Policy Holder
No,Urban,32,"30,000 to 39,000",more than 4,Policy Holder
No,Urban,54,"20,000 to 29,000",1,Policy Holder
No,Urban,41,"30,000 to 39,000",2 to 4,Policy Holder
No,Urban,26,"20,000 to 29,000",more than 4,Policy Holder
No,Urban,57,"20,000 to 29,000",1,Policy Holder
No,Urban,65,"20,000 to 29,000",2 to 4,Policy Holder
No,Urban,22,"30,000 to 39,000",none,Policy Holder
Yes,Urban,23,"more than 69,000",1,Policy Holder
No,Urban,42,"30,000 to 39,000",2 to 4,Policy Holder
No,Urban,0,"more than 69,000",2 to 4,Policy Holder
No,Urban,46,"20,000 to 29,000",none,Policy Holder
No,Urban,38,"more than 69,000",more than 4,Policy Holder
No,Urban,34,"more than 69,000",more than 4,Policy Holder
No,Urban,30,"20,000 to 29,000",2 to 4,Policy Holder
No,Urban,33,"20,000 to 29,000",2 to 4,Third Party
No,Urban,41,"20,000 to 29,000",more than 4,Third Party
Yes,Urban,29,"30,000 to 39,000",1,Policy Holder
No,Urban,63,"more than 69,000",1,Third Party
No,Urban,37,"20,000 to 29,000",1,Policy Holder
No,Urban,36,"20,000 to 29,000",2 to 4,Policy Holder
No,Urban,39,"30,000 to 39,000",more than 4,Policy Holder
No,Urban,29,"30,000 to 39,000",none,Policy Holder
No,Urban,41,"30,000 to 39,000",2 to 4,Policy Holder
No,Urban,44,"20,000 to 29,000",none,Third Party
No,Urban,52,"30,000 to 39,000",none,Policy Holder
No,Urban,36,"20,000 to 29,000",none,Third Party
No,Urban,29,"20,000 to 29,000",2 to 4,Policy Holder
No,Urban,32,"20,000 to 29,000",none,Third Party
No,Urban,50,"more than 69,000",none,Third Party
No,Urban,64,"60,000 to 69,000",more than 4,Policy Holder
Yes,Rural,36,"30,000 to 39,000",2 to 4,Policy Holder
No,Urban,27,"20,000 to 29,000",1,Policy Holder
Yes,Urban,40,"20,000 to 29,000",none,Policy Holder
No,Urban,29,"20,000 to 29,000",2 to 4,Policy Holder
No,Urban,50,"20,000 to 29,000",1,Policy Holder
No,Urban,61,"less than 20,000",none,Policy Holder
No,Urban,45,"20,000 to 29,000",more than 4,Policy Holder
No,Urban,41,"more than 69,000",1,Third Party
No,Urban,63,"20,000 to 29,000",1,Policy Holder
No,Urban,0,"more than 69,000",2 to 4,Policy Holder
Yes,Urban,31,"20,000 to 29,000",more than 4,Policy Holder
No,Urban,53,"30,000 to 39,000",none,Third Party
No,Rural,53,"30,000 to 39,000",2 to 4,Policy Holder
No,Urban,55,"40,000 to 59,000",2 to 4,Policy Holder
No,Rural,0,"more than 69,000",none,Policy Holder
No,Urban,0,"more than 69,000",none,Policy Holder
No,Urban,29,"20,000 to 29,000",none,Policy Holder
Yes,Urban,31,"less than 20,000",none,Third Party
No,Urban,37,"30,000 to 39,000",none,Policy Holder
No,Urban,26,"20,000 to 29,000",more than 4,Policy Holder
No,Urban,26,"20,000 to 29,000",2 to 4,Policy Holder
No,Rural,55,"20,000 to 29,000",none,Policy Holder
No,Rural,31,"20,000 to 29,000",1,Third Party
No,Urban,40,"20,000 to 29,000",more than 4,Policy Holder
No,Urban,44,"20,000 to 29,000",2 to 4,Policy Holder
No,Urban,36,"20,000 to 29,000",2 to 4,Third Party
No,Urban,26,"20,000 to 29,000",2 to 4,Policy Holder
No,Urban,33,"20,000 to 29,000",2 to 4,Policy Holder
Yes,Rural,43,"30,000 to 39,000",1,Policy Holder
No,Urban,53,"30,000 to 39,000",2 to 4,Policy Holder
No,Rural,34,"20,000 to 29,000",none,Policy Holder
No,Urban,26,"less than 20,000",1,Third Party
No,Urban,62,"more than 69,000",none,Policy Holder
Yes,Urban,46,"20,000 to 29,000",none,Policy Holder
No,Urban,35,"30,000 to 39,000",more than 4,Policy Holder
No,Urban,69,"20,000 to 29,000",2 to 4,Third Party
No,Urban,28,"30,000 to 39,000",2 to 4,Policy Holder
No,Urban,31,"30,000 to 39,000",2 to 4,Policy Holder
No,Urban,33,"20,000 to 29,000",2 to 4,Policy Holder
No,Urban,48,"30,000 to 39,000",1,Policy Holder
No,Urban,61,"30,000 to 39,000",none,Policy Holder
No,Urban,30,"20,000 to 29,000",none,Policy Holder
No,Urban,37,"20,000 to 29,000",2 to 4,Third Party
No,Urban,37,"20,000 to 29,000",none,Third Party
No,Urban,29,"20,000 to 29,000",none,Third Party
No,Urban,28,"30,000 to 39,000",1,Third Party
No,Urban,39,"30,000 to 39,000",2 to 4,Policy Holder
No,Urban,34,"20,000 to 29,000",none,Policy Holder
No,Urban,63,"30,000 to 39,000",2 to 4,Policy Holder
No,Urban,43,"30,000 to 39,000",none,Policy Holder
No,Urban,58,"20,000 to 29,000",more than 4,Policy Holder
No,Urban,29,"20,000 to 29,000",2 to 4,Policy Holder
No,Urban,34,"20,000 to 29,000",2 to 4,Policy Holder
No,Urban,58,"20,000 to 29,000",2 to 4,Third Party
No,Urban,51,"20,000 to 29,000",none,Policy Holder
No,Urban,42,"20,000 to 29,000",none,Third Party
No,Urban,35,"60,000 to 69,000",none,Policy Holder
No,Rural,21,"more than 69,000",2 to 4,Policy Holder
No,Urban,37,"20,000 to 29,000",1,Third Party
No,Urban,29,"20,000 to 29,000",more than 4,Policy Holder
No,Urban,32,"20,000 to 29,000",2 to 4,Policy Holder
No,Urban,25,"30,000 to 39,000",2 to 4,Policy Holder
No,Urban,34,"30,000 to 39,000",1,Third Party
No,Urban,38,"more than 69,000",none,Policy Holder
No,Urban,41,"20,000 to 29,000",none,Policy Holder
No,Rural,43,"less than 20,000",1,Policy Holder
No,Urban,49,"20,000 to 29,000",2 to 4,Policy Holder
No,Urban,26,"30,000 to 39,000",none,Policy Holder
No,Urban,38,"20,000 to 29,000",none,Policy Holder
No,Urban,52,"30,000 to 39,000",none,Third Party
No,Urban,47,"30,000 to 39,000",more than 4,Policy Holder
No,Rural,29,"20,000 to 29,000",2 to 4,Policy Holder
No,Urban,64,"more than 69,000",1,Policy Holder
No,Urban,25,"20,000 to 29,000",1,Third Party
No,Urban,29,"20,000 to 29,000",none,Third Party
No,Urban,27,"30,000 to 39,000",none,Third Party
No,Urban,44,"20,000 to 29,000",none,Policy Holder
No,Urban,39,"30,000 to 39,000",none,Policy Holder
No,Urban,30,"20,000 to 29,000",2 to 4,Policy Holder
No,Urban,28,"20,000 to 29,000",none,Third Party
No,Urban,39,"20,000 to 29,000",2 to 4,Policy Holder
No,Urban,26,"20,000 to 29,000",2 to 4,Third Party
No,Urban,31,"more than 69,000",1,Policy Holder
No,Urban,26,"less than 20,000",none,Policy Holder
No,Urban,0,"more than 69,000",2 to 4,Policy Holder
No,Urban,36,"less than 20,000",none,Policy Holder
No,Urban,33,"20,000 to 29,000",none,Policy Holder
No,Urban,37,"20,000 to 29,000",2 to 4,Third Party
No,Urban,0,"more than 69,000",2 to 4,Policy Holder
No,Urban,44,"20,000 to 29,000",more than 4,Policy Holder
No,Urban,31,"20,000 to 29,000",2 to 4,Third Party
No,Rural,27,"30,000 to 39,000",none,Third Party
No,Urban,44,"20,000 to 29,000",2 to 4,Policy Holder
No,Urban,34,"20,000 to 29,000",more than 4,Policy Holder
No,Urban,26,"20,000 to 29,000",2 to 4,Policy Holder
No,Urban,31,"20,000 to 29,000",more than 4,Policy Holder
No,Urban,29,"less than 20,000",2 to 4,Policy Holder
No,Urban,32,"20,000 to 29,000",1,Third Party
No,Urban,27,"30,000 to 39,000",more than 4,Third Party
No,Urban,24,"30,000 to 39,000",none,Third Party
Yes,Rural,61,"20,000 to 29,000",none,Policy Holder
No,Urban,27,"more than 69,000",2 to 4,Policy Holder
No,Urban,69,"more than 69,000",none,Third Party
No,Urban,32,"60,000 to 69,000",1,Third Party
No,Urban,26,"20,000 to 29,000",none,Policy Holder
No,Urban,28,"30,000 to 39,000",2 to 4,Policy Holder
No,Urban,42,"20,000 to 29,000",more than 4,Third Party
No,Urban,63,"20,000 to 29,000",2 to 4,Policy Holder
No,Urban,50,"less than 20,000",1,Policy Holder
No,Urban,0,"more than 69,000",2 to 4,Policy Holder
No,Urban,27,"more than 69,000",2 to 4,Third Party
No,Urban,34,"20,000 to 29,000",2 to 4,Third Party
No,Urban,73,"20,000 to 29,000",none,Third Party
No,Urban,43,"20,000 to 29,000",more than 4,Third Party
No,Urban,61,"30,000 to 39,000",none,Policy Holder
No,Urban,60,"20,000 to 29,000",2 to 4,Policy Holder
Yes,Urban,30,"more than 69,000",none,Policy Holder
No,Urban,51,"less than 20,000",more than 4,Third Party
No,Urban,45,"20,000 to 29,000",none,Third Party
No,Urban,49,"20,000 to 29,000",1,Third Party
No,Urban,54,"20,000 to 29,000",2 to 4,Third Party
No,Urban,30,"20,000 to 29,000",none,Policy Holder
No,Urban,39,"30,000 to 39,000",none,Third Party
No,Urban,62,"20,000 to 29,000",none,Policy Holder
No,Urban,56,"30,000 to 39,000",none,Third Party
No,Urban,62,"less than 20,000",1,Policy Holder
No,Urban,35,"20,000 to 29,000",none,Policy Holder
No,Urban,21,"30,000 to 39,000",none,Policy Holder
No,Urban,47,"30,000 to 39,000",none,Policy Holder
No,Urban,49,"30,000 to 39,000",1,Policy Holder
No,Urban,34,"20,000 to 29,000",2 to 4,Policy Holder
No,Rural,54,"20,000 to 29,000",2 to 4,Policy Holder
No,Rural,61,"20,000 to 29,000",2 to 4,Policy Holder
No,Urban,31,"less than 20,000",none,Policy Holder
No,Urban,66,"30,000 to 39,000",more than 4,Policy Holder
No,Urban,43,"20,000 to 29,000",2 to 4,Third Party
No,Urban,32,"20,000 to 29,000",more than 4,Third Party
No,Urban,22,"20,000 to 29,000",none,Policy Holder
No,Urban,45,"more than 69,000",1,Policy Holder
No,Urban,65,"30,000 to 39,000",none,Policy Holder
No,Urban,36,"20,000 to 29,000",2 to 4,Policy Holder
No,Urban,50,"20,000 to 29,000",2 to 4,Third Party
No,Urban,45,"30,000 to 39,000",2 to 4,Policy Holder
No,Urban,33,"20,000 to 29,000",none,Third Party
No,Rural,26,"less than 20,000",2 to 4,Policy Holder
No,Urban,78,"20,000 to 29,000",2 to 4,Policy Holder
No,Urban,38,"20,000 to 29,000",none,Policy Holder
No,Urban,40,"20,000 to 29,000",2 to 4,Policy Holder
No,Urban,48,"more than 69,000",none,Policy Holder
No,Urban,53,"20,000 to 29,000",none,Policy Holder
No,Urban,28,"more than 69,000",2 to 4,Policy Holder
No,Urban,44,"30,000 to 39,000",none,Policy Holder
No,Urban,44,"30,000 to 39,000",1,Policy Holder
No,Urban,61,"20,000 to 29,000",2 to 4,Policy Holder
No,Urban,43,"30,000 to 39,000",2 to 4,Third Party
No,Urban,43,"30,000 to 39,000",none,Third Party
No,Rural,63,"20,000 to 29,000",1,Policy Holder
No,Urban,46,"20,000 to 29,000",1,Policy Holder
No,Urban,50,"20,000 to 29,000",none,Policy Holder
No,Urban,46,"30,000 to 39,000",2 to 4,Policy Holder
No,Urban,61,"20,000 to 29,000",1,Policy Holder
No,Urban,55,"20,000 to 29,000",2 to 4,Policy Holder
No,Urban,32,"20,000 to 29,000",2 to 4,Policy Holder
No,Urban,30,"20,000 to 29,000",2 to 4,Policy Holder
No,Urban,28,"30,000 to 39,000",1,Third Party
No,Urban,56,"20,000 to 29,000",2 to 4,Policy Holder
No,Urban,78,"less than 20,000",1,Third Party
No,Urban,23,"20,000 to 29,000",2 to 4,Third Party
No,Urban,78,"more than 69,000",1,Policy Holder
No,Urban,47,"more than 69,000",none,Policy Holder
No,Urban,65,"20,000 to 29,000",2 to 4,Third Party
No,Urban,54,"30,000 to 39,000",none,Policy Holder
No,Urban,27,"20,000 to 29,000",more than 4,Policy Holder
No,Urban,44,"30,000 to 39,000",1,Third Party
No,Urban,35,"20,000 to 29,000",more than 4,Third Party
No,Urban,41,"more than 69,000",none,Policy Holder
No,Urban,40,"20,000 to 29,000",2 to 4,Policy Holder
No,Urban,27,"40,000 to 59,000",none,Policy Holder
No,Urban,54,"20,000 to 29,000",2 to 4,Policy Holder
No,Urban,52,"30,000 to 39,000",none,Third Party
No,Urban,0,"more than 69,000",2 to 4,Policy Holder
Yes,Urban,24,"20,000 to 29,000",none,Policy Holder
No,Urban,30,"20,000 to 29,000",more than 4,Policy Holder
No,Urban,36,"less than 20,000",2 to 4,Policy Holder
No,Rural,30,"20,000 to 29,000",1,Third Party
No,Urban,29,"20,000 to 29,000",1,Policy Holder
No,Urban,34,"20,000 to 29,000",1,Third Party
No,Urban,43,"20,000 to 29,000",none,Policy Holder
No,Urban,75,"20,000 to 29,000",none,Policy Holder
No,Urban,63,"more than 69,000",none,Policy Holder
No,Urban,37,"20,000 to 29,000",2 to 4,Policy Holder
No,Urban,34,"20,000 to 29,000",none,Policy Holder
No,Urban,43,"30,000 to 39,000",none,Policy Holder
No,Urban,44,"30,000 to 39,000",1,Policy Holder
No,Urban,32,"20,000 to 29,000",1,Policy Holder
No,Urban,49,"20,000 to 29,000",none,Policy Holder
No,Urban,27,"40,000 to 59,000",none,Policy Holder
No,Urban,33,"20,000 to 29,000",none,Policy Holder
No,Urban,41,"20,000 to 29,000",1,Policy Holder
No,Urban,55,"more than 69,000",none,Third Party
No,Urban,29,"20,000 to 29,000",more than 4,Policy Holder
No,Urban,33,"30,000 to 39,000",more than 4,Policy Holder
No,Urban,25,"20,000 to 29,000",1,Third Party
No,Urban,35,"20,000 to 29,000",more than 4,Policy Holder
No,Urban,30,"more than 69,000",2 to 4,Policy Holder
No,Urban,44,"20,000 to 29,000",more than 4,Policy Holder
No,Urban,55,"30,000 to 39,000",none,Policy Holder
No,Urban,48,"20,000 to 29,000",none,Third Party
No,Urban,41,"more than 69,000",2 to 4,Third Party
No,Rural,56,"20,000 to 29,000",2 to 4,Policy Holder
No,Urban,48,"20,000 to 29,000",2 to 4,Policy Holder
No,Urban,55,"20,000 to 29,000",none,Policy Holder
No,Urban,50,"20,000 to 29,000",more than 4,Policy Holder
No,Urban,49,"more than 69,000",1,Policy Holder
No,Urban,41,"20,000 to 29,000",1,Policy Holder
No,Urban,52,"20,000 to 29,000",none,Third Party
No,Urban,60,"30,000 to 39,000",2 to 4,Third Party
No,Urban,32,"20,000 to 29,000",more than 4,Policy Holder
No,Urban,56,"20,000 to 29,000",none,Policy Holder
No,Urban,36,"30,000 to 39,000",1,Policy Holder
No,Urban,28,"30,000 to 39,000",more than 4,Policy Holder
No,Urban,33,"20,000 to 29,000",more than 4,Policy Holder
No,Urban,34,"20,000 to 29,000",2 to 4,Third Party
No,Urban,52,"20,000 to 29,000",2 to 4,Policy Holder
No,Urban,32,"20,000 to 29,000",2 to 4,Policy Holder
No,Urban,46,"20,000 to 29,000",1,Policy Holder
No,Urban,34,"20,000 to 29,000",2 to 4,Policy Holder
No,Urban,66,"20,000 to 29,000",1,Third Party
No,Urban,30,"more than 69,000",more than 4,Policy Holder
No,Urban,71,"less than 20,000",2 to 4,Policy Holder
No,Urban,37,"20,000 to 29,000",none,Third Party
No,Urban,32,"20,000 to 29,000",1,Policy Holder
No,Urban,26,"20,000 to 29,000",none,Third Party
No,Rural,0,"more than 69,000",none,Policy Holder
No,Urban,33,"20,000 to 29,000",1,Policy Holder
No,Urban,39,"30,000 to 39,000",1,Policy Holder
No,Urban,41,"20,000 to 29,000",none,Policy Holder
No,Urban,30,"30,000 to 39,000",none,Policy Holder
Yes,Urban,28,"20,000 to 29,000",none,Policy Holder
No,Urban,26,"20,000 to 29,000",none,Policy Holder
No,Urban,31,"20,000 to 29,000",none,Third Party
No,Urban,40,"20,000 to 29,000",2 to 4,Policy Holder
No,Urban,78,"30,000 to 39,000",none,Third Party
No,Urban,48,"more than 69,000",1,Policy Holder
No,Rural,33,"30,000 to 39,000",1,Third Party
No,Urban,51,"30,000 to 39,000",2 to 4,Policy Holder
No,Urban,33,"less than 20,000",none,Policy Holder
No,Urban,51,"20,000 to 29,000",2 to 4,Third Party
No,Rural,49,"20,000 to 29,000",1,Third Party
No,Urban,29,"more than 69,000",more than 4,Policy Holder
No,Urban,43,"20,000 to 29,000",none,Third Party
No,Rural,62,"more than 69,000",2 to 4,Third Party
Yes,Urban,31,"20,000 to 29,000",none,Policy Holder
No,Rural,27,"20,000 to 29,000",none,Policy Holder
No,Urban,26,"20,000 to 29,000",2 to 4,Policy Holder
No,Urban,45,"30,000 to 39,000",2 to 4,Policy Holder
No,Urban,51,"20,000 to 29,000",2 to 4,Policy Holder
No,Rural,35,"20,000 to 29,000",1,Third Party
No,Urban,50,"20,000 to 29,000",2 to 4,Policy Holder
No,Urban,31,"20,000 to 29,000",more than 4,Policy Holder
No,Rural,33,"30,000 to 39,000",none,Policy Holder
No,Urban,27,"30,000 to 39,000",2 to 4,Policy Holder
No,Urban,58,"20,000 to 29,000",none,Third Party
No,Urban,40,"30,000 to 39,000",2 to 4,Policy Holder
No,Urban,39,"30,000 to 39,000",1,Policy Holder
No,Urban,47,"20,000 to 29,000",2 to 4,Policy Holder
No,Urban,50,"20,000 to 29,000",none,Third Party
No,Urban,41,"more than 69,000",2 to 4,Policy Holder
No,Urban,29,"less than 20,000",1,Policy Holder
No,Urban,47,"20,000 to 29,000",more than 4,Third Party
No,Urban,28,"20,000 to 29,000",2 to 4,Policy Holder
No,Urban,48,"20,000 to 29,000",1,Third Party
No,Urban,40,"20,000 to 29,000",none,Policy Holder
No,Urban,28,"20,000 to 29,000",none,Policy Holder
No,Urban,32,"20,000 to 29,000",1,Policy Holder
No,Urban,29,"30,000 to 39,000",more than 4,Third Party
No,Urban,28,"more than 69,000",1,Policy Holder
No,Urban,58,"less than 20,000",2 to 4,Policy Holder
No,Urban,36,"20,000 to 29,000",2 to 4,Policy Holder
No,Urban,26,"20,000 to 29,000",2 to 4,Third Party
No,Urban,33,"20,000 to 29,000",more than 4,Policy Holder
No,Urban,57,"20,000 to 29,000",none,Policy Holder
No,Rural,34,"less than 20,000",none,Third Party
No,Urban,34,"20,000 to 29,000",2 to 4,Policy Holder
No,Urban,52,"20,000 to 29,000",2 to 4,Policy Holder
No,Urban,25,"less than 20,000",none,Third Party
No,Urban,43,"20,000 to 29,000",1,Policy Holder
No,Urban,55,"less than 20,000",2 to 4,Third Party
No,Urban,39,"40,000 to 59,000",none,Policy Holder
No,Urban,43,"30,000 to 39,000",2 to 4,Policy Holder
No,Urban,57,"20,000 to 29,000",more than 4,Policy Holder
No,Urban,46,"20,000 to 29,000",none,Policy Holder
No,Urban,40,"30,000 to 39,000",2 to 4,Policy Holder
No,Urban,52,"30,000 to 39,000",2 to 4,Third Party
No,Urban,40,"20,000 to 29,000",2 to 4,Third Party
No,Urban,41,"20,000 to 29,000",none,Policy Holder
No,Urban,50,"20,000 to 29,000",more than 4,Third Party
No,Urban,26,"20,000 to 29,000",1,Third Party
No,Rural,40,"30,000 to 39,000",2 to 4,Policy Holder
No,Urban,39,"20,000 to 29,000",more than 4,Policy Holder
No,Urban,34,"more than 69,000",1,Policy Holder
No,Urban,42,"20,000 to 29,000",none,Third Party
No,Urban,40,"less than 20,000",2 to 4,Policy Holder
No,Urban,45,"30,000 to 39,000",1,Policy Holder
No,Urban,34,"30,000 to 39,000",1,Policy Holder
No,Urban,49,"more than 69,000",more than 4,Policy Holder
Yes,Urban,26,"20,000 to 29,000",none,Policy Holder
Yes,Urban,41,"60,000 to 69,000",2 to 4,Policy Holder
No,Urban,42,"20,000 to 29,000",1,Third Party
No,Urban,41,"less than 20,000",none,Policy Holder
No,Urban,28,"30,000 to 39,000",1,Third Party
No,Urban,27,"20,000 to 29,000",none,Policy Holder
No,Urban,39,"20,000 to 29,000",none,Third Party
No,Urban,43,"30,000 to 39,000",1,Third Party
No,Urban,39,"20,000 to 29,000",1,Policy Holder
No,Rural,31,"20,000 to 29,000",2 to 4,Policy Holder
No,Urban,42,"20,000 to 29,000",2 to 4,Policy Holder
No,Urban,42,"20,000 to 29,000",2 to 4,Policy Holder
No,Urban,56,"20,000 to 29,000",1,Third Party
No,Urban,40,"20,000 to 29,000",1,Third Party
No,Urban,31,"20,000 to 29,000",2 to 4,Third Party
No,Urban,58,"less than 20,000",1,Policy Holder
No,Urban,0,"more than 69,000",none,Policy Holder
No,Urban,32,"20,000 to 29,000",more than 4,Policy Holder
No,Urban,44,"more than 69,000",more than 4,Policy Holder
No,Urban,36,"20,000 to 29,000",1,Third Party
No,Urban,27,"20,000 to 29,000",2 to 4,Policy Holder
No,Urban,46,"20,000 to 29,000",none,Third Party
No,Urban,52,"less than 20,000",1,Policy Holder
No,Urban,34,"20,000 to 29,000",none,Third Party
No,Urban,27,"40,000 to 59,000",2 to 4,Policy Holder
No,Urban,30,"30,000 to 39,000",2 to 4,Policy Holder
No,Urban,34,"30,000 to 39,000",none,Policy Holder
No,Urban,38,"20,000 to 29,000",2 to 4,Policy Holder
No,Urban,41,"40,000 to 59,000",more than 4,Policy Holder
No,Urban,49,"20,000 to 29,000",more than 4,Policy Holder
Yes,Rural,30,"20,000 to 29,000",none,Policy Holder
No,Urban,40,"less than 20,000",none,Policy Holder
No,Urban,49,"40,000 to 59,000",more than 4,Third Party
No,Urban,59,"30,000 to 39,000",none,Third Party
No,Urban,34,"30,000 to 39,000",2 to 4,Policy Holder
No,Urban,29,"20,000 to 29,000",none,Third Party
No,Urban,21,"30,000 to 39,000",2 to 4,Policy Holder
No,Urban,26,"20,000 to 29,000",2 to 4,Policy Holder
No,Urban,33,"20,000 to 29,000",2 to 4,Third Party
No,Urban,53,"20,000 to 29,000",none,Third Party
No,Urban,27,"20,000 to 29,000",1,Third Party
No,Urban,41,"20,000 to 29,000",none,Policy Holder
No,Rural,25,"20,000 to 29,000",2 to 4,Policy Holder
No,Urban,44,"20,000 to 29,000",1,Policy Holder
No,Urban,54,"20,000 to 29,000",none,Third Party
No,Urban,24,"20,000 to 29,000",1,Policy Holder
No,Urban,45,"20,000 to 29,000",1,Third Party
No,Urban,31,"20,000 to 29,000",more than 4,Third Party
No,Urban,54,"20,000 to 29,000",2 to 4,Policy Holder
No,Urban,38,"20,000 to 29,000",1,Policy Holder
No,Urban,38,"40,000 to 59,000",1,Policy Holder
No,Urban,29,"30,000 to 39,000",2 to 4,Policy Holder
No,Urban,34,"20,000 to 29,000",more than 4,Third Party
No,Urban,29,"20,000 to 29,000",none,Policy Holder
No,Urban,50,"30,000 to 39,000",2 to 4,Policy Holder
No,Urban,55,"30,000 to 39,000",none,Third Party
No,Urban,47,"less than 20,000",1,Policy Holder
No,Urban,47,"20,000 to 29,000",1,Third Party
No,Urban,51,"30,000 to 39,000",2 to 4,Policy Holder
No,Urban,52,"20,000 to 29,000",2 to 4,Third Party
No,Urban,34,"30,000 to 39,000",none,Policy Holder
No,Urban,42,"40,000 to 59,000",more than 4,Policy Holder
No,Urban,39,"more than 69,000",2 to 4,Policy Holder
No,Rural,0,"more than 69,000",2 to 4,Policy Holder
No,Urban,35,"20,000 to 29,000",2 to 4,Third Party
No,Urban,41,"20,000 to 29,000",1,Policy Holder
No,Urban,29,"20,000 to 29,000",none,Policy Holder
Yes,Urban,26,"20,000 to 29,000",none,Policy Holder
No,Urban,22,"30,000 to 39,000",more than 4,Policy Holder
No,Rural,52,"20,000 to 29,000",1,Policy Holder
No,Rural,57,"20,000 to 29,000",2 to 4,Policy Holder
No,Urban,32,"20,000 to 29,000",1,Policy Holder
No,Rural,27,"20,000 to 29,000",none,Third Party
No,Urban,42,"20,000 to 29,000",2 to 4,Third Party
No,Urban,64,"20,000 to 29,000",2 to 4,Policy Holder
No,Urban,38,"40,000 to 59,000",none,Policy Holder
No,Urban,32,"40,000 to 59,000",2 to 4,Policy Holder
No,Urban,41,"more than 69,000",2 to 4,Policy Holder
No,Urban,37,"20,000 to 29,000",2 to 4,Third Party
No,Urban,22,"20,000 to 29,000",none,Policy Holder
No,Urban,32,"20,000 to 29,000",more than 4,Policy Holder
No,Rural,65,"more than 69,000",1,Third Party
No,Rural,29,"20,000 to 29,000",1,Policy Holder
No,Urban,45,"20,000 to 29,000",2 to 4,Third Party
No,Rural,54,"20,000 to 29,000",2 to 4,Policy Holder
No,Urban,32,"20,000 to 29,000",more than 4,Third Party
No,Urban,51,"more than 69,000",2 to 4,Policy Holder
No,Urban,44,"30,000 to 39,000",2 to 4,Policy Holder
No,Urban,28,"20,000 to 29,000",1,Third Party
No,Rural,29,"20,000 to 29,000",more than 4,Third Party
No,Urban,35,"20,000 to 29,000",2 to 4,Policy Holder
No,Rural,49,"20,000 to 29,000",2 to 4,Policy Holder
No,Rural,0,"more than 69,000",more than 4,Policy Holder
No,Urban,27,"20,000 to 29,000",1,Third Party
No,Urban,35,"30,000 to 39,000",1,Third Party
No,Urban,46,"20,000 to 29,000",1,Policy Holder
No,Urban,28,"30,000 to 39,000",none,Third Party
No,Urban,55,"20,000 to 29,000",none,Third Party
No,Urban,46,"20,000 to 29,000",1,Third Party
No,Urban,30,"less than 20,000",1,Policy Holder
No,Urban,26,"20,000 to 29,000",2 to 4,Policy Holder
No,Urban,26,"more than 69,000",2 to 4,Policy Holder
No,Urban,76,"more than 69,000",2 to 4,Policy Holder
Yes,Urban,44,"30,000 to 39,000",2 to 4,Policy Holder
No,Urban,30,"20,000 to 29,000",2 to 4,Policy Holder
No,Urban,40,"40,000 to 59,000",none,Policy Holder
No,Urban,49,"20,000 to 29,000",2 to 4,Policy Holder
No,Rural,30,"30,000 to 39,000",more than 4,Policy Holder
No,Rural,29,"more than 69,000",none,Policy Holder
No,Urban,78,"20,000 to 29,000",2 to 4,Policy Holder
No,Urban,28,"20,000 to 29,000",2 to 4,Third Party
No,Urban,33,"20,000 to 29,000",none,Policy Holder
No,Urban,33,"20,000 to 29,000",2 to 4,Policy Holder
No,Urban,32,"20,000 to 29,000",2 to 4,Policy Holder
No,Urban,33,"less than 20,000",2 to 4,Policy Holder
No,Urban,37,"less than 20,000",2 to 4,Third Party
No,Urban,40,"20,000 to 29,000",2 to 4,Policy Holder
No,Urban,26,"30,000 to 39,000",2 to 4,Policy Holder
No,Urban,24,"20,000 to 29,000",2 to 4,Policy Holder
No,Urban,27,"20,000 to 29,000",more than 4,Policy Holder
No,Urban,48,"20,000 to 29,000",none,Policy Holder
No,Urban,51,"30,000 to 39,000",more than 4,Policy Holder
Yes,Urban,26,"20,000 to 29,000",none,Policy Holder
No,Urban,30,"20,000 to 29,000",1,Third Party
No,Urban,34,"30,000 to 39,000",none,Policy Holder
No,Urban,33,"20,000 to 29,000",more than 4,Policy Holder
No,Urban,35,"20,000 to 29,000",more than 4,Policy Holder
No,Urban,52,"20,000 to 29,000",2 to 4,Policy Holder
No,Urban,25,"30,000 to 39,000",1,Third Party
No,Urban,44,"less than 20,000",2 to 4,Policy Holder
No,Urban,64,"30,000 to 39,000",2 to 4,Policy Holder
No,Urban,49,"more than 69,000",more than 4,Policy Holder
No,Urban,38,"20,000 to 29,000",none,Policy Holder
No,Urban,65,"20,000 to 29,000",2 to 4,Policy Holder
No,Rural,29,"20,000 to 29,000",1,Third Party
No,Urban,40,"20,000 to 29,000",2 to 4,Third Party
Yes,Urban,32,"30,000 to 39,000",none,Policy Holder
No,Rural,61,"30,000 to 39,000",2 to 4,Policy Holder
No,Urban,56,"20,000 to 29,000",none,Policy Holder
No,Urban,40,"more than 69,000",2 to 4,Policy Holder
No,Urban,34,"20,000 to 29,000",none,Policy Holder
No,Urban,44,"20,000 to 29,000",2 to 4,Third Party
No,Urban,37,"more than 69,000",1,Third Party
No,Urban,61,"20,000 to 29,000",more than 4,Third Party
No,Urban,33,"30,000 to 39,000",none,Policy Holder
No,Urban,37,"30,000 to 39,000",1,Policy Holder
No,Urban,36,"30,000 to 39,000",2 to 4,Policy Holder
No,Urban,34,"20,000 to 29,000",2 to 4,Policy Holder
No,Urban,44,"20,000 to 29,000",1,Third Party
No,Urban,27,"20,000 to 29,000",2 to 4,Policy Holder
No,Urban,31,"20,000 to 29,000",2 to 4,Policy Holder
No,Urban,35,"20,000 to 29,000",1,Third Party
No,Urban,38,"20,000 to 29,000",2 to 4,Policy Holder
No,Urban,28,"20,000 to 29,000",1,Third Party
No,Urban,31,"20,000 to 29,000",none,Policy Holder
No,Urban,18,"20,000 to 29,000",2 to 4,Policy Holder
No,Rural,41,"20,000 to 29,000",1,Policy Holder
No,Urban,28,"20,000 to 29,000",2 to 4,Policy Holder
No,Urban,33,"20,000 to 29,000",2 to 4,Policy Holder
No,Urban,42,"40,000 to 59,000",more than 4,Third Party
No,Urban,53,"20,000 to 29,000",none,Third Party
No,Urban,30,"30,000 to 39,000",2 to 4,Policy Holder
No,Rural,23,"20,000 to 29,000",2 to 4,Policy Holder
No,Urban,50,"20,000 to 29,000",2 to 4,Policy Holder
No,Urban,53,"20,000 to 29,000",1,Policy Holder
No,Urban,44,"20,000 to 29,000",more than 4,Third Party
No,Urban,34,"more than 69,000",more than 4,Third Party
No,Urban,32,"20,000 to 29,000",2 to 4,Policy Holder
No,Urban,49,"20,000 to 29,000",2 to 4,Third Party
No,Urban,32,"20,000 to 29,000",1,Policy Holder
Yes,Urban,45,"20,000 to 29,000",none,Third Party
No,Urban,45,"20,000 to 29,000",1,Policy Holder
No,Urban,33,"20,000 to 29,000",more than 4,Policy Holder
No,Rural,57,"20,000 to 29,000",none,Policy Holder
No,Urban,36,"20,000 to 29,000",more than 4,Third Party
No,Urban,32,"20,000 to 29,000",none,Third Party
No,Rural,27,"20,000 to 29,000",2 to 4,Policy Holder
No,Rural,30,"30,000 to 39,000",2 to 4,Policy Holder
No,Urban,30,"20,000 to 29,000",2 to 4,Third Party
No,Urban,35,"20,000 to 29,000",more than 4,Third Party
No,Urban,28,"20,000 to 29,000",none,Third Party
No,Urban,30,"less than 20,000",1,Third Party
No,Urban,62,"30,000 to 39,000",none,Policy Holder
No,Urban,26,"20,000 to 29,000",none,Third Party
No,Urban,41,"40,000 to 59,000",none,Third Party
No,Urban,39,"20,000 to 29,000",1,Policy Holder
Yes,Urban,61,"more than 69,000",2 to 4,Policy Holder
No,Urban,43,"20,000 to 29,000",none,Policy Holder
No,Urban,27,"20,000 to 29,000",1,Policy Holder
No,Urban,29,"20,000 to 29,000",2 to 4,Policy Holder
Yes,Urban,66,"more than 69,000",none,Policy Holder
No,Urban,27,"20,000 to 29,000",1,Policy Holder
No,Urban,36,"30,000 to 39,000",none,Policy Holder
No,Urban,70,"60,000 to 69,000",2 to 4,Third Party
No,Urban,52,"30,000 to 39,000",none,Policy Holder
No,Urban,35,"less than 20,000",none,Policy Holder
No,Urban,26,"less than 20,000",1,Policy Holder
No,Rural,41,"20,000 to 29,000",none,Third Party
No,Urban,31,"20,000 to 29,000",more than 4,Policy Holder
No,Urban,42,"more than 69,000",2 to 4,Third Party
No,Urban,59,"20,000 to 29,000",2 to 4,Policy Holder
No,Urban,30,"20,000 to 29,000",2 to 4,Policy Holder
No,Urban,35,"30,000 to 39,000",2 to 4,Third Party
No,Urban,63,"20,000 to 29,000",1,Third Party
No,Urban,29,"20,000 to 29,000",2 to 4,Third Party
No,Urban,55,"20,000 to 29,000",2 to 4,Policy Holder
No,Rural,66,"30,000 to 39,000",none,Policy Holder
No,Urban,66,"40,000 to 59,000",2 to 4,Third Party
No,Urban,43,"20,000 to 29,000",1,Policy Holder
No,Urban,64,"20,000 to 29,000",1,Third Party
No,Urban,28,"30,000 to 39,000",2 to 4,Policy Holder
No,Urban,20,"more than 69,000",none,Third Party
Yes,Urban,38,"20,000 to 29,000",none,Policy Holder
No,Urban,50,"20,000 to 29,000",more than 4,Policy Holder
No,Urban,28,"40,000 to 59,000",1,Policy Holder
No,Rural,42,"less than 20,000",1,Policy Holder
No,Urban,52,"20,000 to 29,000",none,Third Party
No,Urban,40,"20,000 to 29,000",more than 4,Policy Holder
No,Urban,27,"20,000 to 29,000",none,Policy Holder
No,Urban,30,"20,000 to 29,000",2 to 4,Third Party
No,Urban,47,"20,000 to 29,000",more than 4,Policy Holder
No,Urban,65,"30,000 to 39,000",more than 4,Third Party
No,Urban,45,"20,000 to 29,000",2 to 4,Third Party
No,Urban,50,"20,000 to 29,000",none,Policy Holder
No,Rural,51,"20,000 to 29,000",none,Policy Holder
No,Urban,30,"20,000 to 29,000",more than 4,Third Party
No,Urban,48,"20,000 to 29,000",2 to 4,Policy Holder
No,Urban,41,"40,000 to 59,000",more than 4,Policy Holder
No,Urban,27,"20,000 to 29,000",none,Third Party
No,Urban,44,"30,000 to 39,000",more than 4,Policy Holder
No,Urban,45,"less than 20,000",2 to 4,Policy Holder
Yes,Urban,54,"30,000 to 39,000",2 to 4,Policy Holder
No,Urban,50,"30,000 to 39,000",2 to 4,Policy Holder
No,Urban,34,"20,000 to 29,000",1,Policy Holder
No,Urban,37,"less than 20,000",none,Policy Holder
No,Urban,55,"30,000 to 39,000",2 to 4,Policy Holder
Yes,Urban,68,"20,000 to 29,000",none,Policy Holder
No,Urban,49,"30,000 to 39,000",2 to 4,Third Party
No,Urban,31,"20,000 to 29,000",2 to 4,Policy Holder
No,Urban,44,"20,000 to 29,000",2 to 4,Policy Holder
Yes,Urban,28,"20,000 to 29,000",2 to 4,Policy Holder
No,Urban,31,"less than 20,000",none,Policy Holder
No,Urban,63,"20,000 to 29,000",1,Policy Holder
No,Urban,41,"20,000 to 29,000",none,Policy Holder
No,Urban,36,"30,000 to 39,000",2 to 4,Policy Holder
Yes,Urban,50,"more than 69,000",2 to 4,Policy Holder
No,Urban,43,"20,000 to 29,000",2 to 4,Policy Holder
No,Urban,34,"20,000 to 29,000",more than 4,Policy Holder
No,Rural,27,"20,000 to 29,000",2 to 4,Third Party
No,Urban,47,"20,000 to 29,000",2 to 4,Policy Holder
No,Urban,42,"20,000 to 29,000",2 to 4,Policy Holder
No,Urban,28,"30,000 to 39,000",2 to 4,Policy Holder
No,Urban,23,"20,000 to 29,000",2 to 4,Policy Holder
No,Urban,44,"20,000 to 29,000",2 to 4,Third Party
No,Urban,22,"20,000 to 29,000",2 to 4,Policy Holder
Yes,Urban,60,"less than 20,000",1,Policy Holder
No,Urban,34,"20,000 to 29,000",2 to 4,Third Party
No,Urban,26,"20,000 to 29,000",more than 4,Third Party
No,Urban,34,"20,000 to 29,000",2 to 4,Third Party
No,Rural,32,"30,000 to 39,000",more than 4,Third Party
No,Urban,39,"30,000 to 39,000",2 to 4,Policy Holder
No,Urban,33,"30,000 to 39,000",2 to 4,Third Party
No,Urban,59,"20,000 to 29,000",none,Third Party
No,Urban,39,"30,000 to 39,000",2 to 4,Policy Holder
No,Urban,66,"60,000 to 69,000",1,Policy Holder
No,Urban,35,"20,000 to 29,000",none,Third Party
No,Urban,45,"30,000 to 39,000",2 to 4,Policy Holder
No,Urban,34,"20,000 to 29,000",1,Policy Holder
Yes,Urban,26,"20,000 to 29,000",1,Policy Holder
No,Urban,48,"30,000 to 39,000",2 to 4,Policy Holder
No,Urban,54,"20,000 to 29,000",2 to 4,Policy Holder
No,Urban,37,"20,000 to 29,000",2 to 4,Third Party
No,Urban,28,"20,000 to 29,000",2 to 4,Policy Holder
No,Urban,55,"less than 20,000",none,Policy Holder
No,Urban,29,"20,000 to 29,000",1,Policy Holder
No,Urban,27,"20,000 to 29,000",2 to 4,Policy Holder
No,Urban,53,"30,000 to 39,000",1,Policy Holder
No,Urban,45,"20,000 to 29,000",more than 4,Policy Holder
No,Urban,26,"20,000 to 29,000",more than 4,Policy Holder
No,Urban,34,"20,000 to 29,000",2 to 4,Policy Holder
No,Urban,25,"30,000 to 39,000",more than 4,Policy Holder
No,Urban,52,"30,000 to 39,000",2 to 4,Policy Holder
No,Urban,45,"less than 20,000",1,Third Party
No,Urban,43,"20,000 to 29,000",2 to 4,Policy Holder
No,Urban,53,"more than 69,000",more than 4,Policy Holder
No,Rural,42,"20,000 to 29,000",1,Third Party
No,Urban,60,"20,000 to 29,000",2 to 4,Policy Holder
No,Urban,31,"20,000 to 29,000",none,Policy Holder
No,Urban,23,"20,000 to 29,000",2 to 4,Third Party
No,Urban,28,"more than 69,000",1,Third Party
No,Urban,44,"more than 69,000",2 to 4,Policy Holder
No,Urban,38,"30,000 to 39,000",2 to 4,Policy Holder
No,Rural,46,"20,000 to 29,000",2 to 4,Third Party
No,Rural,54,"30,000 to 39,000",more than 4,Policy Holder
No,Urban,53,"20,000 to 29,000",none,Policy Holder
No,Urban,52,"20,000 to 29,000",2 to 4,Policy Holder
No,Urban,27,"20,000 to 29,000",2 to 4,Third Party
No,Urban,64,"20,000 to 29,000",2 to 4,Third Party
No,Urban,54,"30,000 to 39,000",more than 4,Policy Holder
No,Urban,32,"20,000 to 29,000",2 to 4,Policy Holder
No,Urban,48,"30,000 to 39,000",2 to 4,Policy Holder
No,Urban,50,"more than 69,000",none,Third Party
No,Urban,32,"more than 69,000",more than 4,Policy Holder
No,Urban,43,"30,000 to 39,000",1,Policy Holder
No,Urban,30,"20,000 to 29,000",1,Policy Holder
No,Urban,42,"20,000 to 29,000",1,Third Party
Yes,Urban,24,"20,000 to 29,000",1,Policy Holder
No,Urban,35,"20,000 to 29,000",2 to 4,Policy Holder
No,Rural,45,"20,000 to 29,000",2 to 4,Policy Holder
No,Urban,37,"40,000 to 59,000",more than 4,Policy Holder
No,Urban,56,"more than 69,000",more than 4,Policy Holder
No,Urban,55,"40,000 to 59,000",2 to 4,Policy Holder
No,Urban,29,"20,000 to 29,000",2 to 4,Policy Holder
No,Urban,41,"30,000 to 39,000",2 to 4,Policy Holder
No,Urban,70,"more than 69,000",2 to 4,Policy Holder
No,Urban,30,"20,000 to 29,000",2 to 4,Policy Holder
No,Urban,45,"30,000 to 39,000",none,Third Party
No,Urban,40,"40,000 to 59,000",more than 4,Policy Holder
No,Urban,21,"20,000 to 29,000",1,Policy Holder
No,Urban,42,"20,000 to 29,000",more than 4,Policy Holder
No,Rural,29,"30,000 to 39,000",none,Policy Holder
No,Urban,52,"20,000 to 29,000",1,Policy Holder
No,Rural,27,"30,000 to 39,000",none,Policy Holder
No,Urban,33,"more than 69,000",2 to 4,Policy Holder
No,Urban,50,"20,000 to 29,000",none,Third Party
No,Urban,29,"20,000 to 29,000",more than 4,Third Party
No,Rural,31,"more than 69,000",none,Policy Holder
No,Urban,55,"20,000 to 29,000",none,Third Party
No,Urban,64,"30,000 to 39,000",1,Policy Holder
No,Urban,42,"20,000 to 29,000",1,Policy Holder
No,Urban,38,"40,000 to 59,000",1,Third Party
No,Urban,76,"20,000 to 29,000",none,Policy Holder
No,Urban,55,"30,000 to 39,000",2 to 4,Policy Holder
No,Urban,28,"less than 20,000",none,Third Party
No,Urban,42,"20,000 to 29,000",2 to 4,Policy Holder
No,Urban,40,"30,000 to 39,000",none,Policy Holder
No,Urban,59,"less than 20,000",2 to 4,Third Party
No,Urban,34,"20,000 to 29,000",2 to 4,Third Party
No,Urban,35,"30,000 to 39,000",2 to 4,Policy Holder
No,Urban,63,"more than 69,000",none,Policy Holder
No,Rural,30,"20,000 to 29,000",none,Policy Holder
No,Rural,38,"more than 69,000",more than 4,Third Party
No,Rural,47,"20,000 to 29,000",none,Third Party
No,Urban,28,"30,000 to 39,000",more than 4,Policy Holder
No,Urban,34,"20,000 to 29,000",more than 4,Policy Holder
No,Urban,54,"20,000 to 29,000",1,Third Party
No,Urban,45,"20,000 to 29,000",none,Policy Holder
No,Urban,73,"20,000 to 29,000",2 to 4,Policy Holder
No,Urban,62,"20,000 to 29,000",2 to 4,Third Party
No,Urban,35,"more than 69,000",more than 4,Policy Holder
No,Urban,40,"30,000 to 39,000",2 to 4,Policy Holder
No,Urban,51,"more than 69,000",1,Policy Holder
No,Urban,52,"20,000 to 29,000",none,Third Party
No,Urban,33,"20,000 to 29,000",more than 4,Third Party
No,Urban,33,"20,000 to 29,000",1,Third Party
No,Urban,64,"20,000 to 29,000",none,Third Party
No,Urban,34,"30,000 to 39,000",none,Third Party
No,Urban,55,"20,000 to 29,000",1,Policy Holder
No,Urban,51,"more than 69,000",2 to 4,Policy Holder
No,Urban,33,"30,000 to 39,000",2 to 4,Policy Holder
No,Urban,33,"20,000 to 29,000",2 to 4,Policy Holder
No,Urban,65,"more than 69,000",2 to 4,Policy Holder
No,Urban,40,"20,000 to 29,000",1,Policy Holder
No,Urban,36,"40,000 to 59,000",none,Third Party
No,Urban,31,"more than 69,000",1,Third Party
No,Urban,41,"30,000 to 39,000",1,Policy Holder
No,Rural,32,"20,000 to 29,000",none,Third Party
No,Urban,18,"20,000 to 29,000",more than 4,Policy Holder
No,Urban,0,"more than 69,000",none,Policy Holder
No,Urban,31,"20,000 to 29,000",none,Policy Holder
No,Urban,29,"20,000 to 29,000",1,Policy Holder
No,Urban,36,"30,000 to 39,000",2 to 4,Third Party
No,Urban,36,"30,000 to 39,000",2 to 4,Third Party
No,Urban,47,"20,000 to 29,000",none,Policy Holder
No,Urban,60,"less than 20,000",none,Third Party
No,Urban,53,"20,000 to 29,000",1,Policy Holder
No,Urban,37,"30,000 to 39,000",1,Third Party
No,Urban,26,"20,000 to 29,000",none,Policy Holder
No,Urban,50,"20,000 to 29,000",1,Third Party
No,Urban,77,"20,000 to 29,000",none,Policy Holder
No,Urban,32,"20,000 to 29,000",1,Policy Holder
No,Urban,31,"30,000 to 39,000",none,Third Party
No,Urban,27,"20,000 to 29,000",2 to 4,Policy Holder
No,Rural,53,"more than 69,000",2 to 4,Policy Holder
No,Urban,52,"20,000 to 29,000",1,Policy Holder
No,Urban,55,"more than 69,000",1,Third Party
No,Urban,37,"20,000 to 29,000",none,Third Party
No,Urban,0,"more than 69,000",more than 4,Policy Holder
No,Urban,33,"20,000 to 29,000",1,Policy Holder
No,Urban,49,"20,000 to 29,000",2 to 4,Third Party
No,Urban,45,"30,000 to 39,000",more than 4,Policy Holder
No,Urban,24,"20,000 to 29,000",more than 4,Third Party
No,Urban,31,"20,000 to 29,000",2 to 4,Policy Holder
No,Urban,30,"more than 69,000",more than 4,Policy Holder
No,Urban,36,"20,000 to 29,000",none,Policy Holder
No,Urban,36,"20,000 to 29,000",none,Third Party
No,Urban,26,"more than 69,000",more than 4,Third Party
No,Urban,51,"20,000 to 29,000",1,Third Party
No,Urban,54,"30,000 to 39,000",1,Policy Holder
No,Urban,0,"more than 69,000",more than 4,Third Party
No,Urban,52,"less than 20,000",none,Policy Holder
No,Urban,40,"less than 20,000",none,Third Party
No,Urban,49,"more than 69,000",2 to 4,Policy Holder
No,Urban,52,"20,000 to 29,000",none,Policy Holder
No,Urban,34,"30,000 to 39,000",1,Policy Holder
No,Urban,46,"20,000 to 29,000",none,Policy Holder
No,Urban,36,"20,000 to 29,000",2 to 4,Third Party
No,Urban,43,"20,000 to 29,000",1,Policy Holder
No,Urban,40,"more than 69,000",none,Policy Holder
No,Urban,50,"20,000 to 29,000",2 to 4,Third Party
No,Urban,35,"20,000 to 29,000",more than 4,Policy Holder
Yes,Urban,34,"20,000 to 29,000",1,Policy Holder
No,Urban,55,"less than 20,000",none,Policy Holder
No,Urban,64,"less than 20,000",none,Third Party
No,Urban,69,"more than 69,000",more than 4,Policy Holder
No,Urban,39,"more than 69,000",2 to 4,Policy Holder
No,Rural,24,"more than 69,000",none,Policy Holder
No,Urban,36,"20,000 to 29,000",2 to 4,Policy Holder
No,Urban,41,"more than 69,000",2 to 4,Policy Holder
No,Urban,44,"20,000 to 29,000",2 to 4,Policy Holder
No,Urban,54,"30,000 to 39,000",1,Policy Holder
No,Rural,26,"20,000 to 29,000",none,Policy Holder
No,Urban,43,"30,000 to 39,000",none,Third Party
No,Urban,36,"20,000 to 29,000",1,Policy Holder
No,Urban,77,"40,000 to 59,000",more than 4,Policy Holder
Yes,Urban,41,"less than 20,000",none,Third Party
No,Urban,47,"20,000 to 29,000",2 to 4,Policy Holder
No,Urban,49,"20,000 to 29,000",none,Third Party
No,Urban,33,"30,000 to 39,000",1,Policy Holder
No,Urban,37,"less than 20,000",1,Policy Holder
No,Rural,58,"30,000 to 39,000",1,Policy Holder
No,Urban,42,"20,000 to 29,000",2 to 4,Policy Holder
No,Urban,45,"30,000 to 39,000",none,Policy Holder
Yes,Urban,26,"30,000 to 39,000",2 to 4,Policy Holder
No,Urban,42,"30,000 to 39,000",none,Policy Holder
No,Urban,42,"30,000 to 39,000",1,Policy Holder
No,Urban,26,"20,000 to 29,000",1,Policy Holder
No,Urban,41,"20,000 to 29,000",1,Policy Holder
No,Urban,26,"20,000 to 29,000",1,Policy Holder
No,Urban,47,"less than 20,000",2 to 4,Policy Holder
No,Urban,48,"30,000 to 39,000",more than 4,Policy Holder
No,Urban,28,"less than 20,000",2 to 4,Third Party
No,Urban,24,"20,000 to 29,000",2 to 4,Policy Holder
No,Urban,46,"30,000 to 39,000",none,Policy Holder
No,Urban,34,"20,000 to 29,000",none,Third Party
No,Urban,24,"20,000 to 29,000",2 to 4,Policy Holder
No,Urban,31,"30,000 to 39,000",1,Third Party
No,Urban,27,"more than 69,000",none,Third Party
No,Urban,52,"20,000 to 29,000",none,Policy Holder
No,Urban,43,"30,000 to 39,000",1,Third Party
No,Urban,27,"20,000 to 29,000",2 to 4,Policy Holder
No,Urban,54,"more than 69,000",2 to 4,Policy Holder
No,Urban,43,"20,000 to 29,000",none,Policy Holder
No,Urban,26,"20,000 to 29,000",1,Third Party
No,Urban,59,"20,000 to 29,000",more than 4,Policy Holder
No,Urban,44,"20,000 to 29,000",1,Policy Holder
No,Urban,68,"more than 69,000",more than 4,Policy Holder
No,Urban,73,"20,000 to 29,000",2 to 4,Policy Holder
No,Urban,71,"20,000 to 29,000",none,Policy Holder
No,Urban,79,"20,000 to 29,000",none,Policy Holder
No,Urban,48,"more than 69,000",2 to 4,Policy Holder
No,Rural,22,"20,000 to 29,000",1,Policy Holder
No,Urban,29,"20,000 to 29,000",more than 4,Third Party
No,Urban,61,"20,000 to 29,000",1,Policy Holder
No,Rural,37,"more than 69,000",2 to 4,Policy Holder
No,Urban,56,"more than 69,000",2 to 4,Third Party
No,Urban,39,"more than 69,000",none,Third Party
No,Urban,21,"more than 69,000",none,Third Party
No,Urban,35,"20,000 to 29,000",1,Third Party
No,Rural,54,"more than 69,000",2 to 4,Policy Holder
Yes,Urban,46,"20,000 to 29,000",none,Policy Holder
No,Urban,33,"30,000 to 39,000",more than 4,Policy Holder
No,Urban,48,"40,000 to 59,000",1,Policy Holder
No,Urban,57,"30,000 to 39,000",2 to 4,Third Party
No,Urban,42,"20,000 to 29,000",more than 4,Policy Holder
No,Urban,44,"20,000 to 29,000",none,Policy Holder
No,Urban,57,"20,000 to 29,000",none,Third Party
No,Urban,21,"30,000 to 39,000",2 to 4,Third Party
No,Urban,71,"20,000 to 29,000",none,Policy Holder
No,Rural,35,"30,000 to 39,000",1,Third Party
No,Urban,45,"20,000 to 29,000",1,Policy Holder
No,Urban,39,"30,000 to 39,000",2 to 4,Third Party
No,Urban,42,"20,000 to 29,000",2 to 4,Policy Holder
No,Urban,39,"more than 69,000",1,Policy Holder
No,Urban,34,"20,000 to 29,000",2 to 4,Policy Holder
No,Urban,42,"30,000 to 39,000",2 to 4,Policy Holder
No,Urban,30,"30,000 to 39,000",none,Policy Holder
No,Urban,38,"30,000 to 39,000",none,Policy Holder
No,Rural,50,"20,000 to 29,000",none,Policy Holder
No,Urban,53,"less than 20,000",2 to 4,Third Party
No,Urban,37,"20,000 to 29,000",1,Policy Holder
No,Urban,27,"more than 69,000",more than 4,Policy Holder
No,Urban,50,"30,000 to 39,000",2 to 4,Policy Holder
Yes,Urban,27,"20,000 to 29,000",2 to 4,Policy Holder
No,Urban,44,"20,000 to 29,000",1,Policy Holder
No,Rural,40,"20,000 to 29,000",none,Third Party
No,Rural,39,"20,000 to 29,000",1,Third Party
No,Urban,43,"20,000 to 29,000",more than 4,Policy Holder
No,Urban,44,"20,000 to 29,000",2 to 4,Policy Holder
No,Urban,34,"20,000 to 29,000",1,Policy Holder
Yes,Urban,33,"20,000 to 29,000",none,Policy Holder
No,Urban,46,"30,000 to 39,000",more than 4,Third Party
No,Urban,34,"more than 69,000",none,Policy Holder
No,Urban,40,"less than 20,000",2 to 4,Policy Holder
No,Urban,0,"more than 69,000",more than 4,Policy Holder
No,Urban,32,"less than 20,000",none,Policy Holder
No,Urban,41,"20,000 to 29,000",2 to 4,Policy Holder
No,Urban,39,"30,000 to 39,000",2 to 4,Policy Holder
No,Urban,40,"20,000 to 29,000",more than 4,Policy Holder
No,Urban,39,"more than 69,000",none,Third Party
No,Urban,33,"20,000 to 29,000",1,Policy Holder
No,Urban,26,"20,000 to 29,000",2 to 4,Policy Holder
No,Urban,40,"40,000 to 59,000",none,Policy Holder
No,Urban,50,"20,000 to 29,000",more than 4,Policy Holder
No,Rural,62,"20,000 to 29,000",none,Policy Holder
No,Urban,31,"20,000 to 29,000",1,Policy Holder
No,Urban,67,"20,000 to 29,000",2 to 4,Policy Holder
No,Urban,0,"more than 69,000",none,Third Party
No,Urban,39,"20,000 to 29,000",2 to 4,Policy Holder
No,Urban,27,"20,000 to 29,000",2 to 4,Policy Holder
No,Urban,35,"30,000 to 39,000",2 to 4,Third Party
No,Urban,37,"20,000 to 29,000",none,Policy Holder
No,Urban,29,"20,000 to 29,000",2 to 4,Third Party
No,Urban,27,"20,000 to 29,000",more than 4,Policy Holder
No,Urban,39,"more than 69,000",2 to 4,Policy Holder
No,Urban,26,"20,000 to 29,000",1,Third Party
No,Urban,46,"20,000 to 29,000",none,Third Party
No,Urban,49,"20,000 to 29,000",2 to 4,Policy Holder
No,Urban,30,"20,000 to 29,000",1,Third Party
Yes,Urban,56,"20,000 to 29,000",none,Policy Holder
Yes,Urban,27,"20,000 to 29,000",none,Policy Holder
No,Urban,32,"60,000 to 69,000",none,Third Party
No,Urban,60,"20,000 to 29,000",more than 4,Policy Holder
Yes,Urban,51,"more than 69,000",none,Policy Holder
Yes,Urban,65,"20,000 to 29,000",more than 4,Policy Holder
No,Urban,31,"20,000 to 29,000",2 to 4,Third Party
No,Rural,42,"less than 20,000",1,Third Party
Yes,Urban,28,"30,000 to 39,000",more than 4,Policy Holder
No,Urban,40,"20,000 to 29,000",1,Policy Holder
No,Urban,58,"30,000 to 39,000",none,Third Party
Yes,Urban,35,"20,000 to 29,000",2 to 4,Policy Holder
No,Urban,30,"30,000 to 39,000",more than 4,Policy Holder
Yes,Rural,24,"20,000 to 29,000",more than 4,Policy Holder
No,Urban,34,"20,000 to 29,000",none,Third Party
Yes,Urban,21,"20,000 to 29,000",none,Policy Holder
